Rank,EntryId,EntryName,Points,Lineup
1,3739751813,peteg9699 (141/150),216.98,"QB C.J. Stroud (134747-129471), RB James Cook III (134747-91626), RB Kenneth Walker III (134747-103342), WR CeeDee Lamb (134747-86631), WR Nico Collins (134747-91419), WR Tee Higgins (134747-89981), TE T.J. Hockenson (134747-71706), RB Emanuel Wilson (134747-185861), D Miami Dolphins (134747-12539)"
2,3738160466,boo_radley5 (32/150),213.78,"QB C.J. Stroud (134747-129471), RB Kenneth Walker III (134747-103342), RB Rhamondre Stevenson (134747-111540), WR CeeDee Lamb (134747-86631), WR Nico Collins (134747-91419), WR Malik Nabers (134747-151761), TE Brock Bowers (134747-151794), RB Emanuel Wilson (134747-185861), D Tampa Bay Buccaneers (134747-12551)"
3,3739738963,jnoonan53 (1/1),212.78,"QB C.J. Stroud (134747-129471), RB Kenneth Walker III (134747-103342), RB Aaron Jones Sr. (134747-40442), WR Nico Collins (134747-91419), WR CeeDee Lamb (134747-86631), WR Zay Flowers (134747-112295), TE Isaiah Likely (134747-87260), RB Kyle Monangai (134747-144102), D Chicago Bears (134747-12527)"
4,3738736975,sploush (3/150),212.28,"QB C.J. Stroud (134747-129471), RB Jeremiyah Love (134747-188171), RB Emanuel Wilson (134747-185861), WR Nico Collins (134747-91419), WR Zay Flowers (134747-112295), WR CeeDee Lamb (134747-86631), TE T.J. Hockenson (134747-71706), RB Kenneth Walker III (134747-103342), D Arizona Cardinals (134747-12546)"
5,3739240437,yaboylux (8/150),211.28,"QB C.J. Stroud (134747-129471), RB Aaron Jones Sr. (134747-40442), RB Emanuel Wilson (134747-185861), WR Nico Collins (134747-91419), WR CeeDee Lamb (134747-86631), WR Jaylen Waddle (134747-90573), TE T.J. Hockenson (134747-71706), RB Kenneth Walker III (134747-103342), D Seattle Seahawks (134747-12550)"
6,3738424219,cowboyscordova (18/150),210.68,"QB C.J. Stroud (134747-129471), RB Aaron Jones Sr. (134747-40442), RB Emanuel Wilson (134747-185861), WR Nico Collins (134747-91419), WR Tee Higgins (134747-89981), WR Zay Flowers (134747-112295), TE Brock Bowers (134747-151794), RB Kenneth Walker III (134747-103342), D New York Giants (134747-12543)"
7,3739285968,munsonboy1 (35/150),210.28,"QB C.J. Stroud (134747-129471), RB Kenneth Walker III (134747-103342), RB Jeremiyah Love (134747-188171), WR CeeDee Lamb (134747-86631), WR Nico Collins (134747-91419), WR Zay Flowers (134747-112295), TE T.J. Hockenson (134747-71706), RB Emanuel Wilson (134747-185861), D Chicago Bears (134747-12527)"
8,3738110670,jlott330 (2/4),210.18,"QB C.J. Stroud (134747-129471), RB Kenneth Walker III (134747-103342), RB Kyren Williams (134747-104433), WR CeeDee Lamb (134747-86631), WR Nico Collins (134747-91419), WR Michael Wilson (134747-89612), TE Isaiah Likely (134747-87260), WR Romeo Doubs (134747-94370), D Arizona Cardinals (134747-12546)"
9,3739751604,peteg9699 (93/150),208.78,"QB C.J. Stroud (134747-129471), RB Cam Skattebo (134747-183240), RB Kenneth Walker III (134747-103342), WR CeeDee Lamb (134747-86631), WR Nico Collins (134747-91419), WR Tee Higgins (134747-89981), TE T.J. Hockenson (134747-71706), RB Emanuel Wilson (134747-185861), D Los Angeles Rams (134747-12538)"
10,3739762941,robbystehlin (122/150),207.88,"QB C.J. Stroud (134747-129471), RB Kenneth Walker III (134747-103342), RB Emanuel Wilson (134747-185861), WR CeeDee Lamb (134747-86631), WR Nico Collins (134747-91419), WR Matthew Golden (134747-166916), TE Brock Bowers (134747-151794), WR Carnell Tate (134747-183756), D Arizona Cardinals (134747-12546)"
11,3738223626,jsixxx (25/150),207.22,"QB Joe Burrow (134747-63336), RB Kenneth Walker III (134747-103342), RB Emanuel Wilson (134747-185861), WR Zay Flowers (134747-112295), WR CeeDee Lamb (134747-86631), WR Tee Higgins (134747-89981), TE Brenton Strange (134747-103587), RB Aaron Jones Sr. (134747-40442), D Chicago Bears (134747-12527)"
12,3738045098,chitown_ballers (2/3),207.18,"QB C.J. Stroud (134747-129471), RB Rhamondre Stevenson (134747-111540), RB Kyren Williams (134747-104433), WR Nico Collins (134747-91419), WR Michael Wilson (134747-89612), WR CeeDee Lamb (134747-86631), TE Brenton Strange (134747-103587), RB Kenneth Walker III (134747-103342), D Chicago Bears (134747-12527)"
13,3738707251,tamterrific (25/150),206.88,"QB C.J. Stroud (134747-129471), RB Aaron Jones Sr. (134747-40442), RB Emanuel Wilson (134747-185861), WR Nico Collins (134747-91419), WR Zay Flowers (134747-112295), WR CeeDee Lamb (134747-86631), TE Mark Andrews (134747-52436), RB Kenneth Walker III (134747-103342), D Los Angeles Rams (134747-12538)"
14,3737394170,weather1_99 (63/101),206.1,"QB Kirk Cousins (134747-22038), RB Kenneth Walker III (134747-103342), RB Emanuel Wilson (134747-185861), WR Michael Wilson (134747-89612), WR Nico Collins (134747-91419), WR CeeDee Lamb (134747-86631), TE Brock Bowers (134747-151794), RB Rhamondre Stevenson (134747-111540), D Chicago Bears (134747-12527)"
15,3737018764,davidarussellii (2/9),205.98,"QB C.J. Stroud (134747-129471), RB Aaron Jones Sr. (134747-40442), RB Kenneth Walker III (134747-103342), WR Nico Collins (134747-91419), WR Zay Flowers (134747-112295), WR Romeo Doubs (134747-94370), TE Brock Bowers (134747-151794), WR Tee Higgins (134747-89981), D New York Giants (134747-12543)"
15,3739735055,pete7863 (55/150),205.98,"QB C.J. Stroud (134747-129471), RB Aaron Jones Sr. (134747-40442), RB Kenneth Walker III (134747-103342), WR Nico Collins (134747-91419), WR CeeDee Lamb (134747-86631), WR Tee Higgins (134747-89981), TE Brock Bowers (134747-151794), WR Darius Cooper (134747-226859), D Chicago Bears (134747-12527)"
17,3739641768,dptdawg (143/150),205.72,"QB Brock Purdy (134747-85607), RB Rhamondre Stevenson (134747-111540), RB Kyren Williams (134747-104433), WR CeeDee Lamb (134747-86631), WR Tee Higgins (134747-89981), WR Nico Collins (134747-91419), TE T.J. Hockenson (134747-71706), WR Zay Flowers (134747-112295), D Las Vegas Raiders (134747-12537)"
18,3739450711,imheretogetmybag (121/150),205.46,"QB Drake Maye (134747-152316), RB Aaron Jones Sr. (134747-40442), RB Kenneth Walker III (134747-103342), WR CeeDee Lamb (134747-86631), WR Nico Collins (134747-91419), WR Zay Flowers (134747-112295), TE Hunter Henry (134747-40845), RB Emanuel Wilson (134747-185861), D New England Patriots (134747-12541)"
19,3739751827,peteg9699 (144/150),204.78,"QB C.J. Stroud (134747-129471), RB James Cook III (134747-91626), RB Kenneth Walker III (134747-103342), WR CeeDee Lamb (134747-86631), WR Nico Collins (134747-91419), WR Jaylen Waddle (134747-90573), TE T.J. Hockenson (134747-71706), RB Emanuel Wilson (134747-185861), D Tampa Bay Buccaneers (134747-12551)"
20,3739742443,rydaprince (35/78),204.7,"QB Dak Prescott (134747-31716), RB Jeremiyah Love (134747-188171), RB Kenneth Walker III (134747-103342), WR Nico Collins (134747-91419), WR Tee Higgins (134747-89981), WR CeeDee Lamb (134747-86631), TE T.J. Hockenson (134747-71706), RB Emanuel Wilson (134747-185861), D Chicago Bears (134747-12527)"
21,3737051693,gmen2900 (1/1),204.18,"QB C.J. Stroud (134747-129471), RB Kyren Williams (134747-104433), RB Kyle Monangai (134747-144102), WR Tee Higgins (134747-89981), WR Michael Wilson (134747-89612), WR CeeDee Lamb (134747-86631), TE Isaiah Likely (134747-87260), WR Zay Flowers (134747-112295), D Minnesota Vikings (134747-12540)"
22,3737612257,mxd333 (150/150),203.88,"QB C.J. Stroud (134747-129471), RB Aaron Jones Sr. (134747-40442), RB Kyren Williams (134747-104433), WR Nico Collins (134747-91419), WR Tee Higgins (134747-89981), WR Romeo Doubs (134747-94370), TE Brock Bowers (134747-151794), RB Kenneth Walker III (134747-103342), D New York Jets (134747-12544)"
23,3737200372,nrivera2001_irish (103/150),203.58,"QB C.J. Stroud (134747-129471), RB Braelon Allen (134747-158412), RB Kenneth Walker III (134747-103342), WR Nico Collins (134747-91419), WR Malik Nabers (134747-151761), WR CeeDee Lamb (134747-86631), TE Brock Bowers (134747-151794), RB Emanuel Wilson (134747-185861), D Cincinnati Bengals (134747-12528)"
24,3738234459,dasportsguru (29/150),203.18,"QB C.J. Stroud (134747-129471), RB Emanuel Wilson (134747-185861), RB Kenneth Walker III (134747-103342), WR Ryan Flournoy (134747-201233), WR Nico Collins (134747-91419), WR Zay Flowers (134747-112295), TE Brock Bowers (134747-151794), WR CeeDee Lamb (134747-86631), D Cincinnati Bengals (134747-12528)"
25,3738824304,scooternobeans (72/150),203.08,"QB C.J. Stroud (134747-129471), RB Kenneth Walker III (134747-103342), RB Aaron Jones Sr. (134747-40442), WR CeeDee Lamb (134747-86631), WR Nico Collins (134747-91419), WR Tee Higgins (134747-89981), TE T.J. Hockenson (134747-71706), RB Bhayshul Tuten (134747-160620), D Chicago Bears (134747-12527)"
26,3739126182,touchdowntitan987 (137/150),202.88,"QB C.J. Stroud (134747-129471), RB Emanuel Wilson (134747-185861), RB Kenneth Walker III (134747-103342), WR Jakobi Meyers (134747-63634), WR CeeDee Lamb (134747-86631), WR Nico Collins (134747-91419), TE T.J. Hockenson (134747-71706), TE Brock Bowers (134747-151794), D Minnesota Vikings (134747-12540)"
27,3736490121,bill3261 (52/150),202.72,"QB Joe Burrow (134747-63336), RB Kenneth Walker III (134747-103342), RB Kyren Williams (134747-104433), WR Nico Collins (134747-91419), WR Tee Higgins (134747-89981), WR Michael Wilson (134747-89612), TE T.J. Hockenson (134747-71706), TE George Kittle (134747-39793), D Tampa Bay Buccaneers (134747-12551)"
28,3738502338,hungryhungryhippies (68/150),202.48,"QB Kyler Murray (134747-63484), RB Kyren Williams (134747-104433), RB Bhayshul Tuten (134747-160620), WR Tee Higgins (134747-89981), WR CeeDee Lamb (134747-86631), WR Nico Collins (134747-91419), TE T.J. Hockenson (134747-71706), RB Emanuel Wilson (134747-185861), D Seattle Seahawks (134747-12550)"
29,3739751346,peteg9699 (34/150),201.78,"QB C.J. Stroud (134747-129471), RB Derrick Henry (134747-39280), RB Kenneth Walker III (134747-103342), WR CeeDee Lamb (134747-86631), WR Nico Collins (134747-91419), WR Luther Burden III (134747-166092), TE T.J. Hockenson (134747-71706), RB Emanuel Wilson (134747-185861), D Tampa Bay Buccaneers (134747-12551)"
30,3738985932,z0neblitz (146/150),201.68,"QB C.J. Stroud (134747-129471), RB Javonte Williams (134747-93541), RB Emanuel Wilson (134747-185861), WR Nico Collins (134747-91419), WR Zay Flowers (134747-112295), WR Matthew Golden (134747-166916), TE Brock Bowers (134747-151794), RB Kenneth Walker III (134747-103342), D Tampa Bay Buccaneers (134747-12551)"
31,3739548089,lloyd (82/150),201.48,"QB C.J. Stroud (134747-129471), RB Kenneth Walker III (134747-103342), RB Emanuel Wilson (134747-185861), WR Michael Wilson (134747-89612), WR Nico Collins (134747-91419), WR CeeDee Lamb (134747-86631), TE Brock Bowers (134747-151794), RB Aaron Jones Sr. (134747-40442), D Tampa Bay Buccaneers (134747-12551)"
31,3739548179,lloyd (83/150),201.48,"QB C.J. Stroud (134747-129471), RB Kenneth Walker III (134747-103342), RB Emanuel Wilson (134747-185861), WR Michael Wilson (134747-89612), WR Nico Collins (134747-91419), WR CeeDee Lamb (134747-86631), TE Brock Bowers (134747-151794), RB Aaron Jones Sr. (134747-40442), D Tampa Bay Buccaneers (134747-12551)"
31,3739548202,lloyd (84/150),201.48,"QB C.J. Stroud (134747-129471), RB Kenneth Walker III (134747-103342), RB Emanuel Wilson (134747-185861), WR Michael Wilson (134747-89612), WR Nico Collins (134747-91419), WR CeeDee Lamb (134747-86631), TE Brock Bowers (134747-151794), RB Aaron Jones Sr. (134747-40442), D Tampa Bay Buccaneers (134747-12551)"
31,3739548259,lloyd (86/150),201.48,"QB C.J. Stroud (134747-129471), RB Kenneth Walker III (134747-103342), RB Emanuel Wilson (134747-185861), WR Michael Wilson (134747-89612), WR Nico Collins (134747-91419), WR CeeDee Lamb (134747-86631), TE Brock Bowers (134747-151794), RB Aaron Jones Sr. (134747-40442), D Tampa Bay Buccaneers (134747-12551)"
31,3739548289,lloyd (87/150),201.48,"QB C.J. Stroud (134747-129471), RB Kenneth Walker III (134747-103342), RB Emanuel Wilson (134747-185861), WR Michael Wilson (134747-89612), WR Nico Collins (134747-91419), WR CeeDee Lamb (134747-86631), TE Brock Bowers (134747-151794), RB Aaron Jones Sr. (134747-40442), D Tampa Bay Buccaneers (134747-12551)"
31,3739548336,lloyd (89/150),201.48,"QB C.J. Stroud (134747-129471), RB Kenneth Walker III (134747-103342), RB Emanuel Wilson (134747-185861), WR Michael Wilson (134747-89612), WR Nico Collins (134747-91419), WR CeeDee Lamb (134747-86631), TE Brock Bowers (134747-151794), RB Aaron Jones Sr. (134747-40442), D Tampa Bay Buccaneers (134747-12551)"
31,3739548369,lloyd (90/150),201.48,"QB C.J. Stroud (134747-129471), RB Kenneth Walker III (134747-103342), RB Emanuel Wilson (134747-185861), WR Michael Wilson (134747-89612), WR Nico Collins (134747-91419), WR CeeDee Lamb (134747-86631), TE Brock Bowers (134747-151794), RB Aaron Jones Sr. (134747-40442), D Tampa Bay Buccaneers (134747-12551)"
31,3739548395,lloyd (91/150),201.48,"QB C.J. Stroud (134747-129471), RB Kenneth Walker III (134747-103342), RB Emanuel Wilson (134747-185861), WR Michael Wilson (134747-89612), WR Nico Collins (134747-91419), WR CeeDee Lamb (134747-86631), TE Brock Bowers (134747-151794), RB Aaron Jones Sr. (134747-40442), D Tampa Bay Buccaneers (134747-12551)"
31,3739548441,lloyd (92/150),201.48,"QB C.J. Stroud (134747-129471), RB Kenneth Walker III (134747-103342), RB Emanuel Wilson (134747-185861), WR Michael Wilson (134747-89612), WR Nico Collins (134747-91419), WR CeeDee Lamb (134747-86631), TE Brock Bowers (134747-151794), RB Aaron Jones Sr. (134747-40442), D Tampa Bay Buccaneers (134747-12551)"
31,3739548475,lloyd (93/150),201.48,"QB C.J. Stroud (134747-129471), RB Kenneth Walker III (134747-103342), RB Emanuel Wilson (134747-185861), WR Michael Wilson (134747-89612), WR Nico Collins (134747-91419), WR CeeDee Lamb (134747-86631), TE Brock Bowers (134747-151794), RB Aaron Jones Sr. (134747-40442), D Tampa Bay Buccaneers (134747-12551)"
31,3739548502,lloyd (94/150),201.48,"QB C.J. Stroud (134747-129471), RB Kenneth Walker III (134747-103342), RB Emanuel Wilson (134747-185861), WR Michael Wilson (134747-89612), WR Nico Collins (134747-91419), WR CeeDee Lamb (134747-86631), TE Brock Bowers (134747-151794), RB Aaron Jones Sr. (134747-40442), D Tampa Bay Buccaneers (134747-12551)"
31,3739548529,lloyd (95/150),201.48,"QB C.J. Stroud (134747-129471), RB Kenneth Walker III (134747-103342), RB Emanuel Wilson (134747-185861), WR Michael Wilson (134747-89612), WR Nico Collins (134747-91419), WR CeeDee Lamb (134747-86631), TE Brock Bowers (134747-151794), RB Aaron Jones Sr. (134747-40442), D Tampa Bay Buccaneers (134747-12551)"
31,3739548548,lloyd (96/150),201.48,"QB C.J. Stroud (134747-129471), RB Kenneth Walker III (134747-103342), RB Emanuel Wilson (134747-185861), WR Michael Wilson (134747-89612), WR Nico Collins (134747-91419), WR CeeDee Lamb (134747-86631), TE Brock Bowers (134747-151794), RB Aaron Jones Sr. (134747-40442), D Tampa Bay Buccaneers (134747-12551)"
31,3739548572,lloyd (97/150),201.48,"QB C.J. Stroud (134747-129471), RB Kenneth Walker III (134747-103342), RB Emanuel Wilson (134747-185861), WR Michael Wilson (134747-89612), WR Nico Collins (134747-91419), WR CeeDee Lamb (134747-86631), TE Brock Bowers (134747-151794), RB Aaron Jones Sr. (134747-40442), D Tampa Bay Buccaneers (134747-12551)"
31,3739548593,lloyd (98/150),201.48,"QB C.J. Stroud (134747-129471), RB Kenneth Walker III (134747-103342), RB Emanuel Wilson (134747-185861), WR Michael Wilson (134747-89612), WR Nico Collins (134747-91419), WR CeeDee Lamb (134747-86631), TE Brock Bowers (134747-151794), RB Aaron Jones Sr. (134747-40442), D Tampa Bay Buccaneers (134747-12551)"
31,3739548635,lloyd (100/150),201.48,"QB C.J. Stroud (134747-129471), RB Kenneth Walker III (134747-103342), RB Emanuel Wilson (134747-185861), WR Michael Wilson (134747-89612), WR Nico Collins (134747-91419), WR CeeDee Lamb (134747-86631), TE Brock Bowers (134747-151794), RB Aaron Jones Sr. (134747-40442), D Tampa Bay Buccaneers (134747-12551)"
31,3739548658,lloyd (101/150),201.48,"QB C.J. Stroud (134747-129471), RB Kenneth Walker III (134747-103342), RB Emanuel Wilson (134747-185861), WR Michael Wilson (134747-89612), WR Nico Collins (134747-91419), WR CeeDee Lamb (134747-86631), TE Brock Bowers (134747-151794), RB Aaron Jones Sr. (134747-40442), D Tampa Bay Buccaneers (134747-12551)"
48,3739126081,touchdowntitan987 (76/150),201.28,"QB C.J. Stroud (134747-129471), RB Kyren Williams (134747-104433), RB Kenneth Walker III (134747-103342), WR CeeDee Lamb (134747-86631), WR Ryan Flournoy (134747-201233), WR Nico Collins (134747-91419), TE Isaiah Likely (134747-87260), WR Tee Higgins (134747-89981), D Cincinnati Bengals (134747-12528)"
49,3738899147,mello07 (137/150),201.16,"QB Drake Maye (134747-152316), RB James Cook III (134747-91626), RB Kyren Williams (134747-104433), WR Romeo Doubs (134747-94370), WR Nico Collins (134747-91419), WR Jordan Addison (134747-129210), TE T.J. Hockenson (134747-71706), RB Kenneth Walker III (134747-103342), D New York Giants (134747-12543)"
50,3739158569,enator15 (117/150),201.1,"QB Kirk Cousins (134747-22038), RB Javonte Williams (134747-93541), RB Jeremiyah Love (134747-188171), WR Nico Collins (134747-91419), WR Zay Flowers (134747-112295), WR Tyquan Thornton (134747-89220), TE Brock Bowers (134747-151794), RB Kenneth Walker III (134747-103342), D Tampa Bay Buccaneers (134747-12551)"
51,3739334753,daily_big_kahuna (130/150),201.06,"QB Drake Maye (134747-152316), RB Kyren Williams (134747-104433), RB Javonte Williams (134747-93541), WR CeeDee Lamb (134747-86631), WR Matthew Golden (134747-166916), WR Romeo Doubs (134747-94370), TE Tyler Higbee (134747-47870), RB Kenneth Walker III (134747-103342), D Cincinnati Bengals (134747-12528)"
52,3737711154,frustratedfantasyplayer (1/1),200.88,"QB C.J. Stroud (134747-129471), RB Aaron Jones Sr. (134747-40442), RB Kenneth Walker III (134747-103342), WR Nico Collins (134747-91419), WR Michael Wilson (134747-89612), WR CeeDee Lamb (134747-86631), TE George Kittle (134747-39793), RB Emanuel Wilson (134747-185861), D Chicago Bears (134747-12527)"
53,3739835768,sactownking916 (133/149),200.28,"QB C.J. Stroud (134747-129471), RB Aaron Jones Sr. (134747-40442), RB Kenneth Walker III (134747-103342), WR Carnell Tate (134747-183756), WR Malik Nabers (134747-151761), WR CeeDee Lamb (134747-86631), TE T.J. Hockenson (134747-71706), TE Brock Bowers (134747-151794), D Minnesota Vikings (134747-12540)"
54,3738435505,sbud78 (142/150),200.12,"QB Joe Burrow (134747-63336), RB Emanuel Wilson (134747-185861), RB Kenneth Walker III (134747-103342), WR Nico Collins (134747-91419), WR Romeo Doubs (134747-94370), WR Matthew Golden (134747-166916), TE George Kittle (134747-39793), WR Tee Higgins (134747-89981), D Seattle Seahawks (134747-12550)"
55,3738194139,winstonsquad1968 (16/150),199.78,"QB C.J. Stroud (134747-129471), RB Cam Skattebo (134747-183240), RB Emanuel Wilson (134747-185861), WR Nico Collins (134747-91419), WR CeeDee Lamb (134747-86631), WR Christian Watson (134747-169776), TE T.J. Hockenson (134747-71706), RB Kenneth Walker III (134747-103342), D New York Giants (134747-12543)"
56,3739352009,destructiondealers101 (148/150),199.58,"QB C.J. Stroud (134747-129471), RB Kenneth Walker III (134747-103342), RB Kyren Williams (134747-104433), WR Carnell Tate (134747-183756), WR CeeDee Lamb (134747-86631), WR Nico Collins (134747-91419), TE Travis Kelce (134747-33076), RB Aaron Jones Sr. (134747-40442), D New York Jets (134747-12544)"
57,3739728831,gatedivisons (134/150),199.52,"QB Joe Burrow (134747-63336), RB Emanuel Wilson (134747-185861), RB Javonte Williams (134747-93541), WR Zay Flowers (134747-112295), WR CeeDee Lamb (134747-86631), WR Tee Higgins (134747-89981), TE Brock Bowers (134747-151794), TE Isaiah Likely (134747-87260), D Cincinnati Bengals (134747-12528)"
58,3738487767,oltjpack (116/150),199.08,"QB C.J. Stroud (134747-129471), RB Kenneth Walker III (134747-103342), RB Javonte Williams (134747-93541), WR Zay Flowers (134747-112295), WR CeeDee Lamb (134747-86631), WR Nico Collins (134747-91419), TE Mark Andrews (134747-52436), TE AJ Barner (134747-137953), D Chicago Bears (134747-12527)"
59,3739532381,pittbulldawg (53/150),198.98,"QB C.J. Stroud (134747-129471), RB Aaron Jones Sr. (134747-40442), RB Kenneth Walker III (134747-103342), WR CeeDee Lamb (134747-86631), WR Nico Collins (134747-91419), WR Tee Higgins (134747-89981), TE Dalton Schultz (134747-55042), RB Emanuel Wilson (134747-185861), D Chicago Bears (134747-12527)"
60,3736347120,no_chainz (35/150),198.88,"QB Lamar Jackson (134747-63115), RB Aaron Jones Sr. (134747-40442), RB Kyle Monangai (134747-144102), WR CeeDee Lamb (134747-86631), WR Nico Collins (134747-91419), WR Carnell Tate (134747-183756), TE Mark Andrews (134747-52436), RB Kenneth Walker III (134747-103342), D Cincinnati Bengals (134747-12528)"
61,3738911632,sst12 (4/4),198.8,"QB Kirk Cousins (134747-22038), RB Bucky Irving (134747-152664), RB Kyle Monangai (134747-144102), WR CeeDee Lamb (134747-86631), WR Nico Collins (134747-91419), WR Khalil Shakir (134747-86518), TE T.J. Hockenson (134747-71706), RB Kenneth Walker III (134747-103342), D Los Angeles Rams (134747-12538)"
62,3739494965,tweezer847 (50/150),198.08,"QB C.J. Stroud (134747-129471), RB Cam Skattebo (134747-183240), RB Aaron Jones Sr. (134747-40442), WR CeeDee Lamb (134747-86631), WR Nico Collins (134747-91419), WR Tee Higgins (134747-89981), TE T.J. Hockenson (134747-71706), RB Kenneth Walker III (134747-103342), D Tampa Bay Buccaneers (134747-12551)"
62,3737012769,upperslad (107/150),198.08,"QB C.J. Stroud (134747-129471), RB Aaron Jones Sr. (134747-40442), RB Emanuel Wilson (134747-185861), WR Matthew Golden (134747-166916), WR CeeDee Lamb (134747-86631), WR Nico Collins (134747-91419), TE George Kittle (134747-39793), RB Kenneth Walker III (134747-103342), D Chicago Bears (134747-12527)"
64,3737189951,zdm90 (118/149),197.8,"QB Jameis Winston (134747-24849), RB Kenneth Walker III (134747-103342), RB Kyren Williams (134747-104433), WR Zay Flowers (134747-112295), WR Michael Wilson (134747-89612), WR Nico Collins (134747-91419), TE Isaiah Likely (134747-87260), RB Kyle Monangai (134747-144102), D Kansas City Chiefs (134747-12536)"
65,3738672767,jan1c35 (1/2),197.48,"QB C.J. Stroud (134747-129471), RB Kenneth Walker III (134747-103342), RB Emanuel Wilson (134747-185861), WR Nico Collins (134747-91419), WR CeeDee Lamb (134747-86631), WR Romeo Doubs (134747-94370), TE Brock Bowers (134747-151794), TE Kenyon Sadiq (134747-184873), D Minnesota Vikings (134747-12540)"
66,3739189768,87pacer (19/141),197.3,"QB Patrick Mahomes (134747-57439), RB Kenneth Walker III (134747-103342), RB Aaron Jones Sr. (134747-40442), WR Carnell Tate (134747-183756), WR CeeDee Lamb (134747-86631), WR Nico Collins (134747-91419), TE T.J. Hockenson (134747-71706), TE Brock Bowers (134747-151794), D Chicago Bears (134747-12527)"
67,3739800300,dman27 (33/51),197.28,"QB C.J. Stroud (134747-129471), RB Javonte Williams (134747-93541), RB Aaron Jones Sr. (134747-40442), WR Michael Wilson (134747-89612), WR Nico Collins (134747-91419), WR CeeDee Lamb (134747-86631), TE Isaiah Likely (134747-87260), RB Kenneth Walker III (134747-103342), D Tampa Bay Buccaneers (134747-12551)"
67,3737378527,fmcnairy123 (71/150),197.28,"QB C.J. Stroud (134747-129471), RB Javonte Williams (134747-93541), RB Aaron Jones Sr. (134747-40442), WR Nico Collins (134747-91419), WR Michael Wilson (134747-89612), WR CeeDee Lamb (134747-86631), TE Isaiah Likely (134747-87260), RB Kenneth Walker III (134747-103342), D Tampa Bay Buccaneers (134747-12551)"
69,3739098005,scruffymcgruffy (9/150),196.98,"QB C.J. Stroud (134747-129471), RB Jeremiyah Love (134747-188171), RB Aaron Jones Sr. (134747-40442), WR CeeDee Lamb (134747-86631), WR Nico Collins (134747-91419), WR Tee Higgins (134747-89981), TE T.J. Hockenson (134747-71706), RB Kenneth Walker III (134747-103342), D Tampa Bay Buccaneers (134747-12551)"
69,3739532545,pittbulldawg (76/150),196.98,"QB C.J. Stroud (134747-129471), RB Aaron Jones Sr. (134747-40442), RB Kenneth Walker III (134747-103342), WR CeeDee Lamb (134747-86631), WR Nico Collins (134747-91419), WR Tee Higgins (134747-89981), TE Dalton Schultz (134747-55042), RB Emanuel Wilson (134747-185861), D Los Angeles Rams (134747-12538)"
71,3736381492,xbigtimberx (139/150),196.86,"QB Drake Maye (134747-152316), RB Aaron Jones Sr. (134747-40442), RB Kenneth Walker III (134747-103342), WR Tee Higgins (134747-89981), WR Nico Collins (134747-91419), WR CeeDee Lamb (134747-86631), TE Mark Andrews (134747-52436), TE George Kittle (134747-39793), D Miami Dolphins (134747-12539)"
72,3739730556,mrohrbach73 (3/150),196.68,"QB C.J. Stroud (134747-129471), RB Aaron Jones Sr. (134747-40442), RB Kenneth Walker III (134747-103342), WR CeeDee Lamb (134747-86631), WR Tee Higgins (134747-89981), WR Nico Collins (134747-91419), TE Isaiah Likely (134747-87260), TE George Kittle (134747-39793), D Chicago Bears (134747-12527)"
73,3738116417,twenty4sevenx (39/150),196.58,"QB C.J. Stroud (134747-129471), RB Aaron Jones Sr. (134747-40442), RB Kenneth Walker III (134747-103342), WR Matthew Golden (134747-166916), WR CeeDee Lamb (134747-86631), WR Nico Collins (134747-91419), TE T.J. Hockenson (134747-71706), TE Brock Bowers (134747-151794), D Chicago Bears (134747-12527)"
74,3739450592,imheretogetmybag (82/150),196.48,"QB Lamar Jackson (134747-63115), RB Javonte Williams (134747-93541), RB Braelon Allen (134747-158412), WR CeeDee Lamb (134747-86631), WR Nico Collins (134747-91419), WR Zay Flowers (134747-112295), TE T.J. Hockenson (134747-71706), RB Aaron Jones Sr. (134747-40442), D New York Giants (134747-12543)"
75,3738749414,ahedmendur (15/150),196.28,"QB C.J. Stroud (134747-129471), RB Aaron Jones Sr. (134747-40442), RB James Cook III (134747-91626), WR Nico Collins (134747-91419), WR Zay Flowers (134747-112295), WR Malik Nabers (134747-151761), TE T.J. Hockenson (134747-71706), RB Kenneth Walker III (134747-103342), D Chicago Bears (134747-12527)"
76,3738184544,meilli15 (3/3),196.18,"QB Lamar Jackson (134747-63115), RB Kenneth Walker III (134747-103342), RB Kyle Monangai (134747-144102), WR CeeDee Lamb (134747-86631), WR Michael Wilson (134747-89612), WR Tee Higgins (134747-89981), TE T.J. Hockenson (134747-71706), TE George Kittle (134747-39793), D Cincinnati Bengals (134747-12528)"
77,3739704404,rubenbauer (1/1),195.88,"QB C.J. Stroud (134747-129471), RB Kenneth Walker III (134747-103342), RB Bhayshul Tuten (134747-160620), WR Nico Collins (134747-91419), WR Zay Flowers (134747-112295), WR Malik Nabers (134747-151761), TE Tucker Kraft (134747-160303), RB Emanuel Wilson (134747-185861), D Arizona Cardinals (134747-12546)"
77,3738201510,slickpunn (94/150),195.88,"QB C.J. Stroud (134747-129471), RB Javonte Williams (134747-93541), RB Rhamondre Stevenson (134747-111540), WR Nico Collins (134747-91419), WR Zay Flowers (134747-112295), WR Michael Wilson (134747-89612), TE Brock Bowers (134747-151794), RB Kenneth Walker III (134747-103342), D Tampa Bay Buccaneers (134747-12551)"
79,3739638739,jesse2jacked (88/150),195.7,"QB Dak Prescott (134747-31716), RB Braelon Allen (134747-158412), RB Aaron Jones Sr. (134747-40442), WR CeeDee Lamb (134747-86631), WR Nico Collins (134747-91419), WR Tee Higgins (134747-89981), TE T.J. Hockenson (134747-71706), RB Kenneth Walker III (134747-103342), D Chicago Bears (134747-12527)"
79,3739639113,jesse2jacked (143/150),195.7,"QB Dak Prescott (134747-31716), RB Braelon Allen (134747-158412), RB Aaron Jones Sr. (134747-40442), WR CeeDee Lamb (134747-86631), WR Nico Collins (134747-91419), WR Tee Higgins (134747-89981), TE T.J. Hockenson (134747-71706), RB Kenneth Walker III (134747-103342), D Chicago Bears (134747-12527)"
81,3737387128,thevain714 (69/102),195.66,"QB Drake Maye (134747-152316), RB James Cook III (134747-91626), RB Javonte Williams (134747-93541), WR Tee Higgins (134747-89981), WR Romeo Doubs (134747-94370), WR Nico Collins (134747-91419), TE Hunter Henry (134747-40845), RB Kenneth Walker III (134747-103342), D Chicago Bears (134747-12527)"
82,3739830331,irblack (77/132),195.62,"QB Joe Burrow (134747-63336), RB Kenneth Walker III (134747-103342), RB Emanuel Wilson (134747-185861), WR Puka Nacua (134747-103020), WR Zay Flowers (134747-112295), WR Tee Higgins (134747-89981), TE Brenton Strange (134747-103587), RB Aaron Jones Sr. (134747-40442), D Miami Dolphins (134747-12539)"
83,3738934944,deathstar78 (1/1),195.58,"QB C.J. Stroud (134747-129471), RB Kyren Williams (134747-104433), RB Aaron Jones Sr. (134747-40442), WR Nico Collins (134747-91419), WR Tee Higgins (134747-89981), WR Malik Nabers (134747-151761), TE Travis Kelce (134747-33076), WR CeeDee Lamb (134747-86631), D Chicago Bears (134747-12527)"
84,3738826242,skinfloote22 (77/150),195.38,"QB C.J. Stroud (134747-129471), RB Aaron Jones Sr. (134747-40442), RB Chase Brown (134747-89493), WR CeeDee Lamb (134747-86631), WR Nico Collins (134747-91419), WR Michael Wilson (134747-89612), TE T.J. Hockenson (134747-71706), RB Kenneth Walker III (134747-103342), D Chicago Bears (134747-12527)"
85,3738128224,grantgoupil (38/150),195.28,"QB C.J. Stroud (134747-129471), RB Aaron Jones Sr. (134747-40442), RB James Cook III (134747-91626), WR Nico Collins (134747-91419), WR Zay Flowers (134747-112295), WR Tee Higgins (134747-89981), TE T.J. Hockenson (134747-71706), RB Kenneth Walker III (134747-103342), D Tampa Bay Buccaneers (134747-12551)"
86,3738783171,reynolds18 (116/150),195.08,"QB Lamar Jackson (134747-63115), RB Javonte Williams (134747-93541), RB Aaron Jones Sr. (134747-40442), WR Nico Collins (134747-91419), WR CeeDee Lamb (134747-86631), WR Zay Flowers (134747-112295), TE Mark Andrews (134747-52436), RB Emanuel Wilson (134747-185861), D Tampa Bay Buccaneers (134747-12551)"
87,3738164227,nraunaag (80/150),194.92,"QB Joe Burrow (134747-63336), RB Chase Brown (134747-89493), RB George Holani (134747-114231), WR CeeDee Lamb (134747-86631), WR Tee Higgins (134747-89981), WR Nico Collins (134747-91419), TE T.J. Hockenson (134747-71706), RB Kenneth Walker III (134747-103342), D Tampa Bay Buccaneers (134747-12551)"
88,3739525562,paincruaher (1/1),194.82,"QB Sam Darnold (134747-63589), RB Kyren Williams (134747-104433), RB Emanuel Wilson (134747-185861), WR Nico Collins (134747-91419), WR CeeDee Lamb (134747-86631), WR Tyquan Thornton (134747-89220), TE Mike Gesicki (134747-56265), WR Jaxon Smith-Njigba (134747-129458), D Chicago Bears (134747-12527)"
89,3738817909,ronking198 (6/150),194.7,"QB Dak Prescott (134747-31716), RB Javonte Williams (134747-93541), RB Kenneth Walker III (134747-103342), WR CeeDee Lamb (134747-86631), WR Wan'Dale Robinson (134747-103539), WR Nico Collins (134747-91419), TE T.J. Hockenson (134747-71706), WR Luther Burden III (134747-166092), D Tampa Bay Buccaneers (134747-12551)"
90,3738146718,unclemonster (8/42),194.68,"QB C.J. Stroud (134747-129471), RB Kenneth Walker III (134747-103342), RB Aaron Jones Sr. (134747-40442), WR CeeDee Lamb (134747-86631), WR Nico Collins (134747-91419), WR Zay Flowers (134747-112295), TE Travis Kelce (134747-33076), RB Ollie Gordon II (134747-166112), D Chicago Bears (134747-12527)"
91,3739628570,mnm1771 (51/150),194.66,"QB Drake Maye (134747-152316), RB Kenneth Walker III (134747-103342), RB Emanuel Wilson (134747-185861), WR Puka Nacua (134747-103020), WR Zay Flowers (134747-112295), WR Romeo Doubs (134747-94370), TE George Kittle (134747-39793), RB Aaron Jones Sr. (134747-40442), D Chicago Bears (134747-12527)"
92,3739593575,marinemom_2001 (1/1),194.62,"QB Joe Burrow (134747-63336), RB Chase Brown (134747-89493), RB Kyle Monangai (134747-144102), WR Tee Higgins (134747-89981), WR Michael Wilson (134747-89612), WR Nico Collins (134747-91419), TE Mike Gesicki (134747-56265), WR CeeDee Lamb (134747-86631), D Chicago Bears (134747-12527)"
93,3739751795,peteg9699 (137/150),194.58,"QB C.J. Stroud (134747-129471), RB Braelon Allen (134747-158412), RB Kenneth Walker III (134747-103342), WR CeeDee Lamb (134747-86631), WR Nico Collins (134747-91419), WR Tee Higgins (134747-89981), TE Trey McBride (134747-91750), RB Emanuel Wilson (134747-185861), D Miami Dolphins (134747-12539)"
93,3739858285,duelingfan802 (107/150),194.58,"QB C.J. Stroud (134747-129471), RB Aaron Jones Sr. (134747-40442), RB Braelon Allen (134747-158412), WR CeeDee Lamb (134747-86631), WR Tee Higgins (134747-89981), WR Malik Nabers (134747-151761), TE T.J. Hockenson (134747-71706), RB Kenneth Walker III (134747-103342), D Minnesota Vikings (134747-12540)"
93,3739751024,mark812 (131/150),194.58,"QB Lamar Jackson (134747-63115), RB Kenneth Walker III (134747-103342), RB Aaron Jones Sr. (134747-40442), WR Zay Flowers (134747-112295), WR CeeDee Lamb (134747-86631), WR Nico Collins (134747-91419), TE Mark Andrews (134747-52436), TE T.J. Hockenson (134747-71706), D Los Angeles Chargers (134747-12548)"
96,3739098348,scruffymcgruffy (98/150),194.48,"QB C.J. Stroud (134747-129471), RB Jeremiyah Love (134747-188171), RB Braelon Allen (134747-158412), WR CeeDee Lamb (134747-86631), WR Nico Collins (134747-91419), WR Zay Flowers (134747-112295), TE T.J. Hockenson (134747-71706), RB Kenneth Walker III (134747-103342), D Arizona Cardinals (134747-12546)"
97,3738824441,scooternobeans (119/150),194.38,"QB C.J. Stroud (134747-129471), RB Kenneth Walker III (134747-103342), RB Aaron Jones Sr. (134747-40442), WR CeeDee Lamb (134747-86631), WR Nico Collins (134747-91419), WR Deebo Samuel Sr. (134747-56018), TE T.J. Hockenson (134747-71706), RB Bhayshul Tuten (134747-160620), D Chicago Bears (134747-12527)"
98,3739108208,finallyalive (58/59),194.3,"QB Kirk Cousins (134747-22038), RB Kenneth Walker III (134747-103342), RB Kyren Williams (134747-104433), WR Luther Burden III (134747-166092), WR CeeDee Lamb (134747-86631), WR Michael Wilson (134747-89612), TE Isaiah Likely (134747-87260), WR Nico Collins (134747-91419), D Los Angeles Chargers (134747-12548)"
99,3739650953,rusmeelz (129/150),194.2,"QB Dak Prescott (134747-31716), RB Kenneth Walker III (134747-103342), RB Emanuel Wilson (134747-185861), WR Nico Collins (134747-91419), WR George Pickens (134747-110246), WR CeeDee Lamb (134747-86631), TE Mark Andrews (134747-52436), TE T.J. Hockenson (134747-71706), D Chicago Bears (134747-12527)"
100,3739829925,teerav15 (75/150),194.18,"QB C.J. Stroud (134747-129471), RB Christian McCaffrey (134747-55050), RB Kenneth Walker III (134747-103342), WR CeeDee Lamb (134747-86631), WR Nico Collins (134747-91419), WR Quentin Johnston (134747-120639), TE Isaiah Likely (134747-87260), RB Emanuel Wilson (134747-185861), D New York Giants (134747-12543)"
101,3738793416,richiro33 (150/150),194.16,"QB Drake Maye (134747-152316), RB Kyren Williams (134747-104433), RB Javonte Williams (134747-93541), WR Ja'Marr Chase (134747-85701), WR Nico Collins (134747-91419), WR Carnell Tate (134747-183756), TE T.J. Hockenson (134747-71706), WR Tyquan Thornton (134747-89220), D Tennessee Titans (134747-12534)"
102,3739102223,ac919 (128/150),194.1,"QB Dak Prescott (134747-31716), RB Javonte Williams (134747-93541), RB George Holani (134747-114231), WR CeeDee Lamb (134747-86631), WR Tee Higgins (134747-89981), WR Nico Collins (134747-91419), TE Brenton Strange (134747-103587), RB Kenneth Walker III (134747-103342), D New York Jets (134747-12544)"
103,3739351947,destructiondealers101 (140/150),193.98,"QB C.J. Stroud (134747-129471), RB Kyren Williams (134747-104433), RB Aaron Jones Sr. (134747-40442), WR Carnell Tate (134747-183756), WR CeeDee Lamb (134747-86631), WR Nico Collins (134747-91419), TE Travis Kelce (134747-33076), RB Javonte Williams (134747-93541), D Buffalo Bills (134747-12526)"
103,3736856600,drpharmd (128/150),193.98,"QB C.J. Stroud (134747-129471), RB Javonte Williams (134747-93541), RB Rhamondre Stevenson (134747-111540), WR CeeDee Lamb (134747-86631), WR Nico Collins (134747-91419), WR Puka Nacua (134747-103020), TE Isaiah Likely (134747-87260), RB Aaron Jones Sr. (134747-40442), D Tampa Bay Buccaneers (134747-12551)"
105,3737037691,omglookatme (90/150),193.86,"QB Drake Maye (134747-152316), RB Kenneth Walker III (134747-103342), RB Emanuel Wilson (134747-185861), WR Mack Hollins (134747-25267), WR CeeDee Lamb (134747-86631), WR Romeo Doubs (134747-94370), TE Brock Bowers (134747-151794), RB Aaron Jones Sr. (134747-40442), D Seattle Seahawks (134747-12550)"
106,3738803224,seriously222 (47/150),193.8,"QB Jameis Winston (134747-24849), RB Kyle Monangai (134747-144102), RB Christian McCaffrey (134747-55050), WR Malik Nabers (134747-151761), WR Zay Flowers (134747-112295), WR Nico Collins (134747-91419), TE Isaiah Likely (134747-87260), RB Kenneth Walker III (134747-103342), D Chicago Bears (134747-12527)"
107,3739627963,bucball06 (2/15),193.78,"QB C.J. Stroud (134747-129471), RB Aaron Jones Sr. (134747-40442), RB Emanuel Wilson (134747-185861), WR Nico Collins (134747-91419), WR CeeDee Lamb (134747-86631), WR Dontayvion Wicks (134747-110457), TE Brock Bowers (134747-151794), RB Kenneth Walker III (134747-103342), D Chicago Bears (134747-12527)"
107,3739628176,bucball06 (5/15),193.78,"QB C.J. Stroud (134747-129471), RB Aaron Jones Sr. (134747-40442), RB Emanuel Wilson (134747-185861), WR Nico Collins (134747-91419), WR CeeDee Lamb (134747-86631), WR Dontayvion Wicks (134747-110457), TE Brock Bowers (134747-151794), RB Kenneth Walker III (134747-103342), D Chicago Bears (134747-12527)"
107,3739684203,bucball06 (7/15),193.78,"QB C.J. Stroud (134747-129471), RB Aaron Jones Sr. (134747-40442), RB Emanuel Wilson (134747-185861), WR Nico Collins (134747-91419), WR CeeDee Lamb (134747-86631), WR Dontayvion Wicks (134747-110457), TE Brock Bowers (134747-151794), RB Kenneth Walker III (134747-103342), D Chicago Bears (134747-12527)"
107,3739684414,bucball06 (10/15),193.78,"QB C.J. Stroud (134747-129471), RB Aaron Jones Sr. (134747-40442), RB Emanuel Wilson (134747-185861), WR Nico Collins (134747-91419), WR CeeDee Lamb (134747-86631), WR Dontayvion Wicks (134747-110457), TE Brock Bowers (134747-151794), RB Kenneth Walker III (134747-103342), D Chicago Bears (134747-12527)"
107,3739685051,bucball06 (14/15),193.78,"QB C.J. Stroud (134747-129471), RB Aaron Jones Sr. (134747-40442), RB Emanuel Wilson (134747-185861), WR Nico Collins (134747-91419), WR CeeDee Lamb (134747-86631), WR Dontayvion Wicks (134747-110457), TE Brock Bowers (134747-151794), RB Kenneth Walker III (134747-103342), D Chicago Bears (134747-12527)"
107,3737252947,mingograves (15/28),193.78,"QB C.J. Stroud (134747-129471), RB Jaylen Wright (134747-152103), RB Kyle Monangai (134747-144102), WR Nico Collins (134747-91419), WR CeeDee Lamb (134747-86631), WR Zay Flowers (134747-112295), TE Brock Bowers (134747-151794), WR Carnell Tate (134747-183756), D Minnesota Vikings (134747-12540)"
113,3738143256,hman821 (56/143),193.52,"QB Joe Burrow (134747-63336), RB Braelon Allen (134747-158412), RB Kenneth Walker III (134747-103342), WR Tee Higgins (134747-89981), WR CeeDee Lamb (134747-86631), WR Jakobi Meyers (134747-63634), TE T.J. Hockenson (134747-71706), RB Emanuel Wilson (134747-185861), D Seattle Seahawks (134747-12550)"
114,3739197805,yeti2218 (1/4),193.48,"QB C.J. Stroud (134747-129471), RB Emanuel Wilson (134747-185861), RB Derrick Henry (134747-39280), WR Nico Collins (134747-91419), WR CeeDee Lamb (134747-86631), WR Dontayvion Wicks (134747-110457), TE T.J. Hockenson (134747-71706), WR Tee Higgins (134747-89981), D Seattle Seahawks (134747-12550)"
115,3739302943,jac1020 (1/1),193.38,"QB C.J. Stroud (134747-129471), RB Kenneth Walker III (134747-103342), RB Kyren Williams (134747-104433), WR Michael Wilson (134747-89612), WR Tee Higgins (134747-89981), WR Nico Collins (134747-91419), TE Brock Bowers (134747-151794), TE Isaiah Likely (134747-87260), D Jacksonville Jaguars (134747-12554)"
116,3738074295,albatr8ss (18/20),193.28,"QB C.J. Stroud (134747-129471), RB Kenneth Walker III (134747-103342), RB Ashton Jeanty (134747-167031), WR Nico Collins (134747-91419), WR Zay Flowers (134747-112295), WR Tee Higgins (134747-89981), TE Isaiah Likely (134747-87260), RB Aaron Jones Sr. (134747-40442), D New York Giants (134747-12543)"
117,3736873463,cardkillah (115/150),193.2,"QB Dak Prescott (134747-31716), RB Braelon Allen (134747-158412), RB Javonte Williams (134747-93541), WR Nico Collins (134747-91419), WR Ryan Flournoy (134747-201233), WR CeeDee Lamb (134747-86631), TE T.J. Hockenson (134747-71706), RB Kenneth Walker III (134747-103342), D Arizona Cardinals (134747-12546)"
118,3738548155,bballtrooper (117/150),193.18,"QB C.J. Stroud (134747-129471), RB James Cook III (134747-91626), RB Kenneth Walker III (134747-103342), WR Nico Collins (134747-91419), WR CeeDee Lamb (134747-86631), WR Jakobi Meyers (134747-63634), TE Brenton Strange (134747-103587), RB Emanuel Wilson (134747-185861), D Arizona Cardinals (134747-12546)"
119,3739180385,hoffa79 (100/150),193.0,"QB Kirk Cousins (134747-22038), RB Kenneth Walker III (134747-103342), RB Kyren Williams (134747-104433), WR Nico Collins (134747-91419), WR Tre Tucker (134747-103619), WR Malik Washington (134747-110974), TE Brock Bowers (134747-151794), RB Emanuel Wilson (134747-185861), D Seattle Seahawks (134747-12550)"
120,3739721123,cindyb10 (142/148),192.92,"QB Joe Burrow (134747-63336), RB Kenneth Walker III (134747-103342), RB Aaron Jones Sr. (134747-40442), WR Zay Flowers (134747-112295), WR Carnell Tate (134747-183756), WR Tee Higgins (134747-89981), TE T.J. Hockenson (134747-71706), TE Brock Bowers (134747-151794), D Minnesota Vikings (134747-12540)"
121,3736644973,swingpass (2/9),192.9,"QB Kirk Cousins (134747-22038), RB Kyle Monangai (134747-144102), RB RJ Harvey (134747-110484), WR CeeDee Lamb (134747-86631), WR Nico Collins (134747-91419), WR Jordan Addison (134747-129210), TE Tucker Kraft (134747-160303), RB Javonte Williams (134747-93541), D Baltimore Ravens (134747-12555)"
122,3739481834,ajc02 (24/150),192.88,"QB C.J. Stroud (134747-129471), RB Braelon Allen (134747-158412), RB Aaron Jones Sr. (134747-40442), WR Nico Collins (134747-91419), WR Zay Flowers (134747-112295), WR Tee Higgins (134747-89981), TE Brock Bowers (134747-151794), RB Kenneth Walker III (134747-103342), D New York Giants (134747-12543)"
122,3739125978,touchdowntitan987 (22/150),192.88,"QB C.J. Stroud (134747-129471), RB Braelon Allen (134747-158412), RB Aaron Jones Sr. (134747-40442), WR Tee Higgins (134747-89981), WR Zay Flowers (134747-112295), WR Nico Collins (134747-91419), TE Brock Bowers (134747-151794), RB Kenneth Walker III (134747-103342), D New York Giants (134747-12543)"
124,3738450491,boardthecaptain7 (11/150),192.82,"QB Joe Burrow (134747-63336), RB Javonte Williams (134747-93541), RB Jeremiyah Love (134747-188171), WR Michael Wilson (134747-89612), WR Tee Higgins (134747-89981), WR Nico Collins (134747-91419), TE T.J. Hockenson (134747-71706), RB Kenneth Walker III (134747-103342), D Chicago Bears (134747-12527)"
125,3738742434,jakeduncan11 (112/150),192.78,"QB C.J. Stroud (134747-129471), RB Aaron Jones Sr. (134747-40442), RB Kenneth Walker III (134747-103342), WR Nico Collins (134747-91419), WR CeeDee Lamb (134747-86631), WR Tee Higgins (134747-89981), TE Mark Andrews (134747-52436), WR Jaylen Waddle (134747-90573), D Tampa Bay Buccaneers (134747-12551)"
126,3736562146,noliver74 (1/5),192.7,"QB Kirk Cousins (134747-22038), RB Emanuel Wilson (134747-185861), RB Kenneth Walker III (134747-103342), WR Nico Collins (134747-91419), WR Michael Wilson (134747-89612), WR Cody White (134747-92890), TE Brock Bowers (134747-151794), RB Kyren Williams (134747-104433), D Green Bay Packers (134747-12533)"
127,3739495003,tweezer847 (61/150),192.68,"QB C.J. Stroud (134747-129471), RB Braelon Allen (134747-158412), RB Aaron Jones Sr. (134747-40442), WR CeeDee Lamb (134747-86631), WR Nico Collins (134747-91419), WR Carnell Tate (134747-183756), TE Brock Bowers (134747-151794), RB Kenneth Walker III (134747-103342), D Chicago Bears (134747-12527)"
127,3736963226,gregv28 (107/150),192.68,"QB C.J. Stroud (134747-129471), RB Emanuel Wilson (134747-185861), RB Kenneth Walker III (134747-103342), WR Matthew Golden (134747-166916), WR CeeDee Lamb (134747-86631), WR Michael Wilson (134747-89612), TE T.J. Hockenson (134747-71706), RB James Cook III (134747-91626), D Seattle Seahawks (134747-12550)"
129,3738194309,winstonsquad1968 (149/150),192.62,"QB Joe Burrow (134747-63336), RB Chase Brown (134747-89493), RB Kenneth Walker III (134747-103342), WR Tee Higgins (134747-89981), WR Nico Collins (134747-91419), WR Parker Washington (134747-137516), TE T.J. Hockenson (134747-71706), RB Emanuel Wilson (134747-185861), D New York Giants (134747-12543)"
130,3738824154,scooternobeans (40/150),192.58,"QB C.J. Stroud (134747-129471), RB Kenneth Walker III (134747-103342), RB David Montgomery (134747-73273), WR CeeDee Lamb (134747-86631), WR Nico Collins (134747-91419), WR Tee Higgins (134747-89981), TE T.J. Hockenson (134747-71706), RB Bhayshul Tuten (134747-160620), D Chicago Bears (134747-12527)"
131,3738356644,tah419 (35/148),192.56,"QB Bo Nix (134747-102965), RB Kyle Monangai (134747-144102), RB Kenneth Walker III (134747-103342), WR CeeDee Lamb (134747-86631), WR Jaylen Waddle (134747-90573), WR Malik Nabers (134747-151761), TE Brock Bowers (134747-151794), RB Emanuel Wilson (134747-185861), D Las Vegas Raiders (134747-12537)"
132,3737824808,scooternobeans (14/150),192.48,"QB C.J. Stroud (134747-129471), RB James Cook III (134747-91626), RB Aaron Jones Sr. (134747-40442), WR CeeDee Lamb (134747-86631), WR Nico Collins (134747-91419), WR Tee Higgins (134747-89981), TE T.J. Hockenson (134747-71706), TE Brock Bowers (134747-151794), D Chicago Bears (134747-12527)"
133,3739638634,jesse2jacked (76/150),192.38,"QB C.J. Stroud (134747-129471), RB Kyren Williams (134747-104433), RB Aaron Jones Sr. (134747-40442), WR Nico Collins (134747-91419), WR Parker Washington (134747-137516), WR Tee Higgins (134747-89981), TE T.J. Hockenson (134747-71706), RB Kenneth Walker III (134747-103342), D Arizona Cardinals (134747-12546)"
134,3738900300,bkeagle97 (147/150),192.28,"QB C.J. Stroud (134747-129471), RB Kyren Williams (134747-104433), RB Jeremiyah Love (134747-188171), WR CeeDee Lamb (134747-86631), WR Nico Collins (134747-91419), WR Malik Nabers (134747-151761), TE T.J. Hockenson (134747-71706), RB Aaron Jones Sr. (134747-40442), D San Francisco 49ers (134747-12549)"
135,3739158612,enator15 (143/150),192.18,"QB C.J. Stroud (134747-129471), RB D'Andre Swift (134747-91598), RB Kenneth Walker III (134747-103342), WR Romeo Doubs (134747-94370), WR CeeDee Lamb (134747-86631), WR Nico Collins (134747-91419), TE Mark Andrews (134747-52436), WR Tee Higgins (134747-89981), D Cincinnati Bengals (134747-12528)"
135,3736963089,gregv28 (45/150),192.18,"QB C.J. Stroud (134747-129471), RB Javonte Williams (134747-93541), RB Bhayshul Tuten (134747-160620), WR CeeDee Lamb (134747-86631), WR Christian Watson (134747-169776), WR Nico Collins (134747-91419), TE T.J. Hockenson (134747-71706), RB Emanuel Wilson (134747-185861), D Minnesota Vikings (134747-12540)"
135,3739351941,destructiondealers101 (139/150),192.18,"QB C.J. Stroud (134747-129471), RB Kyren Williams (134747-104433), RB Emanuel Wilson (134747-185861), WR Tre Tucker (134747-103619), WR CeeDee Lamb (134747-86631), WR Nico Collins (134747-91419), TE Brock Bowers (134747-151794), RB Aaron Jones Sr. (134747-40442), D Buffalo Bills (134747-12526)"
135,3738432263,simivalleyswingers (114/150),192.18,"QB C.J. Stroud (134747-129471), RB Derrick Henry (134747-39280), RB Kyren Williams (134747-104433), WR Nico Collins (134747-91419), WR Tee Higgins (134747-89981), WR Zay Flowers (134747-112295), TE T.J. Hockenson (134747-71706), RB Aaron Jones Sr. (134747-40442), D Los Angeles Chargers (134747-12548)"
139,3739107337,pantherfan1824 (69/150),192.08,"QB C.J. Stroud (134747-129471), RB Javonte Williams (134747-93541), RB Braelon Allen (134747-158412), WR Nico Collins (134747-91419), WR Zay Flowers (134747-112295), WR Luther Burden III (134747-166092), TE Brock Bowers (134747-151794), RB Kenneth Walker III (134747-103342), D New York Giants (134747-12543)"
140,3738711743,ginnjuicejedi (55/150),191.98,"QB C.J. Stroud (134747-129471), RB Kyren Williams (134747-104433), RB Ashton Jeanty (134747-167031), WR CeeDee Lamb (134747-86631), WR Nico Collins (134747-91419), WR Quentin Johnston (134747-120639), TE Brock Bowers (134747-151794), TE T.J. Hockenson (134747-71706), D Arizona Cardinals (134747-12546)"
140,3739401356,cloakedmistborn (57/150),191.98,"QB C.J. Stroud (134747-129471), RB Javonte Williams (134747-93541), RB Derrick Henry (134747-39280), WR Zay Flowers (134747-112295), WR Carnell Tate (134747-183756), WR Nico Collins (134747-91419), TE Brock Bowers (134747-151794), RB Emanuel Wilson (134747-185861), D Cincinnati Bengals (134747-12528)"
142,3739594118,pwein212 (12/20),191.96,"QB Drake Maye (134747-152316), RB James Cook III (134747-91626), RB Kyren Williams (134747-104433), WR CeeDee Lamb (134747-86631), WR Romeo Doubs (134747-94370), WR Nico Collins (134747-91419), TE Eli Raridon (134747-176734), WR Tee Higgins (134747-89981), D Los Angeles Rams (134747-12538)"
143,3737701726,theswirls (66/150),191.82,"QB Joe Burrow (134747-63336), RB Braelon Allen (134747-158412), RB Emanuel Wilson (134747-185861), WR CeeDee Lamb (134747-86631), WR Tee Higgins (134747-89981), WR Jordan Addison (134747-129210), TE T.J. Hockenson (134747-71706), RB Kenneth Walker III (134747-103342), D Minnesota Vikings (134747-12540)"
144,3739398986,mikeys_down (146/150),191.78,"QB C.J. Stroud (134747-129471), RB Kenneth Walker III (134747-103342), RB Kyren Williams (134747-104433), WR Zay Flowers (134747-112295), WR Khalil Shakir (134747-86518), WR Nico Collins (134747-91419), TE Mark Andrews (134747-52436), TE Brock Bowers (134747-151794), D Chicago Bears (134747-12527)"
144,3739459883,guaposhuevos (1/1),191.78,"QB C.J. Stroud (134747-129471), RB Javonte Williams (134747-93541), RB Kyren Williams (134747-104433), WR Nico Collins (134747-91419), WR Matthew Golden (134747-166916), WR Tee Higgins (134747-89981), TE T.J. Hockenson (134747-71706), RB Cam Skattebo (134747-183240), D Seattle Seahawks (134747-12550)"
146,3738822663,roodypoo65 (87/150),191.72,"QB Joe Burrow (134747-63336), RB Aaron Jones Sr. (134747-40442), RB Kenneth Walker III (134747-103342), WR Nico Collins (134747-91419), WR Tee Higgins (134747-89981), WR Matthew Golden (134747-166916), TE Brock Bowers (134747-151794), RB Emanuel Wilson (134747-185861), D Chicago Bears (134747-12527)"
147,3738497864,nmondor (142/150),191.66,"QB Drake Maye (134747-152316), RB Kyren Williams (134747-104433), RB Kenneth Walker III (134747-103342), WR Nico Collins (134747-91419), WR Zay Flowers (134747-112295), WR Michael Wilson (134747-89612), TE Hunter Henry (134747-40845), TE Brock Bowers (134747-151794), D Miami Dolphins (134747-12539)"
148,3738128337,grantgoupil (131/150),191.58,"QB C.J. Stroud (134747-129471), RB Derrick Henry (134747-39280), RB Kenneth Walker III (134747-103342), WR CeeDee Lamb (134747-86631), WR Nico Collins (134747-91419), WR Luther Burden III (134747-166092), TE Tyler Higbee (134747-47870), RB Emanuel Wilson (134747-185861), D Chicago Bears (134747-12527)"
149,3737854452,texas_trouble (78/150),191.48,"QB C.J. Stroud (134747-129471), RB Braelon Allen (134747-158412), RB Derrick Henry (134747-39280), WR CeeDee Lamb (134747-86631), WR Zay Flowers (134747-112295), WR Nico Collins (134747-91419), TE T.J. Hockenson (134747-71706), RB Emanuel Wilson (134747-185861), D Los Angeles Rams (134747-12538)"
149,3739377309,gghostmanh (44/150),191.48,"QB C.J. Stroud (134747-129471), RB Kenneth Walker III (134747-103342), RB Aaron Jones Sr. (134747-40442), WR Jordan Addison (134747-129210), WR CeeDee Lamb (134747-86631), WR Nico Collins (134747-91419), TE Brock Bowers (134747-151794), TE T.J. Hockenson (134747-71706), D New York Jets (134747-12544)"
151,3739813121,thibeaux87 (63/150),191.42,"QB Joe Burrow (134747-63336), RB Cam Skattebo (134747-183240), RB Aaron Jones Sr. (134747-40442), WR CeeDee Lamb (134747-86631), WR Nico Collins (134747-91419), WR Tee Higgins (134747-89981), TE Brenton Strange (134747-103587), RB Emanuel Wilson (134747-185861), D Seattle Seahawks (134747-12550)"
152,3738864421,watchoutformike (143/150),191.38,"QB C.J. Stroud (134747-129471), RB Kyren Williams (134747-104433), RB Rhamondre Stevenson (134747-111540), WR CeeDee Lamb (134747-86631), WR Nico Collins (134747-91419), WR Malik Nabers (134747-151761), TE Tucker Kraft (134747-160303), TE Dalton Schultz (134747-55042), D Seattle Seahawks (134747-12550)"
153,3736964875,mucci193 (19/150),191.28,"QB C.J. Stroud (134747-129471), RB James Cook III (134747-91626), RB Emanuel Wilson (134747-185861), WR Tee Higgins (134747-89981), WR Nico Collins (134747-91419), WR Jordan Addison (134747-129210), TE T.J. Hockenson (134747-71706), RB Kenneth Walker III (134747-103342), D Minnesota Vikings (134747-12540)"
153,3739629654,shoesrdurrty (34/150),191.28,"QB C.J. Stroud (134747-129471), RB Braelon Allen (134747-158412), RB Aaron Jones Sr. (134747-40442), WR Malik Nabers (134747-151761), WR Nico Collins (134747-91419), WR CeeDee Lamb (134747-86631), TE George Kittle (134747-39793), RB Kenneth Walker III (134747-103342), D Miami Dolphins (134747-12539)"
155,3739826575,xknight360 (106/150),191.18,"QB C.J. Stroud (134747-129471), RB Kenneth Walker III (134747-103342), RB George Holani (134747-114231), WR Malik Nabers (134747-151761), WR CeeDee Lamb (134747-86631), WR Nico Collins (134747-91419), TE T.J. Hockenson (134747-71706), RB Christian McCaffrey (134747-55050), D Cincinnati Bengals (134747-12528)"
156,3738234646,dasportsguru (142/150),191.08,"QB C.J. Stroud (134747-129471), RB Emanuel Wilson (134747-185861), RB Braelon Allen (134747-158412), WR Nico Collins (134747-91419), WR Zay Flowers (134747-112295), WR CeeDee Lamb (134747-86631), TE Travis Kelce (134747-33076), RB Kenneth Walker III (134747-103342), D Los Angeles Rams (134747-12538)"
157,3739730223,jagzilla904 (100/143),190.98,"QB C.J. Stroud (134747-129471), RB Kyren Williams (134747-104433), RB Bhayshul Tuten (134747-160620), WR CeeDee Lamb (134747-86631), WR Michael Wilson (134747-89612), WR Nico Collins (134747-91419), TE Brock Bowers (134747-151794), TE T.J. Hockenson (134747-71706), D Los Angeles Rams (134747-12538)"
158,3739476449,mwhite18 (49/61),190.96,"QB Drake Maye (134747-152316), RB Chase Brown (134747-89493), RB Braelon Allen (134747-158412), WR CeeDee Lamb (134747-86631), WR Zay Flowers (134747-112295), WR Romeo Doubs (134747-94370), TE T.J. Hockenson (134747-71706), RB Kyren Williams (134747-104433), D Minnesota Vikings (134747-12540)"
159,3738732427,mrgingersnaps (12/42),190.88,"QB C.J. Stroud (134747-129471), RB Emanuel Wilson (134747-185861), RB Kenneth Walker III (134747-103342), WR Puka Nacua (134747-103020), WR Romeo Doubs (134747-94370), WR Nico Collins (134747-91419), TE Brock Bowers (134747-151794), RB Jeremiyah Love (134747-188171), D Tampa Bay Buccaneers (134747-12551)"
159,3739359180,jobo513 (1/1),190.88,"QB C.J. Stroud (134747-129471), RB Emanuel Wilson (134747-185861), RB D'Andre Swift (134747-91598), WR Tee Higgins (134747-89981), WR CeeDee Lamb (134747-86631), WR Nico Collins (134747-91419), TE Brenton Strange (134747-103587), TE Brock Bowers (134747-151794), D Seattle Seahawks (134747-12550)"
159,3739858794,duelingfan802 (142/150),190.88,"QB C.J. Stroud (134747-129471), RB Aaron Jones Sr. (134747-40442), RB D'Andre Swift (134747-91598), WR CeeDee Lamb (134747-86631), WR Tee Higgins (134747-89981), WR Romeo Doubs (134747-94370), TE T.J. Hockenson (134747-71706), RB Kenneth Walker III (134747-103342), D Minnesota Vikings (134747-12540)"
162,3739532556,pittbulldawg (77/150),190.78,"QB C.J. Stroud (134747-129471), RB Jeremiyah Love (134747-188171), RB Kenneth Walker III (134747-103342), WR CeeDee Lamb (134747-86631), WR Nico Collins (134747-91419), WR Zay Flowers (134747-112295), TE Dalton Schultz (134747-55042), RB Emanuel Wilson (134747-185861), D Chicago Bears (134747-12527)"
163,3738091778,bendogg705 (96/150),190.72,"QB Josh Allen (134747-62239), RB Kenneth Walker III (134747-103342), RB Aaron Jones Sr. (134747-40442), WR Nico Collins (134747-91419), WR Zay Flowers (134747-112295), WR Tee Higgins (134747-89981), TE Mark Andrews (134747-52436), RB Emanuel Wilson (134747-185861), D Chicago Bears (134747-12527)"
164,3738845329,jeffylube (48/150),190.58,"QB C.J. Stroud (134747-129471), RB Chase Brown (134747-89493), RB Aaron Jones Sr. (134747-40442), WR Matthew Golden (134747-166916), WR Nico Collins (134747-91419), WR CeeDee Lamb (134747-86631), TE T.J. Hockenson (134747-71706), RB Kenneth Walker III (134747-103342), D New York Jets (134747-12544)"
164,3738567605,warrenb22 (12/150),190.58,"QB C.J. Stroud (134747-129471), RB Aaron Jones Sr. (134747-40442), RB Kyren Williams (134747-104433), WR Malik Washington (134747-110974), WR Zay Flowers (134747-112295), WR Nico Collins (134747-91419), TE George Kittle (134747-39793), RB Kenneth Walker III (134747-103342), D New York Jets (134747-12544)"
164,3737658596,mltouva (66/150),190.58,"QB C.J. Stroud (134747-129471), RB Kenneth Walker III (134747-103342), RB Rhamondre Stevenson (134747-111540), WR Nico Collins (134747-91419), WR CeeDee Lamb (134747-86631), WR Tee Higgins (134747-89981), TE George Kittle (134747-39793), TE Dalton Schultz (134747-55042), D Chicago Bears (134747-12527)"
167,3737043426,billiebob78 (1/1),190.32,"QB Joe Burrow (134747-63336), RB D'Andre Swift (134747-91598), RB Aaron Jones Sr. (134747-40442), WR Tee Higgins (134747-89981), WR Malik Nabers (134747-151761), WR CeeDee Lamb (134747-86631), TE T.J. Hockenson (134747-71706), RB Javonte Williams (134747-93541), D Chicago Bears (134747-12527)"
167,3737405473,falkster16 (1/1),190.32,"QB Joe Burrow (134747-63336), RB Kyle Monangai (134747-144102), RB Kyren Williams (134747-104433), WR CeeDee Lamb (134747-86631), WR Emeka Egbuka (134747-152655), WR Luther Burden III (134747-166092), TE Tucker Kraft (134747-160303), RB Kenneth Walker III (134747-103342), D Tampa Bay Buccaneers (134747-12551)"
169,3738676818,j0f0sh0 (68/150),190.3,"QB Dak Prescott (134747-31716), RB Javonte Williams (134747-93541), RB Rhamondre Stevenson (134747-111540), WR CeeDee Lamb (134747-86631), WR Tee Higgins (134747-89981), WR Michael Wilson (134747-89612), TE Isaiah Likely (134747-87260), RB Kenneth Walker III (134747-103342), D Chicago Bears (134747-12527)"
170,3739751686,peteg9699 (112/150),190.28,"QB C.J. Stroud (134747-129471), RB Derrick Henry (134747-39280), RB Cam Skattebo (134747-183240), WR CeeDee Lamb (134747-86631), WR Nico Collins (134747-91419), WR Tee Higgins (134747-89981), TE T.J. Hockenson (134747-71706), RB Emanuel Wilson (134747-185861), D Tampa Bay Buccaneers (134747-12551)"
170,3739751693,peteg9699 (114/150),190.28,"QB C.J. Stroud (134747-129471), RB James Cook III (134747-91626), RB Kenneth Walker III (134747-103342), WR George Pickens (134747-110246), WR Nico Collins (134747-91419), WR Zay Flowers (134747-112295), TE T.J. Hockenson (134747-71706), RB Emanuel Wilson (134747-185861), D Tampa Bay Buccaneers (134747-12551)"
170,3739052977,danielson105 (26/150),190.28,"QB C.J. Stroud (134747-129471), RB Kenneth Walker III (134747-103342), RB Bhayshul Tuten (134747-160620), WR CeeDee Lamb (134747-86631), WR Nico Collins (134747-91419), WR Quentin Johnston (134747-120639), TE Brock Bowers (134747-151794), RB Emanuel Wilson (134747-185861), D Chicago Bears (134747-12527)"
170,3739606105,axeldawg13 (46/150),190.28,"QB C.J. Stroud (134747-129471), RB Javonte Williams (134747-93541), RB Kenneth Walker III (134747-103342), WR Tee Higgins (134747-89981), WR Nico Collins (134747-91419), WR Parker Washington (134747-137516), TE T.J. Hockenson (134747-71706), TE Brock Bowers (134747-151794), D Chicago Bears (134747-12527)"
170,3738950965,brianfschultz1 (89/150),190.28,"QB C.J. Stroud (134747-129471), RB Ashton Jeanty (134747-167031), RB Emanuel Wilson (134747-185861), WR CeeDee Lamb (134747-86631), WR Nico Collins (134747-91419), WR Tee Higgins (134747-89981), TE Mark Andrews (134747-52436), TE Brock Bowers (134747-151794), D Buffalo Bills (134747-12526)"
170,3738235118,packattack97502 (53/150),190.28,"QB C.J. Stroud (134747-129471), RB Aaron Jones Sr. (134747-40442), RB Javonte Williams (134747-93541), WR Nico Collins (134747-91419), WR Zay Flowers (134747-112295), WR Malik Nabers (134747-151761), TE Dalton Schultz (134747-55042), RB Kenneth Walker III (134747-103342), D Chicago Bears (134747-12527)"
170,3736858873,thephenix (41/150),190.28,"QB C.J. Stroud (134747-129471), RB Aaron Jones Sr. (134747-40442), RB Kenneth Walker III (134747-103342), WR Carnell Tate (134747-183756), WR Zay Flowers (134747-112295), WR Nico Collins (134747-91419), TE T.J. Hockenson (134747-71706), RB Christian McCaffrey (134747-55050), D Los Angeles Rams (134747-12538)"
177,3738669998,frozenchozen1 (93/150),190.18,"QB C.J. Stroud (134747-129471), RB Emanuel Wilson (134747-185861), RB Javonte Williams (134747-93541), WR Michael Wilson (134747-89612), WR Puka Nacua (134747-103020), WR Nico Collins (134747-91419), TE Dalton Schultz (134747-55042), RB Kenneth Walker III (134747-103342), D Tampa Bay Buccaneers (134747-12551)"
178,3739751211,peteg9699 (8/150),190.08,"QB C.J. Stroud (134747-129471), RB Christian McCaffrey (134747-55050), RB Kenneth Walker III (134747-103342), WR CeeDee Lamb (134747-86631), WR Nico Collins (134747-91419), WR Luther Burden III (134747-166092), TE Isaiah Likely (134747-87260), RB Emanuel Wilson (134747-185861), D Tampa Bay Buccaneers (134747-12551)"
178,3739507544,black13jk (120/150),190.08,"QB C.J. Stroud (134747-129471), RB Kenneth Walker III (134747-103342), RB Javonte Williams (134747-93541), WR Zay Flowers (134747-112295), WR Tee Higgins (134747-89981), WR Nico Collins (134747-91419), TE George Kittle (134747-39793), TE Travis Kelce (134747-33076), D Tampa Bay Buccaneers (134747-12551)"
180,3739807068,dtray (1/1),189.98,"QB C.J. Stroud (134747-129471), RB Braelon Allen (134747-158412), RB Emanuel Wilson (134747-185861), WR Nico Collins (134747-91419), WR CeeDee Lamb (134747-86631), WR Kalif Raymond (134747-70422), TE Brock Bowers (134747-151794), RB Kenneth Walker III (134747-103342), D Seattle Seahawks (134747-12550)"
181,3739159906,tkballa (77/149),189.92,"QB Joe Burrow (134747-63336), RB Cam Skattebo (134747-183240), RB Kenneth Walker III (134747-103342), WR Michael Wilson (134747-89612), WR Tee Higgins (134747-89981), WR Zay Flowers (134747-112295), TE T.J. Hockenson (134747-71706), WR Nico Collins (134747-91419), D Chicago Bears (134747-12527)"
182,3738234529,dasportsguru (84/150),189.88,"QB C.J. Stroud (134747-129471), RB Braelon Allen (134747-158412), RB Kenneth Walker III (134747-103342), WR Carnell Tate (134747-183756), WR Nico Collins (134747-91419), WR CeeDee Lamb (134747-86631), TE George Kittle (134747-39793), TE Brock Bowers (134747-151794), D Cincinnati Bengals (134747-12528)"
182,3738824258,scooternobeans (65/150),189.88,"QB C.J. Stroud (134747-129471), RB James Cook III (134747-91626), RB Aaron Jones Sr. (134747-40442), WR CeeDee Lamb (134747-86631), WR Nico Collins (134747-91419), WR Tee Higgins (134747-89981), TE T.J. Hockenson (134747-71706), TE George Kittle (134747-39793), D Chicago Bears (134747-12527)"
182,3738183445,omegaman28 (8/150),189.88,"QB C.J. Stroud (134747-129471), RB Aaron Jones Sr. (134747-40442), RB Javonte Williams (134747-93541), WR Jaxon Smith-Njigba (134747-129458), WR Nico Collins (134747-91419), WR Carnell Tate (134747-183756), TE T.J. Hockenson (134747-71706), RB Kenneth Walker III (134747-103342), D New York Jets (134747-12544)"
182,3738914142,robbiet13 (63/150),189.88,"QB C.J. Stroud (134747-129471), RB Kenneth Walker III (134747-103342), RB Kyren Williams (134747-104433), WR CeeDee Lamb (134747-86631), WR Nico Collins (134747-91419), WR Romeo Doubs (134747-94370), TE Travis Kelce (134747-33076), RB David Montgomery (134747-73273), D New York Jets (134747-12544)"
186,3738849044,fuzzywuzzybear (48/150),189.82,"QB Joe Burrow (134747-63336), RB Braelon Allen (134747-158412), RB David Montgomery (134747-73273), WR Tee Higgins (134747-89981), WR Nico Collins (134747-91419), WR CeeDee Lamb (134747-86631), TE T.J. Hockenson (134747-71706), RB Kenneth Walker III (134747-103342), D Cincinnati Bengals (134747-12528)"
187,3738751788,cutlerthegoat69 (1/2),189.78,"QB Cam Ward (134747-168356), RB Kyren Williams (134747-104433), RB Woody Marks (134747-138774), WR Puka Nacua (134747-103020), WR CeeDee Lamb (134747-86631), WR Nico Collins (134747-91419), TE Brock Bowers (134747-151794), TE T.J. Hockenson (134747-71706), D Tennessee Titans (134747-12534)"
187,3738235051,packattack97502 (9/150),189.78,"QB C.J. Stroud (134747-129471), RB Derrick Henry (134747-39280), RB Braelon Allen (134747-158412), WR CeeDee Lamb (134747-86631), WR Nico Collins (134747-91419), WR Zay Flowers (134747-112295), TE T.J. Hockenson (134747-71706), RB Aaron Jones Sr. (134747-40442), D New York Giants (134747-12543)"
189,3739393889,daveassini (112/150),189.72,"QB Joe Burrow (134747-63336), RB Aaron Jones Sr. (134747-40442), RB Cam Skattebo (134747-183240), WR Nico Collins (134747-91419), WR Zay Flowers (134747-112295), WR Tee Higgins (134747-89981), TE T.J. Hockenson (134747-71706), RB Kenneth Walker III (134747-103342), D Tampa Bay Buccaneers (134747-12551)"
190,3739757133,peteg9699 (150/150),189.68,"QB C.J. Stroud (134747-129471), RB James Cook III (134747-91626), RB Kenneth Walker III (134747-103342), WR George Pickens (134747-110246), WR Nico Collins (134747-91419), WR Tee Higgins (134747-89981), TE T.J. Hockenson (134747-71706), RB Emanuel Wilson (134747-185861), D Tampa Bay Buccaneers (134747-12551)"
190,3739044189,socc66 (41/150),189.68,"QB C.J. Stroud (134747-129471), RB Emanuel Wilson (134747-185861), RB Ashton Jeanty (134747-167031), WR Michael Wilson (134747-89612), WR Tee Higgins (134747-89981), WR Nico Collins (134747-91419), TE Brock Bowers (134747-151794), RB Kenneth Walker III (134747-103342), D Cincinnati Bengals (134747-12528)"
190,3738934588,dsdogg13 (1/1),189.68,"QB C.J. Stroud (134747-129471), RB Kenneth Walker III (134747-103342), RB Emanuel Wilson (134747-185861), WR Nico Collins (134747-91419), WR CeeDee Lamb (134747-86631), WR Dontayvion Wicks (134747-110457), TE Brenton Strange (134747-103587), RB James Cook III (134747-91626), D Chicago Bears (134747-12527)"
190,3739724605,coderez (88/150),189.68,"QB C.J. Stroud (134747-129471), RB Emanuel Wilson (134747-185861), RB Ashton Jeanty (134747-167031), WR Michael Wilson (134747-89612), WR Tee Higgins (134747-89981), WR Nico Collins (134747-91419), TE Brock Bowers (134747-151794), RB Kenneth Walker III (134747-103342), D Cincinnati Bengals (134747-12528)"
194,3739398126,mikeys_down (32/150),189.62,"QB Joe Burrow (134747-63336), RB Javonte Williams (134747-93541), RB D'Andre Swift (134747-91598), WR Luther Burden III (134747-166092), WR Tee Higgins (134747-89981), WR Nico Collins (134747-91419), TE T.J. Hockenson (134747-71706), RB Kenneth Walker III (134747-103342), D Chicago Bears (134747-12527)"
194,3738446029,goatisgreat (109/150),189.62,"QB Joe Burrow (134747-63336), RB Kenneth Walker III (134747-103342), RB Christian McCaffrey (134747-55050), WR Tee Higgins (134747-89981), WR Romeo Doubs (134747-94370), WR Zay Flowers (134747-112295), TE T.J. Hockenson (134747-71706), RB Aaron Jones Sr. (134747-40442), D Chicago Bears (134747-12527)"
196,3738406697,jae75 (40/150),189.48,"QB C.J. Stroud (134747-129471), RB Kyren Williams (134747-104433), RB Aaron Jones Sr. (134747-40442), WR Nico Collins (134747-91419), WR CeeDee Lamb (134747-86631), WR Dontayvion Wicks (134747-110457), TE Isaiah Likely (134747-87260), RB Kenneth Walker III (134747-103342), D Cincinnati Bengals (134747-12528)"
197,3739159976,tkballa (89/149),189.38,"QB C.J. Stroud (134747-129471), RB Jeremiyah Love (134747-188171), RB Kenneth Walker III (134747-103342), WR Carnell Tate (134747-183756), WR Tee Higgins (134747-89981), WR Zay Flowers (134747-112295), TE Brock Bowers (134747-151794), WR Nico Collins (134747-91419), D Chicago Bears (134747-12527)"
197,3739637844,scharlie22 (7/150),189.38,"QB C.J. Stroud (134747-129471), RB Braelon Allen (134747-158412), RB Kenneth Walker III (134747-103342), WR Tee Higgins (134747-89981), WR Nico Collins (134747-91419), WR Zay Flowers (134747-112295), TE T.J. Hockenson (134747-71706), RB Christian McCaffrey (134747-55050), D Chicago Bears (134747-12527)"
197,3739637940,scharlie22 (22/150),189.38,"QB C.J. Stroud (134747-129471), RB Braelon Allen (134747-158412), RB Kenneth Walker III (134747-103342), WR Tee Higgins (134747-89981), WR Nico Collins (134747-91419), WR Zay Flowers (134747-112295), TE T.J. Hockenson (134747-71706), RB Christian McCaffrey (134747-55050), D Chicago Bears (134747-12527)"
197,3739638019,scharlie22 (37/150),189.38,"QB C.J. Stroud (134747-129471), RB Braelon Allen (134747-158412), RB Kenneth Walker III (134747-103342), WR Tee Higgins (134747-89981), WR Nico Collins (134747-91419), WR Zay Flowers (134747-112295), TE T.J. Hockenson (134747-71706), RB Christian McCaffrey (134747-55050), D Chicago Bears (134747-12527)"
197,3739638102,scharlie22 (52/150),189.38,"QB C.J. Stroud (134747-129471), RB Braelon Allen (134747-158412), RB Kenneth Walker III (134747-103342), WR Tee Higgins (134747-89981), WR Nico Collins (134747-91419), WR Zay Flowers (134747-112295), TE T.J. Hockenson (134747-71706), RB Christian McCaffrey (134747-55050), D Chicago Bears (134747-12527)"
197,3739638211,scharlie22 (67/150),189.38,"QB C.J. Stroud (134747-129471), RB Braelon Allen (134747-158412), RB Kenneth Walker III (134747-103342), WR Tee Higgins (134747-89981), WR Nico Collins (134747-91419), WR Zay Flowers (134747-112295), TE T.J. Hockenson (134747-71706), RB Christian McCaffrey (134747-55050), D Chicago Bears (134747-12527)"
197,3739638320,scharlie22 (82/150),189.38,"QB C.J. Stroud (134747-129471), RB Braelon Allen (134747-158412), RB Kenneth Walker III (134747-103342), WR Tee Higgins (134747-89981), WR Nico Collins (134747-91419), WR Zay Flowers (134747-112295), TE T.J. Hockenson (134747-71706), RB Christian McCaffrey (134747-55050), D Chicago Bears (134747-12527)"
197,3739638421,scharlie22 (97/150),189.38,"QB C.J. Stroud (134747-129471), RB Braelon Allen (134747-158412), RB Kenneth Walker III (134747-103342), WR Tee Higgins (134747-89981), WR Nico Collins (134747-91419), WR Zay Flowers (134747-112295), TE T.J. Hockenson (134747-71706), RB Christian McCaffrey (134747-55050), D Chicago Bears (134747-12527)"
197,3739638526,scharlie22 (112/150),189.38,"QB C.J. Stroud (134747-129471), RB Braelon Allen (134747-158412), RB Kenneth Walker III (134747-103342), WR Tee Higgins (134747-89981), WR Nico Collins (134747-91419), WR Zay Flowers (134747-112295), TE T.J. Hockenson (134747-71706), RB Christian McCaffrey (134747-55050), D Chicago Bears (134747-12527)"
197,3739638633,scharlie22 (127/150),189.38,"QB C.J. Stroud (134747-129471), RB Braelon Allen (134747-158412), RB Kenneth Walker III (134747-103342), WR Tee Higgins (134747-89981), WR Nico Collins (134747-91419), WR Zay Flowers (134747-112295), TE T.J. Hockenson (134747-71706), RB Christian McCaffrey (134747-55050), D Chicago Bears (134747-12527)"
197,3739638805,scharlie22 (142/150),189.38,"QB C.J. Stroud (134747-129471), RB Braelon Allen (134747-158412), RB Kenneth Walker III (134747-103342), WR Tee Higgins (134747-89981), WR Nico Collins (134747-91419), WR Zay Flowers (134747-112295), TE T.J. Hockenson (134747-71706), RB Christian McCaffrey (134747-55050), D Chicago Bears (134747-12527)"
208,3739638875,jesse2jacked (109/150),189.28,"QB C.J. Stroud (134747-129471), RB Chase Brown (134747-89493), RB Kenneth Walker III (134747-103342), WR Nico Collins (134747-91419), WR Zay Flowers (134747-112295), WR Michael Wilson (134747-89612), TE Brock Bowers (134747-151794), RB Emanuel Wilson (134747-185861), D Tampa Bay Buccaneers (134747-12551)"
208,3739532399,pittbulldawg (56/150),189.28,"QB C.J. Stroud (134747-129471), RB Javonte Williams (134747-93541), RB Aaron Jones Sr. (134747-40442), WR Nico Collins (134747-91419), WR Zay Flowers (134747-112295), WR Tee Higgins (134747-89981), TE Dalton Schultz (134747-55042), RB Kenneth Walker III (134747-103342), D New York Jets (134747-12544)"
208,3739548583,joem818 (1/1),189.28,"QB C.J. Stroud (134747-129471), RB Kenneth Walker III (134747-103342), RB Aaron Jones Sr. (134747-40442), WR Nico Collins (134747-91419), WR Michael Wilson (134747-89612), WR Puka Nacua (134747-103020), TE George Kittle (134747-39793), RB Emanuel Wilson (134747-185861), D New York Jets (134747-12544)"
211,3738537985,bhai (2/11),189.2,"QB Jameis Winston (134747-24849), RB Aaron Jones Sr. (134747-40442), RB Kenneth Walker III (134747-103342), WR Emeka Egbuka (134747-152655), WR CeeDee Lamb (134747-86631), WR Malik Nabers (134747-151761), TE T.J. Hockenson (134747-71706), WR Nico Collins (134747-91419), D Minnesota Vikings (134747-12540)"
211,3738666326,caddiekev (9/150),189.2,"QB Dak Prescott (134747-31716), RB Kenneth Walker III (134747-103342), RB Aaron Jones Sr. (134747-40442), WR Nico Collins (134747-91419), WR CeeDee Lamb (134747-86631), WR Ryan Flournoy (134747-201233), TE Brock Bowers (134747-151794), RB Emanuel Wilson (134747-185861), D Tampa Bay Buccaneers (134747-12551)"
211,3739084260,the_doosh (34/150),189.2,"QB Dak Prescott (134747-31716), RB Kenneth Walker III (134747-103342), RB Aaron Jones Sr. (134747-40442), WR CeeDee Lamb (134747-86631), WR Nico Collins (134747-91419), WR Ryan Flournoy (134747-201233), TE Brock Bowers (134747-151794), RB Emanuel Wilson (134747-185861), D New York Jets (134747-12544)"
214,3738819522,tacotime36 (130/150),189.18,"QB Lamar Jackson (134747-63115), RB Kyren Williams (134747-104433), RB Aaron Jones Sr. (134747-40442), WR CeeDee Lamb (134747-86631), WR Romeo Doubs (134747-94370), WR Tee Higgins (134747-89981), TE Mark Andrews (134747-52436), WR Zay Flowers (134747-112295), D Chicago Bears (134747-12527)"
214,3737449567,jnino1 (2/3),189.18,"QB C.J. Stroud (134747-129471), RB Kenneth Walker III (134747-103342), RB Derrick Henry (134747-39280), WR Nico Collins (134747-91419), WR CeeDee Lamb (134747-86631), WR Michael Wilson (134747-89612), TE Tyler Higbee (134747-47870), RB Emanuel Wilson (134747-185861), D Las Vegas Raiders (134747-12537)"
216,3738971525,steelbyrd (119/150),189.1,"QB Jameis Winston (134747-24849), RB Chase Brown (134747-89493), RB Aaron Jones Sr. (134747-40442), WR Malik Nabers (134747-151761), WR CeeDee Lamb (134747-86631), WR Nico Collins (134747-91419), TE Brenton Strange (134747-103587), RB Kenneth Walker III (134747-103342), D Tampa Bay Buccaneers (134747-12551)"
217,3739459719,bdoz1993 (98/150),189.08,"QB C.J. Stroud (134747-129471), RB Javonte Williams (134747-93541), RB Jeremiyah Love (134747-188171), WR Nico Collins (134747-91419), WR Zay Flowers (134747-112295), WR Jaylen Waddle (134747-90573), TE T.J. Hockenson (134747-71706), RB Kyren Williams (134747-104433), D Green Bay Packers (134747-12533)"
218,3739536819,whay2527 (6/10),189.02,"QB Sam Darnold (134747-63589), RB Kyren Williams (134747-104433), RB Emanuel Wilson (134747-185861), WR Zay Flowers (134747-112295), WR Wan'Dale Robinson (134747-103539), WR Malik Nabers (134747-151761), TE Brock Bowers (134747-151794), RB Kenneth Walker III (134747-103342), D Arizona Cardinals (134747-12546)"
218,3736768750,cleandrehood05 (138/150),189.02,"QB Joe Burrow (134747-63336), RB Kenneth Walker III (134747-103342), RB Aaron Jones Sr. (134747-40442), WR Zay Flowers (134747-112295), WR Tee Higgins (134747-89981), WR Michael Wilson (134747-89612), TE Brock Bowers (134747-151794), RB Emanuel Wilson (134747-185861), D Chicago Bears (134747-12527)"
220,3739390213,thevillageidiots (29/150),189.0,"QB Dak Prescott (134747-31716), RB Bhayshul Tuten (134747-160620), RB Braelon Allen (134747-158412), WR CeeDee Lamb (134747-86631), WR Tee Higgins (134747-89981), WR Nico Collins (134747-91419), TE T.J. Hockenson (134747-71706), RB Kenneth Walker III (134747-103342), D Tampa Bay Buccaneers (134747-12551)"
221,3737749635,racktracker13 (40/150),188.98,"QB C.J. Stroud (134747-129471), RB Javonte Williams (134747-93541), RB Kenneth Walker III (134747-103342), WR Michael Wilson (134747-89612), WR Nico Collins (134747-91419), WR Kalif Raymond (134747-70422), TE George Kittle (134747-39793), WR CeeDee Lamb (134747-86631), D Miami Dolphins (134747-12539)"
221,3737014965,texasboss302 (12/150),188.98,"QB C.J. Stroud (134747-129471), RB Kenneth Walker III (134747-103342), RB Derrick Henry (134747-39280), WR CeeDee Lamb (134747-86631), WR Michael Wilson (134747-89612), WR Nico Collins (134747-91419), TE Isaiah Likely (134747-87260), TE T.J. Hockenson (134747-71706), D Los Angeles Chargers (134747-12548)"
221,3738849007,fuzzywuzzybear (32/150),188.98,"QB C.J. Stroud (134747-129471), RB Braelon Allen (134747-158412), RB Emanuel Wilson (134747-185861), WR Nico Collins (134747-91419), WR CeeDee Lamb (134747-86631), WR Puka Nacua (134747-103020), TE Brock Bowers (134747-151794), RB Aaron Jones Sr. (134747-40442), D New York Jets (134747-12544)"
221,3737611993,mxd333 (11/150),188.98,"QB C.J. Stroud (134747-129471), RB Cam Skattebo (134747-183240), RB Aaron Jones Sr. (134747-40442), WR CeeDee Lamb (134747-86631), WR Nico Collins (134747-91419), WR Zay Flowers (134747-112295), TE Brock Bowers (134747-151794), RB Emanuel Wilson (134747-185861), D Chicago Bears (134747-12527)"
221,3739187570,bkshockers (2/150),188.98,"QB C.J. Stroud (134747-129471), RB Jeremiyah Love (134747-188171), RB Aaron Jones Sr. (134747-40442), WR Nico Collins (134747-91419), WR Tee Higgins (134747-89981), WR Zay Flowers (134747-112295), TE T.J. Hockenson (134747-71706), RB Kenneth Walker III (134747-103342), D Minnesota Vikings (134747-12540)"
226,3737078158,dre1957 (65/120),188.92,"QB Brock Purdy (134747-85607), RB Kyle Monangai (134747-144102), RB Aaron Jones Sr. (134747-40442), WR Jordan Addison (134747-129210), WR CeeDee Lamb (134747-86631), WR Tee Higgins (134747-89981), TE Mark Andrews (134747-52436), RB Kyren Williams (134747-104433), D New York Giants (134747-12543)"
227,3738267223,armoheat21 (15/35),188.9,"QB Dak Prescott (134747-31716), RB Braelon Allen (134747-158412), RB Emanuel Wilson (134747-185861), WR CeeDee Lamb (134747-86631), WR Nico Collins (134747-91419), WR Michael Wilson (134747-89612), TE Isaiah Likely (134747-87260), RB Kenneth Walker III (134747-103342), D Seattle Seahawks (134747-12550)"
228,3738103315,tmusales (28/150),188.88,"QB C.J. Stroud (134747-129471), RB Rhamondre Stevenson (134747-111540), RB Aaron Jones Sr. (134747-40442), WR CeeDee Lamb (134747-86631), WR Nico Collins (134747-91419), WR Jaxon Smith-Njigba (134747-129458), TE T.J. Hockenson (134747-71706), RB Emanuel Wilson (134747-185861), D Minnesota Vikings (134747-12540)"
228,3739800922,kennyg367 (7/8),188.88,"QB C.J. Stroud (134747-129471), RB Kenneth Walker III (134747-103342), RB Aaron Jones Sr. (134747-40442), WR Nico Collins (134747-91419), WR CeeDee Lamb (134747-86631), WR Jordan Addison (134747-129210), TE Michael Mayer (134747-138998), WR Tee Higgins (134747-89981), D Los Angeles Rams (134747-12538)"
230,3739658359,iangarf (145/150),188.78,"QB C.J. Stroud (134747-129471), RB Jeremiyah Love (134747-188171), RB Aaron Jones Sr. (134747-40442), WR Nico Collins (134747-91419), WR CeeDee Lamb (134747-86631), WR Tee Higgins (134747-89981), TE Mark Andrews (134747-52436), RB Kenneth Walker III (134747-103342), D Chicago Bears (134747-12527)"
230,3739629417,bondzai (61/150),188.78,"QB C.J. Stroud (134747-129471), RB Chase Brown (134747-89493), RB Emanuel Wilson (134747-185861), WR Tee Higgins (134747-89981), WR Brian Thomas Jr. (134747-151745), WR Nico Collins (134747-91419), TE George Kittle (134747-39793), RB Kenneth Walker III (134747-103342), D Seattle Seahawks (134747-12550)"
230,3738686544,wiseofcfc (2/3),188.78,"QB C.J. Stroud (134747-129471), RB Kenneth Walker III (134747-103342), RB Jeremiyah Love (134747-188171), WR CeeDee Lamb (134747-86631), WR Nico Collins (134747-91419), WR Tee Higgins (134747-89981), TE Mark Andrews (134747-52436), RB Aaron Jones Sr. (134747-40442), D Chicago Bears (134747-12527)"
230,3739532350,pittbulldawg (49/150),188.78,"QB C.J. Stroud (134747-129471), RB Braelon Allen (134747-158412), RB Aaron Jones Sr. (134747-40442), WR CeeDee Lamb (134747-86631), WR Nico Collins (134747-91419), WR Zay Flowers (134747-112295), TE Dalton Schultz (134747-55042), RB Kenneth Walker III (134747-103342), D New York Giants (134747-12543)"
234,3738334768,madhopsoo (83/150),188.6,"QB Jameis Winston (134747-24849), RB Kenneth Walker III (134747-103342), RB Jeremiyah Love (134747-188171), WR Zay Flowers (134747-112295), WR Malik Nabers (134747-151761), WR Nico Collins (134747-91419), TE Isaiah Likely (134747-87260), WR CeeDee Lamb (134747-86631), D Tampa Bay Buccaneers (134747-12551)"
235,3739408268,jmoswalt (82/150),188.58,"QB C.J. Stroud (134747-129471), RB D'Andre Swift (134747-91598), RB Kenneth Walker III (134747-103342), WR CeeDee Lamb (134747-86631), WR Zay Flowers (134747-112295), WR Nico Collins (134747-91419), TE T.J. Hockenson (134747-71706), WR Tre Tucker (134747-103619), D Cincinnati Bengals (134747-12528)"
235,3738831885,mykaahhhh (40/150),188.58,"QB C.J. Stroud (134747-129471), RB Christian McCaffrey (134747-55050), RB Kenneth Walker III (134747-103342), WR Nico Collins (134747-91419), WR CeeDee Lamb (134747-86631), WR Jaylen Waddle (134747-90573), TE Isaiah Likely (134747-87260), TE T.J. Hockenson (134747-71706), D Tampa Bay Buccaneers (134747-12551)"
237,3737018447,davidarussellii (1/9),188.52,"QB Joe Burrow (134747-63336), RB Aaron Jones Sr. (134747-40442), RB Kenneth Walker III (134747-103342), WR Tee Higgins (134747-89981), WR Matthew Golden (134747-166916), WR Romeo Doubs (134747-94370), TE Brock Bowers (134747-151794), WR Zay Flowers (134747-112295), D New York Giants (134747-12543)"
238,3738986990,fuzz988 (130/150),188.38,"QB C.J. Stroud (134747-129471), RB Ashton Jeanty (134747-167031), RB Emanuel Wilson (134747-185861), WR Puka Nacua (134747-103020), WR CeeDee Lamb (134747-86631), WR Nico Collins (134747-91419), TE T.J. Hockenson (134747-71706), TE Travis Kelce (134747-33076), D New England Patriots (134747-12541)"
238,3739402745,jusnit (48/150),188.38,"QB C.J. Stroud (134747-129471), RB Javonte Williams (134747-93541), RB James Cook III (134747-91626), WR Malik Nabers (134747-151761), WR Nico Collins (134747-91419), WR CeeDee Lamb (134747-86631), TE Isaiah Likely (134747-87260), RB Aaron Jones Sr. (134747-40442), D Los Angeles Chargers (134747-12548)"
238,3737792794,burgeboy01 (134/150),188.38,"QB Matthew Stafford (134747-6654), RB Kenneth Walker III (134747-103342), RB Kyren Williams (134747-104433), WR CeeDee Lamb (134747-86631), WR Tee Higgins (134747-89981), WR Malik Nabers (134747-151761), TE Kenyon Sadiq (134747-184873), TE T.J. Hockenson (134747-71706), D Cincinnati Bengals (134747-12528)"
238,3738615402,hoskinsonk (1/1),188.38,"QB C.J. Stroud (134747-129471), RB Bhayshul Tuten (134747-160620), RB Aaron Jones Sr. (134747-40442), WR Nico Collins (134747-91419), WR CeeDee Lamb (134747-86631), WR Tee Higgins (134747-89981), TE Brock Bowers (134747-151794), RB Emanuel Wilson (134747-185861), D Buffalo Bills (134747-12526)"
242,3739693619,dawkinsdestroyers (28/36),188.32,"QB Brock Purdy (134747-85607), RB Kenneth Walker III (134747-103342), RB Kyren Williams (134747-104433), WR CeeDee Lamb (134747-86631), WR Nico Collins (134747-91419), WR Wan'Dale Robinson (134747-103539), TE Tyler Higbee (134747-47870), RB Aaron Jones Sr. (134747-40442), D Los Angeles Chargers (134747-12548)"
243,3739700278,wine468 (8/11),188.28,"QB C.J. Stroud (134747-129471), RB Emanuel Wilson (134747-185861), RB Braelon Allen (134747-158412), WR Jaxon Smith-Njigba (134747-129458), WR Puka Nacua (134747-103020), WR CeeDee Lamb (134747-86631), TE T.J. Hockenson (134747-71706), RB Kyle Monangai (134747-144102), D New York Jets (134747-12544)"
243,3737407187,arobinson11 (53/150),188.28,"QB C.J. Stroud (134747-129471), RB Cam Skattebo (134747-183240), RB Jeremiyah Love (134747-188171), WR CeeDee Lamb (134747-86631), WR Nico Collins (134747-91419), WR Tee Higgins (134747-89981), TE T.J. Hockenson (134747-71706), RB Kenneth Walker III (134747-103342), D Los Angeles Chargers (134747-12548)"
243,3739236892,las0pa1972 (56/81),188.28,"QB C.J. Stroud (134747-129471), RB Braelon Allen (134747-158412), RB Kenneth Walker III (134747-103342), WR Nico Collins (134747-91419), WR CeeDee Lamb (134747-86631), WR Jaylen Waddle (134747-90573), TE T.J. Hockenson (134747-71706), TE Brock Bowers (134747-151794), D Buffalo Bills (134747-12526)"
243,3739532246,pittbulldawg (33/150),188.28,"QB C.J. Stroud (134747-129471), RB Javonte Williams (134747-93541), RB Aaron Jones Sr. (134747-40442), WR Nico Collins (134747-91419), WR Zay Flowers (134747-112295), WR Tee Higgins (134747-89981), TE Dalton Schultz (134747-55042), RB Kenneth Walker III (134747-103342), D Cincinnati Bengals (134747-12528)"
243,3739532386,pittbulldawg (54/150),188.28,"QB C.J. Stroud (134747-129471), RB Javonte Williams (134747-93541), RB Aaron Jones Sr. (134747-40442), WR Nico Collins (134747-91419), WR Zay Flowers (134747-112295), WR Tee Higgins (134747-89981), TE Dalton Schultz (134747-55042), RB Kenneth Walker III (134747-103342), D Los Angeles Chargers (134747-12548)"
248,3739447090,hugepizzamakers (27/150),188.08,"QB C.J. Stroud (134747-129471), RB Aaron Jones Sr. (134747-40442), RB Kenneth Walker III (134747-103342), WR Michael Wilson (134747-89612), WR Nico Collins (134747-91419), WR CeeDee Lamb (134747-86631), TE Isaiah Likely (134747-87260), TE Brock Bowers (134747-151794), D Chicago Bears (134747-12527)"
248,3739584397,chuckralich (70/150),188.08,"QB C.J. Stroud (134747-129471), RB D'Andre Swift (134747-91598), RB Emanuel Wilson (134747-185861), WR Garrett Wilson (134747-103564), WR CeeDee Lamb (134747-86631), WR Nico Collins (134747-91419), TE T.J. Hockenson (134747-71706), RB Kenneth Walker III (134747-103342), D Tampa Bay Buccaneers (134747-12551)"
248,3736963081,gregv28 (42/150),188.08,"QB C.J. Stroud (134747-129471), RB Javonte Williams (134747-93541), RB Jeremiyah Love (134747-188171), WR CeeDee Lamb (134747-86631), WR Christian Watson (134747-169776), WR Nico Collins (134747-91419), TE T.J. Hockenson (134747-71706), RB Emanuel Wilson (134747-185861), D Minnesota Vikings (134747-12540)"
248,3739364413,csoto2700 (128/150),188.08,"QB C.J. Stroud (134747-129471), RB Kyren Williams (134747-104433), RB Javonte Williams (134747-93541), WR CeeDee Lamb (134747-86631), WR Nico Collins (134747-91419), WR Matthew Golden (134747-166916), TE Brock Bowers (134747-151794), TE Foster Moreau (134747-60712), D Jacksonville Jaguars (134747-12554)"
248,3738756773,porterj1223 (132/150),188.08,"QB C.J. Stroud (134747-129471), RB Jeremiyah Love (134747-188171), RB Emanuel Wilson (134747-185861), WR Luther Burden III (134747-166092), WR CeeDee Lamb (134747-86631), WR Nico Collins (134747-91419), TE Brock Bowers (134747-151794), RB Kenneth Walker III (134747-103342), D Cincinnati Bengals (134747-12528)"
248,3738217401,mrraged (41/150),188.08,"QB C.J. Stroud (134747-129471), RB Kenneth Walker III (134747-103342), RB Aaron Jones Sr. (134747-40442), WR CeeDee Lamb (134747-86631), WR Nico Collins (134747-91419), WR Michael Wilson (134747-89612), TE Brock Bowers (134747-151794), TE Isaiah Likely (134747-87260), D Chicago Bears (134747-12527)"
254,3738848213,rey81 (79/150),187.98,"QB C.J. Stroud (134747-129471), RB Chase Brown (134747-89493), RB Kyren Williams (134747-104433), WR Jordan Addison (134747-129210), WR CeeDee Lamb (134747-86631), WR Nico Collins (134747-91419), TE T.J. Hockenson (134747-71706), TE George Kittle (134747-39793), D Chicago Bears (134747-12527)"
254,3739779354,drtm1689 (21/150),187.98,"QB C.J. Stroud (134747-129471), RB Braelon Allen (134747-158412), RB Aaron Jones Sr. (134747-40442), WR Zay Flowers (134747-112295), WR Nico Collins (134747-91419), WR CeeDee Lamb (134747-86631), TE Isaiah Likely (134747-87260), RB Kenneth Walker III (134747-103342), D Tampa Bay Buccaneers (134747-12551)"
254,3739684734,pumpumbeast (4/52),187.98,"QB C.J. Stroud (134747-129471), RB Christian McCaffrey (134747-55050), RB Kenneth Walker III (134747-103342), WR CeeDee Lamb (134747-86631), WR Nico Collins (134747-91419), WR Luther Burden III (134747-166092), TE Isaiah Likely (134747-87260), TE T.J. Hockenson (134747-71706), D Chicago Bears (134747-12527)"
257,3738784120,miramik (6/13),187.82,"QB Tyson Bagent (134747-185776), RB Kyle Monangai (134747-144102), RB Kenneth Walker III (134747-103342), WR CeeDee Lamb (134747-86631), WR Puka Nacua (134747-103020), WR Tee Higgins (134747-89981), TE Mike Gesicki (134747-56265), WR Rome Odunze (134747-120033), D Los Angeles Chargers (134747-12548)"
258,3739638615,jesse2jacked (73/150),187.78,"QB C.J. Stroud (134747-129471), RB Javonte Williams (134747-93541), RB Aaron Jones Sr. (134747-40442), WR Garrett Wilson (134747-103564), WR Nico Collins (134747-91419), WR Zay Flowers (134747-112295), TE T.J. Hockenson (134747-71706), RB Kenneth Walker III (134747-103342), D Cincinnati Bengals (134747-12528)"
258,3739290676,mrjinx (65/150),187.78,"QB C.J. Stroud (134747-129471), RB Bhayshul Tuten (134747-160620), RB Emanuel Wilson (134747-185861), WR Nico Collins (134747-91419), WR Michael Wilson (134747-89612), WR Zay Flowers (134747-112295), TE Brock Bowers (134747-151794), RB Kenneth Walker III (134747-103342), D Chicago Bears (134747-12527)"
258,3738899447,dolomagic (102/150),187.78,"QB C.J. Stroud (134747-129471), RB Aaron Jones Sr. (134747-40442), RB Kenneth Walker III (134747-103342), WR Nico Collins (134747-91419), WR CeeDee Lamb (134747-86631), WR Courtland Sutton (134747-57403), TE Brenton Strange (134747-103587), RB Emanuel Wilson (134747-185861), D Minnesota Vikings (134747-12540)"
258,3739406339,juiceizluice (28/100),187.78,"QB C.J. Stroud (134747-129471), RB Aaron Jones Sr. (134747-40442), RB Jeremiyah Love (134747-188171), WR CeeDee Lamb (134747-86631), WR Nico Collins (134747-91419), WR Malik Nabers (134747-151761), TE Mark Andrews (134747-52436), RB Kenneth Walker III (134747-103342), D Chicago Bears (134747-12527)"
258,3736988379,kelcodes (145/150),187.78,"QB C.J. Stroud (134747-129471), RB Braelon Allen (134747-158412), RB Derrick Henry (134747-39280), WR Nico Collins (134747-91419), WR Tee Higgins (134747-89981), WR Zay Flowers (134747-112295), TE T.J. Hockenson (134747-71706), RB Kenneth Walker III (134747-103342), D New York Jets (134747-12544)"
258,3737575460,akfamily (73/150),187.78,"QB C.J. Stroud (134747-129471), RB Derrick Henry (134747-39280), RB Braelon Allen (134747-158412), WR Zay Flowers (134747-112295), WR Tee Higgins (134747-89981), WR Nico Collins (134747-91419), TE T.J. Hockenson (134747-71706), RB Kenneth Walker III (134747-103342), D New York Jets (134747-12544)"
264,3739143038,yold6 (131/150),187.7,"QB Dak Prescott (134747-31716), RB Braelon Allen (134747-158412), RB Kenneth Walker III (134747-103342), WR CeeDee Lamb (134747-86631), WR George Pickens (134747-110246), WR Nico Collins (134747-91419), TE T.J. Hockenson (134747-71706), RB Emanuel Wilson (134747-185861), D Cincinnati Bengals (134747-12528)"
264,3739677555,misplaced_viking (48/50),187.7,"QB Kirk Cousins (134747-22038), RB Kenneth Walker III (134747-103342), RB Emanuel Wilson (134747-185861), WR Tre Tucker (134747-103619), WR Makai Lemon (134747-183380), WR Nico Collins (134747-91419), TE Brock Bowers (134747-151794), RB Kyren Williams (134747-104433), D Seattle Seahawks (134747-12550)"
266,3739623359,hhoang529 (85/150),187.68,"QB C.J. Stroud (134747-129471), RB Aaron Jones Sr. (134747-40442), RB Kyren Williams (134747-104433), WR Nico Collins (134747-91419), WR Malik Nabers (134747-151761), WR Romeo Doubs (134747-94370), TE Tucker Kraft (134747-160303), RB James Cook III (134747-91626), D Seattle Seahawks (134747-12550)"
267,3739000862,glenr1031 (47/150),187.58,"QB C.J. Stroud (134747-129471), RB Braelon Allen (134747-158412), RB Javonte Williams (134747-93541), WR Jaxon Smith-Njigba (134747-129458), WR Nico Collins (134747-91419), WR Romeo Doubs (134747-94370), TE T.J. Hockenson (134747-71706), RB Kenneth Walker III (134747-103342), D Arizona Cardinals (134747-12546)"
268,3738829733,fortyozman (50/150),187.52,"QB Joe Burrow (134747-63336), RB James Cook III (134747-91626), RB Aaron Jones Sr. (134747-40442), WR Nico Collins (134747-91419), WR CeeDee Lamb (134747-86631), WR Michael Wilson (134747-89612), TE T.J. Hockenson (134747-71706), WR Tee Higgins (134747-89981), D Cincinnati Bengals (134747-12528)"
269,3738900186,bkeagle97 (76/150),187.5,"QB Dak Prescott (134747-31716), RB Kenneth Walker III (134747-103342), RB Javonte Williams (134747-93541), WR CeeDee Lamb (134747-86631), WR Jordan Addison (134747-129210), WR Rome Odunze (134747-120033), TE T.J. Hockenson (134747-71706), RB Emanuel Wilson (134747-185861), D Denver Broncos (134747-12531)"
270,3738739992,steven_1974 (107/150),187.48,"QB C.J. Stroud (134747-129471), RB Aaron Jones Sr. (134747-40442), RB James Cook III (134747-91626), WR CeeDee Lamb (134747-86631), WR Zay Flowers (134747-112295), WR Nico Collins (134747-91419), TE T.J. Hockenson (134747-71706), WR Jaylen Waddle (134747-90573), D Chicago Bears (134747-12527)"
270,3738845422,jeffylube (88/150),187.48,"QB C.J. Stroud (134747-129471), RB Jeremiyah Love (134747-188171), RB Javonte Williams (134747-93541), WR Michael Wilson (134747-89612), WR Nico Collins (134747-91419), WR CeeDee Lamb (134747-86631), TE Isaiah Likely (134747-87260), RB Kenneth Walker III (134747-103342), D Los Angeles Chargers (134747-12548)"
270,3738234425,dasportsguru (3/150),187.48,"QB C.J. Stroud (134747-129471), RB Emanuel Wilson (134747-185861), RB Braelon Allen (134747-158412), WR Jordan Addison (134747-129210), WR Nico Collins (134747-91419), WR CeeDee Lamb (134747-86631), TE Brock Bowers (134747-151794), RB Kenneth Walker III (134747-103342), D Los Angeles Chargers (134747-12548)"
270,3739471350,ezmoneyjr (4/150),187.48,"QB C.J. Stroud (134747-129471), RB Chase Brown (134747-89493), RB Aaron Jones Sr. (134747-40442), WR Nico Collins (134747-91419), WR CeeDee Lamb (134747-86631), WR Jordan Addison (134747-129210), TE T.J. Hockenson (134747-71706), RB Kenneth Walker III (134747-103342), D Tampa Bay Buccaneers (134747-12551)"
270,3739771739,barrywomack (20/150),187.48,"QB C.J. Stroud (134747-129471), RB Javonte Williams (134747-93541), RB Christian McCaffrey (134747-55050), WR Jakobi Meyers (134747-63634), WR Nico Collins (134747-91419), WR Tee Higgins (134747-89981), TE T.J. Hockenson (134747-71706), RB Kenneth Walker III (134747-103342), D Cincinnati Bengals (134747-12528)"
275,3737574583,vili99 (119/150),187.42,"QB Joe Burrow (134747-63336), RB Javonte Williams (134747-93541), RB Christian McCaffrey (134747-55050), WR Nico Collins (134747-91419), WR Zay Flowers (134747-112295), WR Khalil Shakir (134747-86518), TE T.J. Hockenson (134747-71706), WR Tee Higgins (134747-89981), D Tampa Bay Buccaneers (134747-12551)"
276,3739352024,destructiondealers101 (150/150),187.4,"QB Dak Prescott (134747-31716), RB Kenneth Walker III (134747-103342), RB Emanuel Wilson (134747-185861), WR Carnell Tate (134747-183756), WR CeeDee Lamb (134747-86631), WR Nico Collins (134747-91419), TE Travis Kelce (134747-33076), RB Aaron Jones Sr. (134747-40442), D Buffalo Bills (134747-12526)"
276,3739402170,dts7095 (4/9),187.4,"QB Dak Prescott (134747-31716), RB Kenneth Walker III (134747-103342), RB Emanuel Wilson (134747-185861), WR CeeDee Lamb (134747-86631), WR Nico Collins (134747-91419), WR Dontayvion Wicks (134747-110457), TE Brenton Strange (134747-103587), WR Michael Wilson (134747-89612), D Seattle Seahawks (134747-12550)"
278,3739044953,ukmel1603 (1/1),187.38,"QB C.J. Stroud (134747-129471), RB Aaron Jones Sr. (134747-40442), RB Kenneth Walker III (134747-103342), WR Nico Collins (134747-91419), WR Malik Nabers (134747-151761), WR CeeDee Lamb (134747-86631), TE Dalton Schultz (134747-55042), RB Rhamondre Stevenson (134747-111540), D Los Angeles Rams (134747-12538)"
278,3736846752,comperio (5/150),187.38,"QB C.J. Stroud (134747-129471), RB Jeremiyah Love (134747-188171), RB Aaron Jones Sr. (134747-40442), WR CeeDee Lamb (134747-86631), WR Nico Collins (134747-91419), WR Zay Flowers (134747-112295), TE Mark Andrews (134747-52436), RB Kenneth Walker III (134747-103342), D Miami Dolphins (134747-12539)"
278,3739583716,bobby_boucher6969 (9/120),187.38,"QB C.J. Stroud (134747-129471), RB Kenneth Walker III (134747-103342), RB Bhayshul Tuten (134747-160620), WR Nico Collins (134747-91419), WR CeeDee Lamb (134747-86631), WR Zay Flowers (134747-112295), TE Dalton Schultz (134747-55042), WR Carnell Tate (134747-183756), D Tampa Bay Buccaneers (134747-12551)"
278,3739558852,patsummerallsliver (126/150),187.38,"QB C.J. Stroud (134747-129471), RB Braelon Allen (134747-158412), RB Emanuel Wilson (134747-185861), WR CeeDee Lamb (134747-86631), WR Nico Collins (134747-91419), WR Zay Flowers (134747-112295), TE Brock Bowers (134747-151794), RB Ashton Jeanty (134747-167031), D Cincinnati Bengals (134747-12528)"
278,3739450685,imheretogetmybag (113/150),187.38,"QB C.J. Stroud (134747-129471), RB James Cook III (134747-91626), RB Emanuel Wilson (134747-185861), WR CeeDee Lamb (134747-86631), WR Garrett Wilson (134747-103564), WR Nico Collins (134747-91419), TE Brenton Strange (134747-103587), WR Malik Nabers (134747-151761), D New York Giants (134747-12543)"
278,3739735043,pete7863 (54/150),187.38,"QB C.J. Stroud (134747-129471), RB Derrick Henry (134747-39280), RB Kenneth Walker III (134747-103342), WR Nico Collins (134747-91419), WR CeeDee Lamb (134747-86631), WR Darius Cooper (134747-226859), TE Isaiah Likely (134747-87260), WR Michael Wilson (134747-89612), D Chicago Bears (134747-12527)"
284,3739727479,battricks (12/121),187.28,"QB C.J. Stroud (134747-129471), RB David Montgomery (134747-73273), RB Kenneth Walker III (134747-103342), WR Nico Collins (134747-91419), WR Zay Flowers (134747-112295), WR Tee Higgins (134747-89981), TE T.J. Hockenson (134747-71706), RB Aaron Jones Sr. (134747-40442), D Minnesota Vikings (134747-12540)"
284,3739727488,battricks (13/121),187.28,"QB C.J. Stroud (134747-129471), RB David Montgomery (134747-73273), RB Kenneth Walker III (134747-103342), WR Nico Collins (134747-91419), WR Zay Flowers (134747-112295), WR Tee Higgins (134747-89981), TE T.J. Hockenson (134747-71706), RB Aaron Jones Sr. (134747-40442), D Minnesota Vikings (134747-12540)"
284,3739727492,battricks (14/121),187.28,"QB C.J. Stroud (134747-129471), RB David Montgomery (134747-73273), RB Kenneth Walker III (134747-103342), WR Nico Collins (134747-91419), WR Zay Flowers (134747-112295), WR Tee Higgins (134747-89981), TE T.J. Hockenson (134747-71706), RB Aaron Jones Sr. (134747-40442), D Minnesota Vikings (134747-12540)"
284,3739727501,battricks (15/121),187.28,"QB C.J. Stroud (134747-129471), RB David Montgomery (134747-73273), RB Kenneth Walker III (134747-103342), WR Nico Collins (134747-91419), WR Zay Flowers (134747-112295), WR Tee Higgins (134747-89981), TE T.J. Hockenson (134747-71706), RB Aaron Jones Sr. (134747-40442), D Minnesota Vikings (134747-12540)"
284,3739727509,battricks (16/121),187.28,"QB C.J. Stroud (134747-129471), RB David Montgomery (134747-73273), RB Kenneth Walker III (134747-103342), WR Nico Collins (134747-91419), WR Zay Flowers (134747-112295), WR Tee Higgins (134747-89981), TE T.J. Hockenson (134747-71706), RB Aaron Jones Sr. (134747-40442), D Minnesota Vikings (134747-12540)"
284,3739727515,battricks (17/121),187.28,"QB C.J. Stroud (134747-129471), RB David Montgomery (134747-73273), RB Kenneth Walker III (134747-103342), WR Nico Collins (134747-91419), WR Zay Flowers (134747-112295), WR Tee Higgins (134747-89981), TE T.J. Hockenson (134747-71706), RB Aaron Jones Sr. (134747-40442), D Minnesota Vikings (134747-12540)"
284,3739727520,battricks (18/121),187.28,"QB C.J. Stroud (134747-129471), RB David Montgomery (134747-73273), RB Kenneth Walker III (134747-103342), WR Nico Collins (134747-91419), WR Zay Flowers (134747-112295), WR Tee Higgins (134747-89981), TE T.J. Hockenson (134747-71706), RB Aaron Jones Sr. (134747-40442), D Minnesota Vikings (134747-12540)"
284,3739727524,battricks (19/121),187.28,"QB C.J. Stroud (134747-129471), RB David Montgomery (134747-73273), RB Kenneth Walker III (134747-103342), WR Nico Collins (134747-91419), WR Zay Flowers (134747-112295), WR Tee Higgins (134747-89981), TE T.J. Hockenson (134747-71706), RB Aaron Jones Sr. (134747-40442), D Minnesota Vikings (134747-12540)"
284,3739727531,battricks (20/121),187.28,"QB C.J. Stroud (134747-129471), RB David Montgomery (134747-73273), RB Kenneth Walker III (134747-103342), WR Nico Collins (134747-91419), WR Zay Flowers (134747-112295), WR Tee Higgins (134747-89981), TE T.J. Hockenson (134747-71706), RB Aaron Jones Sr. (134747-40442), D Minnesota Vikings (134747-12540)"
284,3739727540,battricks (21/121),187.28,"QB C.J. Stroud (134747-129471), RB David Montgomery (134747-73273), RB Kenneth Walker III (134747-103342), WR Nico Collins (134747-91419), WR Zay Flowers (134747-112295), WR Tee Higgins (134747-89981), TE T.J. Hockenson (134747-71706), RB Aaron Jones Sr. (134747-40442), D Minnesota Vikings (134747-12540)"
284,3738585898,alexvansoelen (103/150),187.28,"QB C.J. Stroud (134747-129471), RB Emanuel Wilson (134747-185861), RB Kenneth Walker III (134747-103342), WR Matthew Golden (134747-166916), WR Nico Collins (134747-91419), WR Malik Nabers (134747-151761), TE Brock Bowers (134747-151794), WR Michael Wilson (134747-89612), D Minnesota Vikings (134747-12540)"
295,3738723351,dykstra724 (25/150),187.2,"QB Dak Prescott (134747-31716), RB Christian McCaffrey (134747-55050), RB Emanuel Wilson (134747-185861), WR CeeDee Lamb (134747-86631), WR Zay Flowers (134747-112295), WR Ryan Flournoy (134747-201233), TE T.J. Hockenson (134747-71706), RB Kenneth Walker III (134747-103342), D Tampa Bay Buccaneers (134747-12551)"
296,3738829696,fortyozman (29/150),187.18,"QB C.J. Stroud (134747-129471), RB Chase Brown (134747-89493), RB Aaron Jones Sr. (134747-40442), WR Nico Collins (134747-91419), WR CeeDee Lamb (134747-86631), WR Romeo Doubs (134747-94370), TE Brock Bowers (134747-151794), WR Tee Higgins (134747-89981), D Cincinnati Bengals (134747-12528)"
296,3738899422,dolomagic (92/150),187.18,"QB C.J. Stroud (134747-129471), RB Chase Brown (134747-89493), RB Aaron Jones Sr. (134747-40442), WR Carnell Tate (134747-183756), WR Nico Collins (134747-91419), WR CeeDee Lamb (134747-86631), TE Tyler Higbee (134747-47870), RB Kenneth Walker III (134747-103342), D Buffalo Bills (134747-12526)"
298,3739775818,cosmoney (149/149),187.08,"QB C.J. Stroud (134747-129471), RB Kenneth Walker III (134747-103342), RB Aaron Jones Sr. (134747-40442), WR CeeDee Lamb (134747-86631), WR George Pickens (134747-110246), WR Nico Collins (134747-91419), TE Mark Andrews (134747-52436), WR Carnell Tate (134747-183756), D Chicago Bears (134747-12527)"
298,3737107279,fonze1194 (115/150),187.08,"QB C.J. Stroud (134747-129471), RB Kenneth Walker III (134747-103342), RB D'Andre Swift (134747-91598), WR Zay Flowers (134747-112295), WR CeeDee Lamb (134747-86631), WR Nico Collins (134747-91419), TE Dalton Schultz (134747-55042), TE T.J. Hockenson (134747-71706), D Chicago Bears (134747-12527)"
298,3739670427,bagdons1 (70/118),187.08,"QB C.J. Stroud (134747-129471), RB Kenneth Walker III (134747-103342), RB Javonte Williams (134747-93541), WR Nico Collins (134747-91419), WR CeeDee Lamb (134747-86631), WR Keon Coleman (134747-157467), TE Jake Ferguson (134747-89680), RB George Holani (134747-114231), D Kansas City Chiefs (134747-12536)"
301,3739658181,iangarf (119/150),187.0,"QB Dak Prescott (134747-31716), RB Aaron Jones Sr. (134747-40442), RB Kenneth Walker III (134747-103342), WR Nico Collins (134747-91419), WR CeeDee Lamb (134747-86631), WR Matthew Golden (134747-166916), TE Dalton Schultz (134747-55042), RB Emanuel Wilson (134747-185861), D New York Giants (134747-12543)"
302,3738266102,american_radical (41/150),186.98,"QB C.J. Stroud (134747-129471), RB Kenneth Walker III (134747-103342), RB James Cook III (134747-91626), WR CeeDee Lamb (134747-86631), WR Nico Collins (134747-91419), WR Jaylen Waddle (134747-90573), TE T.J. Hockenson (134747-71706), RB Braelon Allen (134747-158412), D Tampa Bay Buccaneers (134747-12551)"
302,3738276099,mdicicco32 (84/150),186.98,"QB C.J. Stroud (134747-129471), RB Kenneth Walker III (134747-103342), RB Ashton Jeanty (134747-167031), WR Zay Flowers (134747-112295), WR Carnell Tate (134747-183756), WR CeeDee Lamb (134747-86631), TE Dalton Schultz (134747-55042), TE T.J. Hockenson (134747-71706), D Green Bay Packers (134747-12533)"
304,3738260196,skooter1184 (40/149),186.9,"QB Dak Prescott (134747-31716), RB Aaron Jones Sr. (134747-40442), RB Ashton Jeanty (134747-167031), WR Puka Nacua (134747-103020), WR CeeDee Lamb (134747-86631), WR Luther Burden III (134747-166092), TE T.J. Hockenson (134747-71706), WR Tyquan Thornton (134747-89220), D New York Giants (134747-12543)"
305,3739751598,peteg9699 (92/150),186.88,"QB C.J. Stroud (134747-129471), RB James Cook III (134747-91626), RB Christian McCaffrey (134747-55050), WR CeeDee Lamb (134747-86631), WR Nico Collins (134747-91419), WR Michael Wilson (134747-89612), TE T.J. Hockenson (134747-71706), RB Emanuel Wilson (134747-185861), D Tampa Bay Buccaneers (134747-12551)"
305,3739238520,gormley85 (77/150),186.88,"QB C.J. Stroud (134747-129471), RB Aaron Jones Sr. (134747-40442), RB Kenneth Walker III (134747-103342), WR CeeDee Lamb (134747-86631), WR Carnell Tate (134747-183756), WR Nico Collins (134747-91419), TE Dalton Schultz (134747-55042), TE Brock Bowers (134747-151794), D Chicago Bears (134747-12527)"
305,3739343638,stiflersmom (4/150),186.88,"QB C.J. Stroud (134747-129471), RB Javonte Williams (134747-93541), RB Jeremiyah Love (134747-188171), WR Luther Burden III (134747-166092), WR CeeDee Lamb (134747-86631), WR Nico Collins (134747-91419), TE Isaiah Likely (134747-87260), RB Kenneth Walker III (134747-103342), D Chicago Bears (134747-12527)"
308,3738833285,mountaindogg (145/150),186.8,"QB Dak Prescott (134747-31716), RB Javonte Williams (134747-93541), RB Braelon Allen (134747-158412), WR Nico Collins (134747-91419), WR CeeDee Lamb (134747-86631), WR Tee Higgins (134747-89981), TE George Kittle (134747-39793), RB Rhamondre Stevenson (134747-111540), D Chicago Bears (134747-12527)"
308,3739334132,daily_big_kahuna (26/150),186.8,"QB Dak Prescott (134747-31716), RB Javonte Williams (134747-93541), RB Aaron Jones Sr. (134747-40442), WR CeeDee Lamb (134747-86631), WR Zay Flowers (134747-112295), WR Ryan Flournoy (134747-201233), TE T.J. Hockenson (134747-71706), RB Kenneth Walker III (134747-103342), D Las Vegas Raiders (134747-12537)"
308,3739401569,cloakedmistborn (91/150),186.8,"QB Dak Prescott (134747-31716), RB Tony Pollard (134747-63759), RB Aaron Jones Sr. (134747-40442), WR CeeDee Lamb (134747-86631), WR Nico Collins (134747-91419), WR Michael Wilson (134747-89612), TE T.J. Hockenson (134747-71706), RB Kenneth Walker III (134747-103342), D Los Angeles Rams (134747-12538)"
311,3739238479,gormley85 (49/150),186.78,"QB C.J. Stroud (134747-129471), RB Cam Skattebo (134747-183240), RB Derrick Henry (134747-39280), WR Tee Higgins (134747-89981), WR Carnell Tate (134747-183756), WR Nico Collins (134747-91419), TE T.J. Hockenson (134747-71706), WR CeeDee Lamb (134747-86631), D Chicago Bears (134747-12527)"
311,3739730899,mrohrbach73 (46/150),186.78,"QB Matthew Stafford (134747-6654), RB Aaron Jones Sr. (134747-40442), RB Kenneth Walker III (134747-103342), WR CeeDee Lamb (134747-86631), WR Puka Nacua (134747-103020), WR Carnell Tate (134747-183756), TE Tucker Kraft (134747-160303), TE T.J. Hockenson (134747-71706), D Chicago Bears (134747-12527)"
311,3738317410,unworthycard (96/150),186.78,"QB C.J. Stroud (134747-129471), RB Javonte Williams (134747-93541), RB David Montgomery (134747-73273), WR CeeDee Lamb (134747-86631), WR Nico Collins (134747-91419), WR Michael Wilson (134747-89612), TE Isaiah Likely (134747-87260), RB Kenneth Walker III (134747-103342), D Tampa Bay Buccaneers (134747-12551)"
314,3739764076,jaker3 (123/150),186.62,"QB Joe Burrow (134747-63336), RB Kenneth Walker III (134747-103342), RB Aaron Jones Sr. (134747-40442), WR Nico Collins (134747-91419), WR Tee Higgins (134747-89981), WR Jordan Addison (134747-129210), TE Brock Bowers (134747-151794), RB Emanuel Wilson (134747-185861), D New York Jets (134747-12544)"
315,3739280500,satch65 (53/150),186.58,"QB C.J. Stroud (134747-129471), RB Aaron Jones Sr. (134747-40442), RB Kenneth Walker III (134747-103342), WR Tee Higgins (134747-89981), WR Michael Wilson (134747-89612), WR Zay Flowers (134747-112295), TE George Kittle (134747-39793), WR Nico Collins (134747-91419), D Tampa Bay Buccaneers (134747-12551)"
315,3738383551,emhoward (63/150),186.58,"QB C.J. Stroud (134747-129471), RB Jeremiyah Love (134747-188171), RB Javonte Williams (134747-93541), WR Nico Collins (134747-91419), WR Zay Flowers (134747-112295), WR CeeDee Lamb (134747-86631), TE T.J. Hockenson (134747-71706), RB D'Andre Swift (134747-91598), D Chicago Bears (134747-12527)"
315,3739504035,prince3052 (38/42),186.58,"QB C.J. Stroud (134747-129471), RB Javonte Williams (134747-93541), RB Jeremiyah Love (134747-188171), WR Nico Collins (134747-91419), WR CeeDee Lamb (134747-86631), WR Tee Higgins (134747-89981), TE Dalton Schultz (134747-55042), RB Emanuel Wilson (134747-185861), D Green Bay Packers (134747-12533)"
318,3736618893,reallife_rick (57/150),186.56,"QB Drake Maye (134747-152316), RB D'Andre Swift (134747-91598), RB David Montgomery (134747-73273), WR CeeDee Lamb (134747-86631), WR Nico Collins (134747-91419), WR Romeo Doubs (134747-94370), TE T.J. Hockenson (134747-71706), RB Kenneth Walker III (134747-103342), D Chicago Bears (134747-12527)"
319,3737416598,ditunno (13/150),186.52,"QB Joe Burrow (134747-63336), RB Aaron Jones Sr. (134747-40442), RB Kyren Williams (134747-104433), WR Luther Burden III (134747-166092), WR Tee Higgins (134747-89981), WR Nico Collins (134747-91419), TE Kenyon Sadiq (134747-184873), RB Kenneth Walker III (134747-103342), D New York Giants (134747-12543)"
320,3739098272,scruffymcgruffy (81/150),186.48,"QB C.J. Stroud (134747-129471), RB Aaron Jones Sr. (134747-40442), RB Kenneth Walker III (134747-103342), WR CeeDee Lamb (134747-86631), WR Nico Collins (134747-91419), WR Tee Higgins (134747-89981), TE Dalton Schultz (134747-55042), WR Michael Wilson (134747-89612), D Chicago Bears (134747-12527)"
320,3736321565,hoodiii (120/150),186.48,"QB C.J. Stroud (134747-129471), RB Aaron Jones Sr. (134747-40442), RB Cam Skattebo (134747-183240), WR Zay Flowers (134747-112295), WR Nico Collins (134747-91419), WR CeeDee Lamb (134747-86631), TE Tyler Higbee (134747-47870), RB Kenneth Walker III (134747-103342), D Tampa Bay Buccaneers (134747-12551)"
320,3739532006,pittbulldawg (2/150),186.48,"QB C.J. Stroud (134747-129471), RB Aaron Jones Sr. (134747-40442), RB Kenneth Walker III (134747-103342), WR CeeDee Lamb (134747-86631), WR Nico Collins (134747-91419), WR Tee Higgins (134747-89981), TE Dalton Schultz (134747-55042), WR Michael Wilson (134747-89612), D Chicago Bears (134747-12527)"
320,3738817825,thesprucebruce (85/150),186.48,"QB C.J. Stroud (134747-129471), RB Kenneth Walker III (134747-103342), RB Ashton Jeanty (134747-167031), WR CeeDee Lamb (134747-86631), WR Michael Wilson (134747-89612), WR Nico Collins (134747-91419), TE Dalton Schultz (134747-55042), TE T.J. Hockenson (134747-71706), D Arizona Cardinals (134747-12546)"
320,3739142923,yold6 (57/150),186.48,"QB C.J. Stroud (134747-129471), RB Jeremiyah Love (134747-188171), RB Kenneth Walker III (134747-103342), WR CeeDee Lamb (134747-86631), WR Nico Collins (134747-91419), WR Jakobi Meyers (134747-63634), TE Brock Bowers (134747-151794), RB Emanuel Wilson (134747-185861), D Chicago Bears (134747-12527)"
320,3738930694,rooneyj88 (59/90),186.48,"QB C.J. Stroud (134747-129471), RB Kyren Williams (134747-104433), RB Kenneth Walker III (134747-103342), WR Nico Collins (134747-91419), WR CeeDee Lamb (134747-86631), WR Parker Washington (134747-137516), TE Mark Andrews (134747-52436), TE Mike Gesicki (134747-56265), D Tampa Bay Buccaneers (134747-12551)"
320,3739451042,tunebri (105/150),186.48,"QB C.J. Stroud (134747-129471), RB Christian McCaffrey (134747-55050), RB Kenneth Walker III (134747-103342), WR Nico Collins (134747-91419), WR Malik Nabers (134747-151761), WR Carnell Tate (134747-183756), TE T.J. Hockenson (134747-71706), RB Chase Brown (134747-89493), D Los Angeles Chargers (134747-12548)"
327,3738825945,sactownking916 (29/149),186.42,"QB Joe Burrow (134747-63336), RB Jeremiyah Love (134747-188171), RB Aaron Jones Sr. (134747-40442), WR Zay Flowers (134747-112295), WR Nico Collins (134747-91419), WR CeeDee Lamb (134747-86631), TE T.J. Hockenson (134747-71706), TE Brock Bowers (134747-151794), D Chicago Bears (134747-12527)"
327,3738223737,jsixxx (91/150),186.42,"QB Joe Burrow (134747-63336), RB Kenneth Walker III (134747-103342), RB Braelon Allen (134747-158412), WR Zay Flowers (134747-112295), WR CeeDee Lamb (134747-86631), WR Tee Higgins (134747-89981), TE Brenton Strange (134747-103587), RB Aaron Jones Sr. (134747-40442), D Cincinnati Bengals (134747-12528)"
329,3739572899,ronhoncho (6/34),186.4,"QB Dak Prescott (134747-31716), RB Emanuel Wilson (134747-185861), RB Braelon Allen (134747-158412), WR CeeDee Lamb (134747-86631), WR Nico Collins (134747-91419), WR Tee Higgins (134747-89981), TE George Kittle (134747-39793), RB Aaron Jones Sr. (134747-40442), D Seattle Seahawks (134747-12550)"
329,3737029732,fballlord (1/1),186.4,"QB Jameis Winston (134747-24849), RB Kyle Monangai (134747-144102), RB Kyren Williams (134747-104433), WR Malik Nabers (134747-151761), WR Nico Collins (134747-91419), WR DJ Moore (134747-63043), TE Colston Loveland (134747-166588), WR CeeDee Lamb (134747-86631), D Houston Texans (134747-12556)"
331,3739018519,bigplc (10/150),186.38,"QB C.J. Stroud (134747-129471), RB Aaron Jones Sr. (134747-40442), RB Christian McCaffrey (134747-55050), WR CeeDee Lamb (134747-86631), WR Nico Collins (134747-91419), WR Kayshon Boutte (134747-119653), TE T.J. Hockenson (134747-71706), RB Kenneth Walker III (134747-103342), D Tampa Bay Buccaneers (134747-12551)"
331,3739518260,rickyboz (1/1),186.38,"QB C.J. Stroud (134747-129471), RB Aaron Jones Sr. (134747-40442), RB Kyren Williams (134747-104433), WR CeeDee Lamb (134747-86631), WR Tee Higgins (134747-89981), WR Nico Collins (134747-91419), TE Dalton Schultz (134747-55042), TE Brock Bowers (134747-151794), D Los Angeles Chargers (134747-12548)"
331,3736963079,gregv28 (41/150),186.38,"QB C.J. Stroud (134747-129471), RB Javonte Williams (134747-93541), RB David Montgomery (134747-73273), WR CeeDee Lamb (134747-86631), WR Christian Watson (134747-169776), WR Nico Collins (134747-91419), TE T.J. Hockenson (134747-71706), RB Emanuel Wilson (134747-185861), D Minnesota Vikings (134747-12540)"
331,3738373857,kkupel (146/150),186.38,"QB C.J. Stroud (134747-129471), RB Javonte Williams (134747-93541), RB Aaron Jones Sr. (134747-40442), WR Jakobi Meyers (134747-63634), WR Tee Higgins (134747-89981), WR Nico Collins (134747-91419), TE George Kittle (134747-39793), RB Kenneth Walker III (134747-103342), D Arizona Cardinals (134747-12546)"
335,3739561454,brewerssuck (32/150),186.32,"QB Joe Burrow (134747-63336), RB Aaron Jones Sr. (134747-40442), RB Javonte Williams (134747-93541), WR Zay Flowers (134747-112295), WR Christian Watson (134747-169776), WR Tee Higgins (134747-89981), TE T.J. Hockenson (134747-71706), RB Kenneth Walker III (134747-103342), D Los Angeles Chargers (134747-12548)"
336,3739081462,siketurner (46/150),186.3,"QB Dak Prescott (134747-31716), RB Jeremiyah Love (134747-188171), RB Kenneth Walker III (134747-103342), WR CeeDee Lamb (134747-86631), WR Zay Flowers (134747-112295), WR Nico Collins (134747-91419), TE T.J. Hockenson (134747-71706), WR Malik Washington (134747-110974), D Los Angeles Chargers (134747-12548)"
337,3739783125,boangtao33 (86/150),186.28,"QB C.J. Stroud (134747-129471), RB Aaron Jones Sr. (134747-40442), RB Ashton Jeanty (134747-167031), WR Puka Nacua (134747-103020), WR Nico Collins (134747-91419), WR Quentin Johnston (134747-120639), TE T.J. Hockenson (134747-71706), RB Kenneth Walker III (134747-103342), D New York Giants (134747-12543)"
337,3739451288,jczachowski (107/109),186.28,"QB C.J. Stroud (134747-129471), RB Aaron Jones Sr. (134747-40442), RB Bhayshul Tuten (134747-160620), WR Nico Collins (134747-91419), WR CeeDee Lamb (134747-86631), WR Tee Higgins (134747-89981), TE T.J. Hockenson (134747-71706), TE Brock Bowers (134747-151794), D Baltimore Ravens (134747-12555)"
337,3739501941,heastout (52/150),186.28,"QB C.J. Stroud (134747-129471), RB Kenneth Walker III (134747-103342), RB Kyren Williams (134747-104433), WR CeeDee Lamb (134747-86631), WR Nico Collins (134747-91419), WR Xavier Hutchinson (134747-119788), TE Mark Andrews (134747-52436), RB Braelon Allen (134747-158412), D Buffalo Bills (134747-12526)"
337,3737545658,kingrotty (124/149),186.28,"QB C.J. Stroud (134747-129471), RB Kenneth Walker III (134747-103342), RB Aaron Jones Sr. (134747-40442), WR Nico Collins (134747-91419), WR Zay Flowers (134747-112295), WR CeeDee Lamb (134747-86631), TE Isaiah Likely (134747-87260), RB Jeremiyah Love (134747-188171), D Tampa Bay Buccaneers (134747-12551)"
337,3739739456,milkman212 (4/7),186.28,"QB Trevor Lawrence (134747-89951), RB Kenneth Walker III (134747-103342), RB Aaron Jones Sr. (134747-40442), WR Zay Flowers (134747-112295), WR CeeDee Lamb (134747-86631), WR Nico Collins (134747-91419), TE T.J. Hockenson (134747-71706), RB Braelon Allen (134747-158412), D New York Jets (134747-12544)"
337,3739354268,gstarkz (2/9),186.28,"QB C.J. Stroud (134747-129471), RB D'Andre Swift (134747-91598), RB Kenneth Walker III (134747-103342), WR Keon Coleman (134747-157467), WR Nico Collins (134747-91419), WR Malik Nabers (134747-151761), TE T.J. Hockenson (134747-71706), RB Derrick Henry (134747-39280), D Chicago Bears (134747-12527)"
337,3739790053,conor_mcgregor69 (102/108),186.28,"QB Kyler Murray (134747-63484), RB Javonte Williams (134747-93541), RB Kenneth Walker III (134747-103342), WR CeeDee Lamb (134747-86631), WR Nico Collins (134747-91419), WR Jordan Addison (134747-129210), TE T.J. Hockenson (134747-71706), WR Michael Wilson (134747-89612), D New York Jets (134747-12544)"
337,3738217419,mrraged (51/150),186.28,"QB C.J. Stroud (134747-129471), RB Kenneth Walker III (134747-103342), RB Jeremiyah Love (134747-188171), WR CeeDee Lamb (134747-86631), WR Nico Collins (134747-91419), WR Zay Flowers (134747-112295), TE Isaiah Likely (134747-87260), RB Aaron Jones Sr. (134747-40442), D Tampa Bay Buccaneers (134747-12551)"
337,3738847742,snowman0809 (15/150),186.28,"QB C.J. Stroud (134747-129471), RB Aaron Jones Sr. (134747-40442), RB Jeremiyah Love (134747-188171), WR CeeDee Lamb (134747-86631), WR Nico Collins (134747-91419), WR Zay Flowers (134747-112295), TE Isaiah Likely (134747-87260), RB Kenneth Walker III (134747-103342), D Tampa Bay Buccaneers (134747-12551)"
346,3736381293,xbigtimberx (8/150),186.26,"QB Drake Maye (134747-152316), RB Aaron Jones Sr. (134747-40442), RB Chase Brown (134747-89493), WR Romeo Doubs (134747-94370), WR Tee Higgins (134747-89981), WR Nico Collins (134747-91419), TE George Kittle (134747-39793), RB Kenneth Walker III (134747-103342), D Chicago Bears (134747-12527)"
347,3738892991,j_coleman316 (81/150),186.22,"QB Joe Burrow (134747-63336), RB Chase Brown (134747-89493), RB Kyle Monangai (134747-144102), WR Nico Collins (134747-91419), WR Tee Higgins (134747-89981), WR CeeDee Lamb (134747-86631), TE Isaiah Likely (134747-87260), RB Jeremiyah Love (134747-188171), D Chicago Bears (134747-12527)"
347,3739450837,dareeser (2/2),186.22,"QB Josh Allen (134747-62239), RB James Cook III (134747-91626), RB Ollie Gordon II (134747-166112), WR Nico Collins (134747-91419), WR Tee Higgins (134747-89981), WR Carnell Tate (134747-183756), TE Mark Andrews (134747-52436), RB Kyren Williams (134747-104433), D New York Giants (134747-12543)"
347,3737028058,anthony59 (5/14),186.22,"QB Joe Burrow (134747-63336), RB Kenneth Walker III (134747-103342), RB Aaron Jones Sr. (134747-40442), WR Tee Higgins (134747-89981), WR CeeDee Lamb (134747-86631), WR Carnell Tate (134747-183756), TE Brock Bowers (134747-151794), WR Khalil Shakir (134747-86518), D Tennessee Titans (134747-12534)"
350,3739813408,thibeaux87 (95/150),186.12,"QB Joe Burrow (134747-63336), RB Chase Brown (134747-89493), RB Jeremiyah Love (134747-188171), WR Nico Collins (134747-91419), WR CeeDee Lamb (134747-86631), WR Tee Higgins (134747-89981), TE Brenton Strange (134747-103587), RB Emanuel Wilson (134747-185861), D Arizona Cardinals (134747-12546)"
351,3737958735,ryan44sport (1/1),186.1,"QB Jameis Winston (134747-24849), RB Ashton Jeanty (134747-167031), RB Kyle Monangai (134747-144102), WR Nico Collins (134747-91419), WR Malik Nabers (134747-151761), WR Xavier Hutchinson (134747-119788), TE Brock Bowers (134747-151794), WR CeeDee Lamb (134747-86631), D Chicago Bears (134747-12527)"
352,3739268006,bballtrooper (148/150),186.08,"QB C.J. Stroud (134747-129471), RB Emanuel Wilson (134747-185861), RB Aaron Jones Sr. (134747-40442), WR Nico Collins (134747-91419), WR Michael Wilson (134747-89612), WR CeeDee Lamb (134747-86631), TE George Kittle (134747-39793), TE Brock Bowers (134747-151794), D Minnesota Vikings (134747-12540)"
352,3738847773,snowman0809 (26/150),186.08,"QB C.J. Stroud (134747-129471), RB Aaron Jones Sr. (134747-40442), RB Cam Skattebo (134747-183240), WR CeeDee Lamb (134747-86631), WR Nico Collins (134747-91419), WR Matthew Golden (134747-166916), TE T.J. Hockenson (134747-71706), RB Kenneth Walker III (134747-103342), D Chicago Bears (134747-12527)"
354,3738496062,ddarby1221 (122/150),186.0,"QB Dak Prescott (134747-31716), RB Javonte Williams (134747-93541), RB Kenneth Walker III (134747-103342), WR Nico Collins (134747-91419), WR Carnell Tate (134747-183756), WR Zay Flowers (134747-112295), TE Isaiah Likely (134747-87260), WR Malik Washington (134747-110974), D Green Bay Packers (134747-12533)"
355,3738497852,nmondor (137/150),185.98,"QB Kyler Murray (134747-63484), RB Chase Brown (134747-89493), RB Javonte Williams (134747-93541), WR CeeDee Lamb (134747-86631), WR Nico Collins (134747-91419), WR Zay Flowers (134747-112295), TE T.J. Hockenson (134747-71706), RB Aaron Jones Sr. (134747-40442), D New York Jets (134747-12544)"
355,3737182711,rhodesskoler (1/150),185.98,"QB C.J. Stroud (134747-129471), RB Bucky Irving (134747-152664), RB Kyren Williams (134747-104433), WR Nico Collins (134747-91419), WR CeeDee Lamb (134747-86631), WR Tee Higgins (134747-89981), TE T.J. Hockenson (134747-71706), WR Tre Tucker (134747-103619), D Buffalo Bills (134747-12526)"
355,3739153760,theshafting (20/25),185.98,"QB C.J. Stroud (134747-129471), RB Javonte Williams (134747-93541), RB Kenneth Walker III (134747-103342), WR Nico Collins (134747-91419), WR CeeDee Lamb (134747-86631), WR Malik Nabers (134747-151761), TE Dalton Schultz (134747-55042), TE Travis Kelce (134747-33076), D Los Angeles Chargers (134747-12548)"
358,3739004452,notgonnastop (15/150),185.96,"QB Drake Maye (134747-152316), RB Kenneth Walker III (134747-103342), RB James Cook III (134747-91626), WR Nico Collins (134747-91419), WR Mack Hollins (134747-25267), WR Romeo Doubs (134747-94370), TE Tucker Kraft (134747-160303), RB Kyren Williams (134747-104433), D Chicago Bears (134747-12527)"
359,3737597346,laudyn (93/150),185.88,"QB C.J. Stroud (134747-129471), RB Aaron Jones Sr. (134747-40442), RB Cam Skattebo (134747-183240), WR CeeDee Lamb (134747-86631), WR Nico Collins (134747-91419), WR Malik Nabers (134747-151761), TE Mark Andrews (134747-52436), RB Kenneth Walker III (134747-103342), D Los Angeles Chargers (134747-12548)"
359,3739606807,n9nemare (134/150),185.88,"QB C.J. Stroud (134747-129471), RB Braelon Allen (134747-158412), RB Javonte Williams (134747-93541), WR Puka Nacua (134747-103020), WR CeeDee Lamb (134747-86631), WR Nico Collins (134747-91419), TE Mark Andrews (134747-52436), RB Aaron Jones Sr. (134747-40442), D New York Jets (134747-12544)"
361,3737398559,canesfreak6 (32/150),185.78,"QB Lamar Jackson (134747-63115), RB Kenneth Walker III (134747-103342), RB Aaron Jones Sr. (134747-40442), WR Nico Collins (134747-91419), WR Zay Flowers (134747-112295), WR Romeo Doubs (134747-94370), TE Mark Andrews (134747-52436), TE Brock Bowers (134747-151794), D New York Giants (134747-12543)"
362,3737277923,chrich_99 (1/23),185.7,"QB Dak Prescott (134747-31716), RB Kyren Williams (134747-104433), RB Aaron Jones Sr. (134747-40442), WR Davante Adams (134747-45889), WR CeeDee Lamb (134747-86631), WR Malik Nabers (134747-151761), TE T.J. Hockenson (134747-71706), RB Emanuel Wilson (134747-185861), D Chicago Bears (134747-12527)"
362,3737277935,chrich_99 (2/23),185.7,"QB Dak Prescott (134747-31716), RB Kyren Williams (134747-104433), RB Aaron Jones Sr. (134747-40442), WR Davante Adams (134747-45889), WR CeeDee Lamb (134747-86631), WR Malik Nabers (134747-151761), TE T.J. Hockenson (134747-71706), RB Emanuel Wilson (134747-185861), D Chicago Bears (134747-12527)"
364,3739800321,dman27 (35/51),185.68,"QB C.J. Stroud (134747-129471), RB Javonte Williams (134747-93541), RB Aaron Jones Sr. (134747-40442), WR Zay Flowers (134747-112295), WR Nico Collins (134747-91419), WR CeeDee Lamb (134747-86631), TE Travis Kelce (134747-33076), TE Brock Bowers (134747-151794), D Tampa Bay Buccaneers (134747-12551)"
364,3739119517,everest977 (36/150),185.68,"QB C.J. Stroud (134747-129471), RB Jeremiyah Love (134747-188171), RB Kenneth Walker III (134747-103342), WR CeeDee Lamb (134747-86631), WR Nico Collins (134747-91419), WR Carnell Tate (134747-183756), TE Brock Bowers (134747-151794), WR Malik Washington (134747-110974), D Chicago Bears (134747-12527)"
366,3738316911,big_pappa_pumps (23/150),185.62,"QB Joe Burrow (134747-63336), RB Chase Brown (134747-89493), RB Kenneth Walker III (134747-103342), WR Luther Burden III (134747-166092), WR Tee Higgins (134747-89981), WR Nico Collins (134747-91419), TE T.J. Hockenson (134747-71706), TE Brock Bowers (134747-151794), D Chicago Bears (134747-12527)"
367,3739479419,manningistheman (1/1),185.58,"QB C.J. Stroud (134747-129471), RB Emanuel Wilson (134747-185861), RB Aaron Jones Sr. (134747-40442), WR Nico Collins (134747-91419), WR Dontayvion Wicks (134747-110457), WR Tee Higgins (134747-89981), TE Brock Bowers (134747-151794), WR CeeDee Lamb (134747-86631), D Minnesota Vikings (134747-12540)"
367,3738931393,pwraskin (1/1),185.58,"QB C.J. Stroud (134747-129471), RB Bhayshul Tuten (134747-160620), RB Emanuel Wilson (134747-185861), WR Malik Nabers (134747-151761), WR Nico Collins (134747-91419), WR Michael Wilson (134747-89612), TE Brock Bowers (134747-151794), WR CeeDee Lamb (134747-86631), D Buffalo Bills (134747-12526)"
367,3738824237,scooternobeans (53/150),185.58,"QB C.J. Stroud (134747-129471), RB James Cook III (134747-91626), RB Aaron Jones Sr. (134747-40442), WR CeeDee Lamb (134747-86631), WR Nico Collins (134747-91419), WR Zay Flowers (134747-112295), TE T.J. Hockenson (134747-71706), RB Bhayshul Tuten (134747-160620), D Chicago Bears (134747-12527)"
367,3738356718,tah419 (89/148),185.58,"QB Lamar Jackson (134747-63115), RB Ashton Jeanty (134747-167031), RB Emanuel Wilson (134747-185861), WR Zay Flowers (134747-112295), WR Nico Collins (134747-91419), WR CeeDee Lamb (134747-86631), TE Mark Andrews (134747-52436), WR Malik Washington (134747-110974), D New York Giants (134747-12543)"
367,3737398626,canesfreak6 (84/150),185.58,"QB C.J. Stroud (134747-129471), RB Kenneth Walker III (134747-103342), RB Ashton Jeanty (134747-167031), WR CeeDee Lamb (134747-86631), WR Nico Collins (134747-91419), WR Tee Higgins (134747-89981), TE Isaiah Likely (134747-87260), WR Kayshon Boutte (134747-119653), D Miami Dolphins (134747-12539)"
372,3738671702,twooge (66/150),185.5,"QB Dak Prescott (134747-31716), RB Braelon Allen (134747-158412), RB Emanuel Wilson (134747-185861), WR Tee Higgins (134747-89981), WR Nico Collins (134747-91419), WR CeeDee Lamb (134747-86631), TE Travis Kelce (134747-33076), RB Kenneth Walker III (134747-103342), D Tampa Bay Buccaneers (134747-12551)"
373,3736861573,joebsteelers1 (121/150),185.48,"QB C.J. Stroud (134747-129471), RB Braelon Allen (134747-158412), RB Emanuel Wilson (134747-185861), WR Nico Collins (134747-91419), WR CeeDee Lamb (134747-86631), WR Kayshon Boutte (134747-119653), TE Brock Bowers (134747-151794), RB Kenneth Walker III (134747-103342), D Kansas City Chiefs (134747-12536)"
373,3736858895,thephenix (58/150),185.48,"QB C.J. Stroud (134747-129471), RB Jeremiyah Love (134747-188171), RB Kenneth Walker III (134747-103342), WR Carnell Tate (134747-183756), WR Zay Flowers (134747-112295), WR Nico Collins (134747-91419), TE T.J. Hockenson (134747-71706), RB Christian McCaffrey (134747-55050), D Arizona Cardinals (134747-12546)"
375,3738517433,stooge72 (28/54),185.38,"QB C.J. Stroud (134747-129471), RB James Cook III (134747-91626), RB Aaron Jones Sr. (134747-40442), WR Nico Collins (134747-91419), WR CeeDee Lamb (134747-86631), WR Dontayvion Wicks (134747-110457), TE T.J. Hockenson (134747-71706), RB Kenneth Walker III (134747-103342), D Tampa Bay Buccaneers (134747-12551)"
375,3738854267,bryantronnie (60/150),185.38,"QB C.J. Stroud (134747-129471), RB Aaron Jones Sr. (134747-40442), RB James Cook III (134747-91626), WR CeeDee Lamb (134747-86631), WR Nico Collins (134747-91419), WR Dontayvion Wicks (134747-110457), TE T.J. Hockenson (134747-71706), RB Kenneth Walker III (134747-103342), D Tampa Bay Buccaneers (134747-12551)"
377,3736381359,xbigtimberx (70/150),185.36,"QB Drake Maye (134747-152316), RB Aaron Jones Sr. (134747-40442), RB Kenneth Walker III (134747-103342), WR Romeo Doubs (134747-94370), WR Tee Higgins (134747-89981), WR Nico Collins (134747-91419), TE Mark Andrews (134747-52436), RB Christian McCaffrey (134747-55050), D Arizona Cardinals (134747-12546)"
378,3738728006,mello610 (1/150),185.28,"QB C.J. Stroud (134747-129471), RB Christian McCaffrey (134747-55050), RB Kenneth Walker III (134747-103342), WR Zay Flowers (134747-112295), WR Michael Wilson (134747-89612), WR Nico Collins (134747-91419), TE T.J. Hockenson (134747-71706), RB Aaron Jones Sr. (134747-40442), D Chicago Bears (134747-12527)"
378,3736885383,travman (20/150),185.28,"QB C.J. Stroud (134747-129471), RB Aaron Jones Sr. (134747-40442), RB Kenneth Walker III (134747-103342), WR Nico Collins (134747-91419), WR Zay Flowers (134747-112295), WR Michael Wilson (134747-89612), TE T.J. Hockenson (134747-71706), RB Christian McCaffrey (134747-55050), D Chicago Bears (134747-12527)"
378,3738830264,mountaindogg (130/150),185.28,"QB C.J. Stroud (134747-129471), RB Kenneth Walker III (134747-103342), RB Cam Skattebo (134747-183240), WR Nico Collins (134747-91419), WR CeeDee Lamb (134747-86631), WR Kayshon Boutte (134747-119653), TE George Kittle (134747-39793), RB Emanuel Wilson (134747-185861), D Chicago Bears (134747-12527)"
378,3739626206,fool4her (7/150),185.28,"QB C.J. Stroud (134747-129471), RB Aaron Jones Sr. (134747-40442), RB Kenneth Walker III (134747-103342), WR Nico Collins (134747-91419), WR Zay Flowers (134747-112295), WR Michael Wilson (134747-89612), TE T.J. Hockenson (134747-71706), RB Christian McCaffrey (134747-55050), D Chicago Bears (134747-12527)"
378,3738677815,nitsud05 (96/150),185.28,"QB C.J. Stroud (134747-129471), RB Aaron Jones Sr. (134747-40442), RB Kenneth Walker III (134747-103342), WR Nico Collins (134747-91419), WR Zay Flowers (134747-112295), WR Michael Wilson (134747-89612), TE T.J. Hockenson (134747-71706), RB Christian McCaffrey (134747-55050), D Chicago Bears (134747-12527)"
378,3738470414,feelinglucky2d (44/150),185.28,"QB C.J. Stroud (134747-129471), RB Aaron Jones Sr. (134747-40442), RB Kenneth Walker III (134747-103342), WR Nico Collins (134747-91419), WR CeeDee Lamb (134747-86631), WR George Pickens (134747-110246), TE T.J. Hockenson (134747-71706), TE Brenton Strange (134747-103587), D Denver Broncos (134747-12531)"
378,3739637825,scharlie22 (4/150),185.28,"QB C.J. Stroud (134747-129471), RB Aaron Jones Sr. (134747-40442), RB Kenneth Walker III (134747-103342), WR Nico Collins (134747-91419), WR Zay Flowers (134747-112295), WR Michael Wilson (134747-89612), TE T.J. Hockenson (134747-71706), RB Christian McCaffrey (134747-55050), D Chicago Bears (134747-12527)"
378,3739637914,scharlie22 (19/150),185.28,"QB C.J. Stroud (134747-129471), RB Aaron Jones Sr. (134747-40442), RB Kenneth Walker III (134747-103342), WR Nico Collins (134747-91419), WR Zay Flowers (134747-112295), WR Michael Wilson (134747-89612), TE T.J. Hockenson (134747-71706), RB Christian McCaffrey (134747-55050), D Chicago Bears (134747-12527)"
378,3739637998,scharlie22 (34/150),185.28,"QB C.J. Stroud (134747-129471), RB Aaron Jones Sr. (134747-40442), RB Kenneth Walker III (134747-103342), WR Nico Collins (134747-91419), WR Zay Flowers (134747-112295), WR Michael Wilson (134747-89612), TE T.J. Hockenson (134747-71706), RB Christian McCaffrey (134747-55050), D Chicago Bears (134747-12527)"
378,3739638089,scharlie22 (49/150),185.28,"QB C.J. Stroud (134747-129471), RB Aaron Jones Sr. (134747-40442), RB Kenneth Walker III (134747-103342), WR Nico Collins (134747-91419), WR Zay Flowers (134747-112295), WR Michael Wilson (134747-89612), TE T.J. Hockenson (134747-71706), RB Christian McCaffrey (134747-55050), D Chicago Bears (134747-12527)"
378,3739638189,scharlie22 (64/150),185.28,"QB C.J. Stroud (134747-129471), RB Aaron Jones Sr. (134747-40442), RB Kenneth Walker III (134747-103342), WR Nico Collins (134747-91419), WR Zay Flowers (134747-112295), WR Michael Wilson (134747-89612), TE T.J. Hockenson (134747-71706), RB Christian McCaffrey (134747-55050), D Chicago Bears (134747-12527)"
378,3739638280,scharlie22 (79/150),185.28,"QB C.J. Stroud (134747-129471), RB Aaron Jones Sr. (134747-40442), RB Kenneth Walker III (134747-103342), WR Nico Collins (134747-91419), WR Zay Flowers (134747-112295), WR Michael Wilson (134747-89612), TE T.J. Hockenson (134747-71706), RB Christian McCaffrey (134747-55050), D Chicago Bears (134747-12527)"
378,3739638403,scharlie22 (94/150),185.28,"QB C.J. Stroud (134747-129471), RB Aaron Jones Sr. (134747-40442), RB Kenneth Walker III (134747-103342), WR Nico Collins (134747-91419), WR Zay Flowers (134747-112295), WR Michael Wilson (134747-89612), TE T.J. Hockenson (134747-71706), RB Christian McCaffrey (134747-55050), D Chicago Bears (134747-12527)"
378,3739638511,scharlie22 (109/150),185.28,"QB C.J. Stroud (134747-129471), RB Aaron Jones Sr. (134747-40442), RB Kenneth Walker III (134747-103342), WR Nico Collins (134747-91419), WR Zay Flowers (134747-112295), WR Michael Wilson (134747-89612), TE T.J. Hockenson (134747-71706), RB Christian McCaffrey (134747-55050), D Chicago Bears (134747-12527)"
378,3739638617,scharlie22 (124/150),185.28,"QB C.J. Stroud (134747-129471), RB Aaron Jones Sr. (134747-40442), RB Kenneth Walker III (134747-103342), WR Nico Collins (134747-91419), WR Zay Flowers (134747-112295), WR Michael Wilson (134747-89612), TE T.J. Hockenson (134747-71706), RB Christian McCaffrey (134747-55050), D Chicago Bears (134747-12527)"
378,3739638711,scharlie22 (139/150),185.28,"QB C.J. Stroud (134747-129471), RB Aaron Jones Sr. (134747-40442), RB Kenneth Walker III (134747-103342), WR Nico Collins (134747-91419), WR Zay Flowers (134747-112295), WR Michael Wilson (134747-89612), TE T.J. Hockenson (134747-71706), RB Christian McCaffrey (134747-55050), D Chicago Bears (134747-12527)"
378,3738673906,reaper959 (46/150),185.28,"QB C.J. Stroud (134747-129471), RB Aaron Jones Sr. (134747-40442), RB Kenneth Walker III (134747-103342), WR Nico Collins (134747-91419), WR Zay Flowers (134747-112295), WR Michael Wilson (134747-89612), TE T.J. Hockenson (134747-71706), RB Christian McCaffrey (134747-55050), D Chicago Bears (134747-12527)"
378,3739509031,mike419v (59/150),185.28,"QB Kyler Murray (134747-63484), RB Kenneth Walker III (134747-103342), RB James Cook III (134747-91626), WR CeeDee Lamb (134747-86631), WR Nico Collins (134747-91419), WR Jordan Addison (134747-129210), TE T.J. Hockenson (134747-71706), RB Emanuel Wilson (134747-185861), D Tampa Bay Buccaneers (134747-12551)"
396,3739542431,dfsg0dsent (107/150),185.22,"QB Joe Burrow (134747-63336), RB Kenneth Walker III (134747-103342), RB D'Andre Swift (134747-91598), WR Nico Collins (134747-91419), WR CeeDee Lamb (134747-86631), WR Tee Higgins (134747-89981), TE T.J. Hockenson (134747-71706), WR Chris Bell (134747-170825), D Tampa Bay Buccaneers (134747-12551)"
397,3738273309,biggstack (1/1),185.18,"QB C.J. Stroud (134747-129471), RB Christian McCaffrey (134747-55050), RB Kyle Monangai (134747-144102), WR CeeDee Lamb (134747-86631), WR Nico Collins (134747-91419), WR Deebo Samuel Sr. (134747-56018), TE Mike Gesicki (134747-56265), TE Brenton Strange (134747-103587), D Minnesota Vikings (134747-12540)"
397,3739325964,fuzzy724 (1/1),185.18,"QB Matthew Stafford (134747-6654), RB Kyren Williams (134747-104433), RB Kyle Monangai (134747-144102), WR Zay Flowers (134747-112295), WR Nico Collins (134747-91419), WR Matthew Golden (134747-166916), TE Mark Andrews (134747-52436), RB Javonte Williams (134747-93541), D San Francisco 49ers (134747-12549)"
399,3739597468,mk77 (1/1),185.16,"QB Drake Maye (134747-152316), RB Kenneth Walker III (134747-103342), RB Braelon Allen (134747-158412), WR Zay Flowers (134747-112295), WR Nico Collins (134747-91419), WR Romeo Doubs (134747-94370), TE Dalton Kincaid (134747-145558), WR CeeDee Lamb (134747-86631), D Los Angeles Chargers (134747-12548)"
400,3739187524,aadynasty (88/150),185.1,"QB Kirk Cousins (134747-22038), RB Javonte Williams (134747-93541), RB Kenneth Walker III (134747-103342), WR Tre Tucker (134747-103619), WR Tyquan Thornton (134747-89220), WR Nico Collins (134747-91419), TE Brock Bowers (134747-151794), RB D'Andre Swift (134747-91598), D Chicago Bears (134747-12527)"
400,3737876758,tbbucsfan76 (1/1),185.1,"QB Kirk Cousins (134747-22038), RB Kenneth Walker III (134747-103342), RB Braelon Allen (134747-158412), WR CeeDee Lamb (134747-86631), WR Zay Flowers (134747-112295), WR Deebo Samuel Sr. (134747-56018), TE Mike Gesicki (134747-56265), RB Javonte Williams (134747-93541), D Las Vegas Raiders (134747-12537)"
400,3739623373,hhoang529 (91/150),185.1,"QB Jameis Winston (134747-24849), RB Aaron Jones Sr. (134747-40442), RB Kyren Williams (134747-104433), WR Malik Nabers (134747-151761), WR Romeo Doubs (134747-94370), WR CeeDee Lamb (134747-86631), TE Mike Gesicki (134747-56265), RB James Cook III (134747-91626), D Seattle Seahawks (134747-12550)"
400,3738811382,jehallworld (100/150),185.1,"QB Dak Prescott (134747-31716), RB Bhayshul Tuten (134747-160620), RB Kenneth Walker III (134747-103342), WR Ryan Flournoy (134747-201233), WR Nico Collins (134747-91419), WR CeeDee Lamb (134747-86631), TE Mark Andrews (134747-52436), RB Emanuel Wilson (134747-185861), D Seattle Seahawks (134747-12550)"
404,3738370909,iggles87 (58/150),185.08,"QB C.J. Stroud (134747-129471), RB Kyren Williams (134747-104433), RB David Montgomery (134747-73273), WR Nico Collins (134747-91419), WR CeeDee Lamb (134747-86631), WR Tee Higgins (134747-89981), TE Travis Kelce (134747-33076), WR Malik Nabers (134747-151761), D Chicago Bears (134747-12527)"
404,3738438853,aadynasty (43/150),185.08,"QB C.J. Stroud (134747-129471), RB Aaron Jones Sr. (134747-40442), RB Javonte Williams (134747-93541), WR Nico Collins (134747-91419), WR CeeDee Lamb (134747-86631), WR Xavier Worthy (134747-158974), TE Dalton Schultz (134747-55042), RB Kenneth Walker III (134747-103342), D New York Jets (134747-12544)"
404,3739716090,petersunday25 (53/150),185.08,"QB C.J. Stroud (134747-129471), RB Derrick Henry (134747-39280), RB Aaron Jones Sr. (134747-40442), WR Nico Collins (134747-91419), WR Tee Higgins (134747-89981), WR Michael Wilson (134747-89612), TE T.J. Hockenson (134747-71706), RB Kenneth Walker III (134747-103342), D Chicago Bears (134747-12527)"
404,3739549642,kinghoosier (1/1),185.08,"QB C.J. Stroud (134747-129471), RB Emanuel Wilson (134747-185861), RB Christian McCaffrey (134747-55050), WR Dontayvion Wicks (134747-110457), WR Puka Nacua (134747-103020), WR Nico Collins (134747-91419), TE T.J. Hockenson (134747-71706), RB Javonte Williams (134747-93541), D Arizona Cardinals (134747-12546)"
404,3737017616,trayj1 (78/150),185.08,"QB C.J. Stroud (134747-129471), RB Derrick Henry (134747-39280), RB Aaron Jones Sr. (134747-40442), WR Nico Collins (134747-91419), WR Tee Higgins (134747-89981), WR Michael Wilson (134747-89612), TE T.J. Hockenson (134747-71706), RB Kenneth Walker III (134747-103342), D Chicago Bears (134747-12527)"
404,3739784895,ilovefcporto (28/150),185.08,"QB C.J. Stroud (134747-129471), RB Kenneth Walker III (134747-103342), RB Derrick Henry (134747-39280), WR Tee Higgins (134747-89981), WR Nico Collins (134747-91419), WR Michael Wilson (134747-89612), TE T.J. Hockenson (134747-71706), RB Aaron Jones Sr. (134747-40442), D Chicago Bears (134747-12527)"
404,3739074484,smajid2004 (106/150),185.08,"QB C.J. Stroud (134747-129471), RB Christian McCaffrey (134747-55050), RB Kenneth Walker III (134747-103342), WR Nico Collins (134747-91419), WR Malik Nabers (134747-151761), WR Zay Flowers (134747-112295), TE T.J. Hockenson (134747-71706), WR Tre Tucker (134747-103619), D Tampa Bay Buccaneers (134747-12551)"
404,3739393163,croddick (19/52),185.08,"QB C.J. Stroud (134747-129471), RB Kenneth Walker III (134747-103342), RB Derrick Henry (134747-39280), WR Tee Higgins (134747-89981), WR Nico Collins (134747-91419), WR Michael Wilson (134747-89612), TE T.J. Hockenson (134747-71706), RB Aaron Jones Sr. (134747-40442), D Chicago Bears (134747-12527)"
404,3737612024,mxd333 (35/150),185.08,"QB C.J. Stroud (134747-129471), RB Derrick Henry (134747-39280), RB Aaron Jones Sr. (134747-40442), WR Nico Collins (134747-91419), WR Tee Higgins (134747-89981), WR Michael Wilson (134747-89612), TE T.J. Hockenson (134747-71706), RB Kenneth Walker III (134747-103342), D Chicago Bears (134747-12527)"
413,3738576969,jdiettel (92/150),185.02,"QB Joe Burrow (134747-63336), RB Kenneth Walker III (134747-103342), RB Tony Pollard (134747-63759), WR CeeDee Lamb (134747-86631), WR Malik Nabers (134747-151761), WR Michael Wilson (134747-89612), TE George Kittle (134747-39793), RB Rhamondre Stevenson (134747-111540), D Chicago Bears (134747-12527)"
414,3738824317,scooternobeans (78/150),184.98,"QB C.J. Stroud (134747-129471), RB James Cook III (134747-91626), RB Aaron Jones Sr. (134747-40442), WR CeeDee Lamb (134747-86631), WR Nico Collins (134747-91419), WR Tee Higgins (134747-89981), TE T.J. Hockenson (134747-71706), RB Bhayshul Tuten (134747-160620), D Chicago Bears (134747-12527)"
414,3738106477,dricou (115/150),184.98,"QB C.J. Stroud (134747-129471), RB Aaron Jones Sr. (134747-40442), RB Kyle Monangai (134747-144102), WR Nico Collins (134747-91419), WR Tee Higgins (134747-89981), WR CeeDee Lamb (134747-86631), TE Hunter Henry (134747-40845), TE Trey McBride (134747-91750), D Minnesota Vikings (134747-12540)"
414,3738375930,rooneyj88 (40/90),184.98,"QB C.J. Stroud (134747-129471), RB Derrick Henry (134747-39280), RB Kenneth Walker III (134747-103342), WR Nico Collins (134747-91419), WR CeeDee Lamb (134747-86631), WR Jakobi Meyers (134747-63634), TE Tyler Higbee (134747-47870), RB Emanuel Wilson (134747-185861), D Tampa Bay Buccaneers (134747-12551)"
417,3739667565,brianbarr01 (35/150),184.92,"QB Joe Burrow (134747-63336), RB Kyren Williams (134747-104433), RB Kenneth Walker III (134747-103342), WR Tee Higgins (134747-89981), WR Jaylen Waddle (134747-90573), WR Luther Burden III (134747-166092), TE T.J. Hockenson (134747-71706), RB Bhayshul Tuten (134747-160620), D New York Giants (134747-12543)"
418,3738518046,stooge72 (37/54),184.9,"QB Dak Prescott (134747-31716), RB Bhayshul Tuten (134747-160620), RB Aaron Jones Sr. (134747-40442), WR Nico Collins (134747-91419), WR CeeDee Lamb (134747-86631), WR Michael Wilson (134747-89612), TE T.J. Hockenson (134747-71706), RB Kenneth Walker III (134747-103342), D Tampa Bay Buccaneers (134747-12551)"
419,3739842311,brad8069 (137/150),184.88,"QB C.J. Stroud (134747-129471), RB Rhamondre Stevenson (134747-111540), RB Kenneth Walker III (134747-103342), WR Nico Collins (134747-91419), WR Ladd McConkey (134747-133472), WR CeeDee Lamb (134747-86631), TE T.J. Hockenson (134747-71706), WR Michael Wilson (134747-89612), D Minnesota Vikings (134747-12540)"
419,3739544024,bonedog84 (74/149),184.88,"QB C.J. Stroud (134747-129471), RB Chase Brown (134747-89493), RB Cam Skattebo (134747-183240), WR Tee Higgins (134747-89981), WR Nico Collins (134747-91419), WR Zay Flowers (134747-112295), TE T.J. Hockenson (134747-71706), RB Kenneth Walker III (134747-103342), D Cincinnati Bengals (134747-12528)"
421,3737760030,milker25 (1/1),184.82,"QB Brock Purdy (134747-85607), RB Javonte Williams (134747-93541), RB Kenneth Walker III (134747-103342), WR Michael Wilson (134747-89612), WR Tyquan Thornton (134747-89220), WR Kalif Raymond (134747-70422), TE George Kittle (134747-39793), WR CeeDee Lamb (134747-86631), D Arizona Cardinals (134747-12546)"
422,3739215845,beefsupreme (147/150),184.78,"QB C.J. Stroud (134747-129471), RB D'Andre Swift (134747-91598), RB Kyren Williams (134747-104433), WR George Pickens (134747-110246), WR Nico Collins (134747-91419), WR Carnell Tate (134747-183756), TE T.J. Hockenson (134747-71706), RB Kenneth Walker III (134747-103342), D Chicago Bears (134747-12527)"
422,3738632108,alstar999 (1/1),184.78,"QB C.J. Stroud (134747-129471), RB Bucky Irving (134747-152664), RB Emanuel Wilson (134747-185861), WR Puka Nacua (134747-103020), WR CeeDee Lamb (134747-86631), WR Nico Collins (134747-91419), TE Brenton Strange (134747-103587), RB Aaron Jones Sr. (134747-40442), D Chicago Bears (134747-12527)"
422,3738732067,rustynutz (76/150),184.78,"QB C.J. Stroud (134747-129471), RB Aaron Jones Sr. (134747-40442), RB Emanuel Wilson (134747-185861), WR CeeDee Lamb (134747-86631), WR Nico Collins (134747-91419), WR Zay Flowers (134747-112295), TE Brock Bowers (134747-151794), TE Dalton Schultz (134747-55042), D Minnesota Vikings (134747-12540)"
422,3736301765,jlocontipayne (30/150),184.78,"QB C.J. Stroud (134747-129471), RB Derrick Henry (134747-39280), RB Kenneth Walker III (134747-103342), WR Nico Collins (134747-91419), WR Jaylen Waddle (134747-90573), WR Carnell Tate (134747-183756), TE Brock Bowers (134747-151794), RB Emanuel Wilson (134747-185861), D Miami Dolphins (134747-12539)"
422,3737701800,theswirls (114/150),184.78,"QB C.J. Stroud (134747-129471), RB Braelon Allen (134747-158412), RB Kenneth Walker III (134747-103342), WR Nico Collins (134747-91419), WR Tee Higgins (134747-89981), WR Jaxon Smith-Njigba (134747-129458), TE Tucker Kraft (134747-160303), RB Emanuel Wilson (134747-185861), D New York Giants (134747-12543)"
427,3736855688,buster3131 (78/150),184.76,"QB Drake Maye (134747-152316), RB Bhayshul Tuten (134747-160620), RB Rhamondre Stevenson (134747-111540), WR Tee Higgins (134747-89981), WR CeeDee Lamb (134747-86631), WR Nico Collins (134747-91419), TE Dalton Schultz (134747-55042), RB Kenneth Walker III (134747-103342), D New York Jets (134747-12544)"
428,3736444084,vinsanity12 (119/150),184.72,"QB Joe Burrow (134747-63336), RB Aaron Jones Sr. (134747-40442), RB Kenneth Walker III (134747-103342), WR Nico Collins (134747-91419), WR Tee Higgins (134747-89981), WR Romeo Doubs (134747-94370), TE Brenton Strange (134747-103587), RB Christian McCaffrey (134747-55050), D New York Jets (134747-12544)"
429,3737853855,barber24303 (1/1),184.7,"QB Dak Prescott (134747-31716), RB Aaron Jones Sr. (134747-40442), RB Kyle Monangai (134747-144102), WR CeeDee Lamb (134747-86631), WR Nico Collins (134747-91419), WR Darius Cooper (134747-226859), TE Trey McBride (134747-91750), WR Zay Flowers (134747-112295), D Buffalo Bills (134747-12526)"
430,3738296013,micvicious215 (89/150),184.68,"QB C.J. Stroud (134747-129471), RB Jeremiyah Love (134747-188171), RB Aaron Jones Sr. (134747-40442), WR Malik Nabers (134747-151761), WR CeeDee Lamb (134747-86631), WR Nico Collins (134747-91419), TE George Kittle (134747-39793), RB Emanuel Wilson (134747-185861), D Minnesota Vikings (134747-12540)"
430,3737051200,claytoncrowe (1/1),184.68,"QB C.J. Stroud (134747-129471), RB Aaron Jones Sr. (134747-40442), RB Braelon Allen (134747-158412), WR Nico Collins (134747-91419), WR CeeDee Lamb (134747-86631), WR Malik Nabers (134747-151761), TE Brock Bowers (134747-151794), WR Tee Higgins (134747-89981), D Los Angeles Rams (134747-12538)"
432,3737035909,nepatriots21 (1/1),184.66,"QB Drake Maye (134747-152316), RB Aaron Jones Sr. (134747-40442), RB Kyren Williams (134747-104433), WR Nico Collins (134747-91419), WR Tee Higgins (134747-89981), WR Zay Flowers (134747-112295), TE Hunter Henry (134747-40845), TE George Kittle (134747-39793), D Minnesota Vikings (134747-12540)"
433,3738847935,snowman0809 (106/150),184.62,"QB Josh Allen (134747-62239), RB Aaron Jones Sr. (134747-40442), RB Ashton Jeanty (134747-167031), WR Nico Collins (134747-91419), WR Zay Flowers (134747-112295), WR Romeo Doubs (134747-94370), TE T.J. Hockenson (134747-71706), RB Kenneth Walker III (134747-103342), D Los Angeles Chargers (134747-12548)"
434,3739052974,danielson105 (25/150),184.6,"QB Dak Prescott (134747-31716), RB Kenneth Walker III (134747-103342), RB Emanuel Wilson (134747-185861), WR CeeDee Lamb (134747-86631), WR Nico Collins (134747-91419), WR Ryan Flournoy (134747-201233), TE Brock Bowers (134747-151794), RB Woody Marks (134747-138774), D Chicago Bears (134747-12527)"
435,3739458670,bdoz1993 (53/150),184.58,"QB C.J. Stroud (134747-129471), RB Javonte Williams (134747-93541), RB Aaron Jones Sr. (134747-40442), WR Romeo Doubs (134747-94370), WR Garrett Wilson (134747-103564), WR Nico Collins (134747-91419), TE T.J. Hockenson (134747-71706), WR Puka Nacua (134747-103020), D Seattle Seahawks (134747-12550)"
435,3739396551,maddukes22 (124/150),184.58,"QB C.J. Stroud (134747-129471), RB Cam Skattebo (134747-183240), RB Kenneth Walker III (134747-103342), WR Luther Burden III (134747-166092), WR CeeDee Lamb (134747-86631), WR Nico Collins (134747-91419), TE Dalton Schultz (134747-55042), WR Tyquan Thornton (134747-89220), D Seattle Seahawks (134747-12550)"
435,3739858862,duelingfan802 (148/150),184.58,"QB C.J. Stroud (134747-129471), RB Aaron Jones Sr. (134747-40442), RB Braelon Allen (134747-158412), WR Jordan Addison (134747-129210), WR CeeDee Lamb (134747-86631), WR Nico Collins (134747-91419), TE T.J. Hockenson (134747-71706), RB Kenneth Walker III (134747-103342), D Minnesota Vikings (134747-12540)"
435,3737292681,sixfever87 (52/150),184.58,"QB C.J. Stroud (134747-129471), RB Jeremiyah Love (134747-188171), RB Kenneth Walker III (134747-103342), WR CeeDee Lamb (134747-86631), WR Zay Flowers (134747-112295), WR Nico Collins (134747-91419), TE Brenton Strange (134747-103587), WR Matthew Golden (134747-166916), D New York Jets (134747-12544)"
435,3738527880,brywoodie1 (66/150),184.58,"QB C.J. Stroud (134747-129471), RB Kenneth Walker III (134747-103342), RB Kyren Williams (134747-104433), WR CeeDee Lamb (134747-86631), WR Nico Collins (134747-91419), WR Matthew Golden (134747-166916), TE Dalton Schultz (134747-55042), TE Mark Andrews (134747-52436), D Los Angeles Chargers (134747-12548)"
435,3739808389,ibewazir (73/150),184.58,"QB C.J. Stroud (134747-129471), RB Javonte Williams (134747-93541), RB D'Andre Swift (134747-91598), WR CeeDee Lamb (134747-86631), WR Nico Collins (134747-91419), WR Romeo Doubs (134747-94370), TE Brock Bowers (134747-151794), RB Aaron Jones Sr. (134747-40442), D Los Angeles Chargers (134747-12548)"
435,3738113643,mattp623 (1/2),184.58,"QB C.J. Stroud (134747-129471), RB Kenneth Walker III (134747-103342), RB David Montgomery (134747-73273), WR CeeDee Lamb (134747-86631), WR Khalil Shakir (134747-86518), WR Nico Collins (134747-91419), TE Mark Andrews (134747-52436), WR Zay Flowers (134747-112295), D Arizona Cardinals (134747-12546)"
442,3737597289,laudyn (46/150),184.52,"QB Joe Burrow (134747-63336), RB Kenneth Walker III (134747-103342), RB Aaron Jones Sr. (134747-40442), WR Ja'Marr Chase (134747-85701), WR Nico Collins (134747-91419), WR Tee Higgins (134747-89981), TE T.J. Hockenson (134747-71706), RB Emanuel Wilson (134747-185861), D Tennessee Titans (134747-12534)"
442,3739641830,dptdawg (149/150),184.52,"QB Brock Purdy (134747-85607), RB Rhamondre Stevenson (134747-111540), RB Kyren Williams (134747-104433), WR CeeDee Lamb (134747-86631), WR Tee Higgins (134747-89981), WR Zay Flowers (134747-112295), TE T.J. Hockenson (134747-71706), RB Bucky Irving (134747-152664), D Los Angeles Chargers (134747-12548)"
442,3739560899,achellappa (81/150),184.52,"QB Joe Burrow (134747-63336), RB Kenneth Walker III (134747-103342), RB Aaron Jones Sr. (134747-40442), WR Ja'Marr Chase (134747-85701), WR Nico Collins (134747-91419), WR Tee Higgins (134747-89981), TE T.J. Hockenson (134747-71706), RB Emanuel Wilson (134747-185861), D Tennessee Titans (134747-12534)"
445,3739594647,macwack (23/150),184.48,"QB C.J. Stroud (134747-129471), RB Aaron Jones Sr. (134747-40442), RB Javonte Williams (134747-93541), WR Luther Burden III (134747-166092), WR Nico Collins (134747-91419), WR CeeDee Lamb (134747-86631), TE Dalton Schultz (134747-55042), RB Kenneth Walker III (134747-103342), D Los Angeles Chargers (134747-12548)"
445,3739390097,thevillageidiots (2/150),184.48,"QB C.J. Stroud (134747-129471), RB Aaron Jones Sr. (134747-40442), RB Kenneth Walker III (134747-103342), WR CeeDee Lamb (134747-86631), WR Jaylen Waddle (134747-90573), WR Nico Collins (134747-91419), TE Isaiah Likely (134747-87260), TE George Kittle (134747-39793), D Chicago Bears (134747-12527)"
445,3737292794,sixfever87 (144/150),184.48,"QB C.J. Stroud (134747-129471), RB Javonte Williams (134747-93541), RB Bhayshul Tuten (134747-160620), WR CeeDee Lamb (134747-86631), WR Zay Flowers (134747-112295), WR Christian Watson (134747-169776), TE T.J. Hockenson (134747-71706), WR Nico Collins (134747-91419), D Las Vegas Raiders (134747-12537)"
448,3738298943,nrosenberg21 (103/150),184.42,"QB Joe Burrow (134747-63336), RB Chase Brown (134747-89493), RB Kyle Monangai (134747-144102), WR CeeDee Lamb (134747-86631), WR Nico Collins (134747-91419), WR Tee Higgins (134747-89981), TE Travis Kelce (134747-33076), RB Aaron Jones Sr. (134747-40442), D Cincinnati Bengals (134747-12528)"
449,3738370902,iggles87 (53/150),184.38,"QB C.J. Stroud (134747-129471), RB D'Andre Swift (134747-91598), RB Kyle Monangai (134747-144102), WR Nico Collins (134747-91419), WR CeeDee Lamb (134747-86631), WR Tee Higgins (134747-89981), TE Brock Bowers (134747-151794), WR Wan'Dale Robinson (134747-103539), D Buffalo Bills (134747-12526)"
449,3738370903,iggles87 (54/150),184.38,"QB C.J. Stroud (134747-129471), RB Aaron Jones Sr. (134747-40442), RB Kyle Monangai (134747-144102), WR Nico Collins (134747-91419), WR CeeDee Lamb (134747-86631), WR Michael Wilson (134747-89612), TE Brock Bowers (134747-151794), RB David Montgomery (134747-73273), D Seattle Seahawks (134747-12550)"
449,3739179372,lionofjudah12 (40/50),184.38,"QB C.J. Stroud (134747-129471), RB Jeremiyah Love (134747-188171), RB Kyle Monangai (134747-144102), WR Jaxon Smith-Njigba (134747-129458), WR Nico Collins (134747-91419), WR CeeDee Lamb (134747-86631), TE T.J. Hockenson (134747-71706), WR Malik Nabers (134747-151761), D Las Vegas Raiders (134747-12537)"
449,3739293962,mhart1274 (98/150),184.38,"QB C.J. Stroud (134747-129471), RB Aaron Jones Sr. (134747-40442), RB Emanuel Wilson (134747-185861), WR George Pickens (134747-110246), WR Malik Nabers (134747-151761), WR Nico Collins (134747-91419), TE Brock Bowers (134747-151794), RB Kenneth Walker III (134747-103342), D Tampa Bay Buccaneers (134747-12551)"
449,3739764777,kelvindubs (124/150),184.38,"QB C.J. Stroud (134747-129471), RB Cam Skattebo (134747-183240), RB James Cook III (134747-91626), WR Tee Higgins (134747-89981), WR Matthew Golden (134747-166916), WR Nico Collins (134747-91419), TE T.J. Hockenson (134747-71706), WR CeeDee Lamb (134747-86631), D New York Giants (134747-12543)"
449,3738275052,bsmith85 (9/150),184.38,"QB C.J. Stroud (134747-129471), RB Derrick Henry (134747-39280), RB Cam Skattebo (134747-183240), WR Carnell Tate (134747-183756), WR Tee Higgins (134747-89981), WR Nico Collins (134747-91419), TE T.J. Hockenson (134747-71706), RB Kenneth Walker III (134747-103342), D Chicago Bears (134747-12527)"
449,3738200047,iamserve (90/150),184.38,"QB C.J. Stroud (134747-129471), RB Jeremiyah Love (134747-188171), RB Kyren Williams (134747-104433), WR Tee Higgins (134747-89981), WR Dontayvion Wicks (134747-110457), WR Nico Collins (134747-91419), TE T.J. Hockenson (134747-71706), RB Kenneth Walker III (134747-103342), D Green Bay Packers (134747-12533)"
456,3736963153,gregv28 (71/150),184.32,"QB Josh Allen (134747-62239), RB Emanuel Wilson (134747-185861), RB Braelon Allen (134747-158412), WR CeeDee Lamb (134747-86631), WR Nico Collins (134747-91419), WR Zay Flowers (134747-112295), TE T.J. Hockenson (134747-71706), RB James Cook III (134747-91626), D Cincinnati Bengals (134747-12528)"
457,3738854126,tonyjfd (3/3),184.3,"QB Dak Prescott (134747-31716), RB Emanuel Wilson (134747-185861), RB Derrick Henry (134747-39280), WR CeeDee Lamb (134747-86631), WR Nico Collins (134747-91419), WR Tyquan Thornton (134747-89220), TE Jake Ferguson (134747-89680), TE Tucker Kraft (134747-160303), D Seattle Seahawks (134747-12550)"
457,3738334691,madhopsoo (20/150),184.3,"QB Dak Prescott (134747-31716), RB Kyren Williams (134747-104433), RB Kenneth Walker III (134747-103342), WR Romeo Doubs (134747-94370), WR CeeDee Lamb (134747-86631), WR Nico Collins (134747-91419), TE AJ Barner (134747-137953), TE Travis Kelce (134747-33076), D Chicago Bears (134747-12527)"
457,3739179158,ruecker27 (12/19),184.3,"QB Dak Prescott (134747-31716), RB Javonte Williams (134747-93541), RB Tony Pollard (134747-63759), WR CeeDee Lamb (134747-86631), WR George Pickens (134747-110246), WR Tee Higgins (134747-89981), TE T.J. Hockenson (134747-71706), RB Kyle Monangai (134747-144102), D Denver Broncos (134747-12531)"
460,3737038278,carlosh5 (1/2),184.28,"QB C.J. Stroud (134747-129471), RB Kenneth Walker III (134747-103342), RB Ollie Gordon II (134747-166112), WR Matthew Golden (134747-166916), WR Nico Collins (134747-91419), WR Tee Higgins (134747-89981), TE Trey McBride (134747-91750), RB Kyle Monangai (134747-144102), D San Francisco 49ers (134747-12549)"
460,3737038471,carlosh5 (2/2),184.28,"QB C.J. Stroud (134747-129471), RB Kenneth Walker III (134747-103342), RB Ollie Gordon II (134747-166112), WR Matthew Golden (134747-166916), WR Nico Collins (134747-91419), WR Tee Higgins (134747-89981), TE Trey McBride (134747-91750), RB Kyle Monangai (134747-144102), D San Francisco 49ers (134747-12549)"
460,3739199337,brothermanfredy (80/101),184.28,"QB C.J. Stroud (134747-129471), RB Christian McCaffrey (134747-55050), RB Kenneth Walker III (134747-103342), WR Nico Collins (134747-91419), WR Tee Higgins (134747-89981), WR Ryan Flournoy (134747-201233), TE Brock Bowers (134747-151794), RB Emanuel Wilson (134747-185861), D Chicago Bears (134747-12527)"
460,3738922849,bkayjac (29/150),184.28,"QB C.J. Stroud (134747-129471), RB Kenneth Walker III (134747-103342), RB Javonte Williams (134747-93541), WR Carnell Tate (134747-183756), WR Michael Wilson (134747-89612), WR Nico Collins (134747-91419), TE Mark Andrews (134747-52436), RB Christian McCaffrey (134747-55050), D Jacksonville Jaguars (134747-12554)"
464,3737125809,joalmighty (78/150),184.22,"QB Joe Burrow (134747-63336), RB Javonte Williams (134747-93541), RB Aaron Jones Sr. (134747-40442), WR Zay Flowers (134747-112295), WR Tee Higgins (134747-89981), WR Jordan Addison (134747-129210), TE T.J. Hockenson (134747-71706), RB Kenneth Walker III (134747-103342), D Dallas Cowboys (134747-12530)"
465,3739339674,jerzmugz (1/1),184.2,"QB Dak Prescott (134747-31716), RB Aaron Jones Sr. (134747-40442), RB Kyle Monangai (134747-144102), WR Michael Wilson (134747-89612), WR Malik Nabers (134747-151761), WR CeeDee Lamb (134747-86631), TE Isaiah Likely (134747-87260), RB Kyren Williams (134747-104433), D Buffalo Bills (134747-12526)"
466,3739196561,pete42869 (88/90),184.18,"QB C.J. Stroud (134747-129471), RB Aaron Jones Sr. (134747-40442), RB Javonte Williams (134747-93541), WR Nico Collins (134747-91419), WR Kayshon Boutte (134747-119653), WR CeeDee Lamb (134747-86631), TE T.J. Hockenson (134747-71706), RB Derrick Henry (134747-39280), D Jacksonville Jaguars (134747-12554)"
466,3739507159,izjr49 (1/1),184.18,"QB C.J. Stroud (134747-129471), RB Kyren Williams (134747-104433), RB Javonte Williams (134747-93541), WR Tre Tucker (134747-103619), WR Nico Collins (134747-91419), WR Jaylen Waddle (134747-90573), TE Mike Gesicki (134747-56265), RB Kenneth Walker III (134747-103342), D Buffalo Bills (134747-12526)"
468,3739486289,belksports (49/150),184.16,"QB Drake Maye (134747-152316), RB Derrick Henry (134747-39280), RB Kenneth Walker III (134747-103342), WR Nico Collins (134747-91419), WR Tee Higgins (134747-89981), WR Michael Wilson (134747-89612), TE T.J. Hockenson (134747-71706), RB Aaron Jones Sr. (134747-40442), D Tampa Bay Buccaneers (134747-12551)"
469,3738106690,vaughtdj (38/150),184.1,"QB Dak Prescott (134747-31716), RB Braelon Allen (134747-158412), RB Emanuel Wilson (134747-185861), WR CeeDee Lamb (134747-86631), WR Jakobi Meyers (134747-63634), WR Tee Higgins (134747-89981), TE Brock Bowers (134747-151794), RB Kenneth Walker III (134747-103342), D New York Giants (134747-12543)"
470,3738897763,phd_aggie (16/150),184.08,"QB C.J. Stroud (134747-129471), RB Kenneth Walker III (134747-103342), RB Emanuel Wilson (134747-185861), WR Nico Collins (134747-91419), WR Jaxon Smith-Njigba (134747-129458), WR Dohnte Meyers (134747-241064), TE T.J. Hockenson (134747-71706), TE Brock Bowers (134747-151794), D Minnesota Vikings (134747-12540)"
470,3738060806,shotgun205 (150/150),184.08,"QB C.J. Stroud (134747-129471), RB Chase Brown (134747-89493), RB Rhamondre Stevenson (134747-111540), WR Zay Flowers (134747-112295), WR Carnell Tate (134747-183756), WR Nico Collins (134747-91419), TE George Kittle (134747-39793), RB Kenneth Walker III (134747-103342), D Houston Texans (134747-12556)"
470,3739403071,jusnit (89/150),184.08,"QB C.J. Stroud (134747-129471), RB Chase Brown (134747-89493), RB Emanuel Wilson (134747-185861), WR CeeDee Lamb (134747-86631), WR Nico Collins (134747-91419), WR Malik Nabers (134747-151761), TE Isaiah Likely (134747-87260), RB Christian McCaffrey (134747-55050), D Tampa Bay Buccaneers (134747-12551)"
473,3739293981,mhart1274 (104/150),184.0,"QB Dak Prescott (134747-31716), RB Braelon Allen (134747-158412), RB Kenneth Walker III (134747-103342), WR Tee Higgins (134747-89981), WR CeeDee Lamb (134747-86631), WR Zay Flowers (134747-112295), TE Travis Kelce (134747-33076), RB Emanuel Wilson (134747-185861), D Arizona Cardinals (134747-12546)"
474,3739751643,peteg9699 (103/150),183.98,"QB C.J. Stroud (134747-129471), RB Derrick Henry (134747-39280), RB Braelon Allen (134747-158412), WR CeeDee Lamb (134747-86631), WR Nico Collins (134747-91419), WR Luther Burden III (134747-166092), TE T.J. Hockenson (134747-71706), RB Kenneth Walker III (134747-103342), D Miami Dolphins (134747-12539)"
475,3739082011,thejuggenautb (135/150),183.92,"QB Tyson Bagent (134747-185776), RB Chase Brown (134747-89493), RB Kenneth Walker III (134747-103342), WR CeeDee Lamb (134747-86631), WR Nico Collins (134747-91419), WR Luther Burden III (134747-166092), TE T.J. Hockenson (134747-71706), WR Malik Nabers (134747-151761), D Chicago Bears (134747-12527)"
476,3737040207,dwat1981 (1/3),183.9,"QB Jameis Winston (134747-24849), RB Derrick Henry (134747-39280), RB Kyren Williams (134747-104433), WR Nico Collins (134747-91419), WR Tee Higgins (134747-89981), WR Zay Flowers (134747-112295), TE Tyler Higbee (134747-47870), RB Aaron Jones Sr. (134747-40442), D New York Giants (134747-12543)"
477,3736433019,popflyboy (17/150),183.88,"QB C.J. Stroud (134747-129471), RB Braelon Allen (134747-158412), RB Aaron Jones Sr. (134747-40442), WR Zay Flowers (134747-112295), WR Nico Collins (134747-91419), WR Tee Higgins (134747-89981), TE Brock Bowers (134747-151794), RB Kenneth Walker III (134747-103342), D Tampa Bay Buccaneers (134747-12551)"
477,3739854228,wiscomptonkid (1/2),183.88,"QB C.J. Stroud (134747-129471), RB Jeremiyah Love (134747-188171), RB Emanuel Wilson (134747-185861), WR Nico Collins (134747-91419), WR CeeDee Lamb (134747-86631), WR Michael Wilson (134747-89612), TE George Kittle (134747-39793), WR Tee Higgins (134747-89981), D Minnesota Vikings (134747-12540)"
477,3739855014,wiscomptonkid (2/2),183.88,"QB C.J. Stroud (134747-129471), RB Jeremiyah Love (134747-188171), RB Emanuel Wilson (134747-185861), WR Nico Collins (134747-91419), WR CeeDee Lamb (134747-86631), WR Michael Wilson (134747-89612), TE George Kittle (134747-39793), WR Tee Higgins (134747-89981), D Minnesota Vikings (134747-12540)"
477,3739278062,golfandgobblers (12/150),183.88,"QB Lamar Jackson (134747-63115), RB Aaron Jones Sr. (134747-40442), RB Emanuel Wilson (134747-185861), WR Nico Collins (134747-91419), WR Zay Flowers (134747-112295), WR Michael Wilson (134747-89612), TE Mark Andrews (134747-52436), RB Kenneth Walker III (134747-103342), D Seattle Seahawks (134747-12550)"
477,3737567478,bbake23 (29/150),183.88,"QB C.J. Stroud (134747-129471), RB Derrick Henry (134747-39280), RB Jeremiyah Love (134747-188171), WR Nico Collins (134747-91419), WR Zay Flowers (134747-112295), WR Carnell Tate (134747-183756), TE T.J. Hockenson (134747-71706), RB Kenneth Walker III (134747-103342), D Chicago Bears (134747-12527)"
482,3739210774,its_dirty_mike (33/150),183.82,"QB Joe Burrow (134747-63336), RB James Cook III (134747-91626), RB Braelon Allen (134747-158412), WR Nico Collins (134747-91419), WR Tee Higgins (134747-89981), WR CeeDee Lamb (134747-86631), TE Brenton Strange (134747-103587), RB Aaron Jones Sr. (134747-40442), D New York Giants (134747-12543)"
483,3738698187,mrodrigo22 (1/45),183.8,"QB Dak Prescott (134747-31716), RB Javonte Williams (134747-93541), RB Kenneth Walker III (134747-103342), WR Nico Collins (134747-91419), WR Malik Nabers (134747-151761), WR Deebo Samuel Sr. (134747-56018), TE T.J. Hockenson (134747-71706), WR Xavier Hutchinson (134747-119788), D Buffalo Bills (134747-12526)"
483,3738698189,mrodrigo22 (2/45),183.8,"QB Dak Prescott (134747-31716), RB Javonte Williams (134747-93541), RB Kenneth Walker III (134747-103342), WR Nico Collins (134747-91419), WR Malik Nabers (134747-151761), WR Deebo Samuel Sr. (134747-56018), TE T.J. Hockenson (134747-71706), WR Xavier Hutchinson (134747-119788), D Buffalo Bills (134747-12526)"
483,3738698191,mrodrigo22 (3/45),183.8,"QB Dak Prescott (134747-31716), RB Javonte Williams (134747-93541), RB Kenneth Walker III (134747-103342), WR Nico Collins (134747-91419), WR Malik Nabers (134747-151761), WR Deebo Samuel Sr. (134747-56018), TE T.J. Hockenson (134747-71706), WR Xavier Hutchinson (134747-119788), D Buffalo Bills (134747-12526)"
483,3738698193,mrodrigo22 (4/45),183.8,"QB Dak Prescott (134747-31716), RB Javonte Williams (134747-93541), RB Kenneth Walker III (134747-103342), WR Nico Collins (134747-91419), WR Malik Nabers (134747-151761), WR Deebo Samuel Sr. (134747-56018), TE T.J. Hockenson (134747-71706), WR Xavier Hutchinson (134747-119788), D Buffalo Bills (134747-12526)"
483,3738698195,mrodrigo22 (5/45),183.8,"QB Dak Prescott (134747-31716), RB Javonte Williams (134747-93541), RB Kenneth Walker III (134747-103342), WR Nico Collins (134747-91419), WR Malik Nabers (134747-151761), WR Deebo Samuel Sr. (134747-56018), TE T.J. Hockenson (134747-71706), WR Xavier Hutchinson (134747-119788), D Buffalo Bills (134747-12526)"
483,3738698196,mrodrigo22 (6/45),183.8,"QB Dak Prescott (134747-31716), RB Javonte Williams (134747-93541), RB Kenneth Walker III (134747-103342), WR Nico Collins (134747-91419), WR Malik Nabers (134747-151761), WR Deebo Samuel Sr. (134747-56018), TE T.J. Hockenson (134747-71706), WR Xavier Hutchinson (134747-119788), D Buffalo Bills (134747-12526)"
483,3738698198,mrodrigo22 (7/45),183.8,"QB Dak Prescott (134747-31716), RB Javonte Williams (134747-93541), RB Kenneth Walker III (134747-103342), WR Nico Collins (134747-91419), WR Malik Nabers (134747-151761), WR Deebo Samuel Sr. (134747-56018), TE T.J. Hockenson (134747-71706), WR Xavier Hutchinson (134747-119788), D Buffalo Bills (134747-12526)"
483,3738698200,mrodrigo22 (8/45),183.8,"QB Dak Prescott (134747-31716), RB Javonte Williams (134747-93541), RB Kenneth Walker III (134747-103342), WR Nico Collins (134747-91419), WR Malik Nabers (134747-151761), WR Deebo Samuel Sr. (134747-56018), TE T.J. Hockenson (134747-71706), WR Xavier Hutchinson (134747-119788), D Buffalo Bills (134747-12526)"
483,3738698203,mrodrigo22 (9/45),183.8,"QB Dak Prescott (134747-31716), RB Javonte Williams (134747-93541), RB Kenneth Walker III (134747-103342), WR Nico Collins (134747-91419), WR Malik Nabers (134747-151761), WR Deebo Samuel Sr. (134747-56018), TE T.J. Hockenson (134747-71706), WR Xavier Hutchinson (134747-119788), D Buffalo Bills (134747-12526)"
483,3738698205,mrodrigo22 (10/45),183.8,"QB Dak Prescott (134747-31716), RB Javonte Williams (134747-93541), RB Kenneth Walker III (134747-103342), WR Nico Collins (134747-91419), WR Malik Nabers (134747-151761), WR Deebo Samuel Sr. (134747-56018), TE T.J. Hockenson (134747-71706), WR Xavier Hutchinson (134747-119788), D Buffalo Bills (134747-12526)"
483,3738698207,mrodrigo22 (11/45),183.8,"QB Dak Prescott (134747-31716), RB Javonte Williams (134747-93541), RB Kenneth Walker III (134747-103342), WR Nico Collins (134747-91419), WR Malik Nabers (134747-151761), WR Deebo Samuel Sr. (134747-56018), TE T.J. Hockenson (134747-71706), WR Xavier Hutchinson (134747-119788), D Buffalo Bills (134747-12526)"
483,3738698211,mrodrigo22 (12/45),183.8,"QB Dak Prescott (134747-31716), RB Javonte Williams (134747-93541), RB Kenneth Walker III (134747-103342), WR Nico Collins (134747-91419), WR Malik Nabers (134747-151761), WR Deebo Samuel Sr. (134747-56018), TE T.J. Hockenson (134747-71706), WR Xavier Hutchinson (134747-119788), D Buffalo Bills (134747-12526)"
483,3738698213,mrodrigo22 (13/45),183.8,"QB Dak Prescott (134747-31716), RB Javonte Williams (134747-93541), RB Kenneth Walker III (134747-103342), WR Nico Collins (134747-91419), WR Malik Nabers (134747-151761), WR Deebo Samuel Sr. (134747-56018), TE T.J. Hockenson (134747-71706), WR Xavier Hutchinson (134747-119788), D Buffalo Bills (134747-12526)"
483,3738698215,mrodrigo22 (14/45),183.8,"QB Dak Prescott (134747-31716), RB Javonte Williams (134747-93541), RB Kenneth Walker III (134747-103342), WR Nico Collins (134747-91419), WR Malik Nabers (134747-151761), WR Deebo Samuel Sr. (134747-56018), TE T.J. Hockenson (134747-71706), WR Xavier Hutchinson (134747-119788), D Buffalo Bills (134747-12526)"
483,3738698218,mrodrigo22 (15/45),183.8,"QB Dak Prescott (134747-31716), RB Javonte Williams (134747-93541), RB Kenneth Walker III (134747-103342), WR Nico Collins (134747-91419), WR Malik Nabers (134747-151761), WR Deebo Samuel Sr. (134747-56018), TE T.J. Hockenson (134747-71706), WR Xavier Hutchinson (134747-119788), D Buffalo Bills (134747-12526)"
483,3738698224,mrodrigo22 (16/45),183.8,"QB Dak Prescott (134747-31716), RB Javonte Williams (134747-93541), RB Kenneth Walker III (134747-103342), WR Nico Collins (134747-91419), WR Malik Nabers (134747-151761), WR Deebo Samuel Sr. (134747-56018), TE T.J. Hockenson (134747-71706), WR Xavier Hutchinson (134747-119788), D Buffalo Bills (134747-12526)"
483,3738698227,mrodrigo22 (17/45),183.8,"QB Dak Prescott (134747-31716), RB Javonte Williams (134747-93541), RB Kenneth Walker III (134747-103342), WR Nico Collins (134747-91419), WR Malik Nabers (134747-151761), WR Deebo Samuel Sr. (134747-56018), TE T.J. Hockenson (134747-71706), WR Xavier Hutchinson (134747-119788), D Buffalo Bills (134747-12526)"
483,3738698230,mrodrigo22 (18/45),183.8,"QB Dak Prescott (134747-31716), RB Javonte Williams (134747-93541), RB Kenneth Walker III (134747-103342), WR Nico Collins (134747-91419), WR Malik Nabers (134747-151761), WR Deebo Samuel Sr. (134747-56018), TE T.J. Hockenson (134747-71706), WR Xavier Hutchinson (134747-119788), D Buffalo Bills (134747-12526)"
483,3738698232,mrodrigo22 (19/45),183.8,"QB Dak Prescott (134747-31716), RB Javonte Williams (134747-93541), RB Kenneth Walker III (134747-103342), WR Nico Collins (134747-91419), WR Malik Nabers (134747-151761), WR Deebo Samuel Sr. (134747-56018), TE T.J. Hockenson (134747-71706), WR Xavier Hutchinson (134747-119788), D Buffalo Bills (134747-12526)"
483,3738698235,mrodrigo22 (20/45),183.8,"QB Dak Prescott (134747-31716), RB Javonte Williams (134747-93541), RB Kenneth Walker III (134747-103342), WR Nico Collins (134747-91419), WR Malik Nabers (134747-151761), WR Deebo Samuel Sr. (134747-56018), TE T.J. Hockenson (134747-71706), WR Xavier Hutchinson (134747-119788), D Buffalo Bills (134747-12526)"
503,3739434003,whomikeb (2/3),183.78,"QB C.J. Stroud (134747-129471), RB Chase Brown (134747-89493), RB Emanuel Wilson (134747-185861), WR CeeDee Lamb (134747-86631), WR Nico Collins (134747-91419), WR Romeo Doubs (134747-94370), TE Tyler Higbee (134747-47870), RB Christian McCaffrey (134747-55050), D Minnesota Vikings (134747-12540)"
503,3739446189,goldenknight47 (1/2),183.78,"QB C.J. Stroud (134747-129471), RB Bhayshul Tuten (134747-160620), RB Kenneth Walker III (134747-103342), WR Zay Flowers (134747-112295), WR Nico Collins (134747-91419), WR CeeDee Lamb (134747-86631), TE Brenton Strange (134747-103587), WR Dontayvion Wicks (134747-110457), D Chicago Bears (134747-12527)"
505,3738806668,mtiburon13 (64/150),183.7,"QB Dak Prescott (134747-31716), RB Kyren Williams (134747-104433), RB Emanuel Wilson (134747-185861), WR CeeDee Lamb (134747-86631), WR Nico Collins (134747-91419), WR Tee Higgins (134747-89981), TE Jake Ferguson (134747-89680), WR Quentin Johnston (134747-120639), D Green Bay Packers (134747-12533)"
506,3738968298,tazmazz13 (18/150),183.68,"QB C.J. Stroud (134747-129471), RB Derrick Henry (134747-39280), RB Aaron Jones Sr. (134747-40442), WR Nico Collins (134747-91419), WR Zay Flowers (134747-112295), WR Michael Wilson (134747-89612), TE T.J. Hockenson (134747-71706), RB Kenneth Walker III (134747-103342), D Tampa Bay Buccaneers (134747-12551)"
506,3737190260,edog917 (36/150),183.68,"QB C.J. Stroud (134747-129471), RB Derrick Henry (134747-39280), RB Aaron Jones Sr. (134747-40442), WR Nico Collins (134747-91419), WR Zay Flowers (134747-112295), WR Michael Wilson (134747-89612), TE T.J. Hockenson (134747-71706), RB Kenneth Walker III (134747-103342), D New York Jets (134747-12544)"
506,3736963210,gregv28 (93/150),183.68,"QB C.J. Stroud (134747-129471), RB Emanuel Wilson (134747-185861), RB Kenneth Walker III (134747-103342), WR Matthew Golden (134747-166916), WR CeeDee Lamb (134747-86631), WR Michael Wilson (134747-89612), TE T.J. Hockenson (134747-71706), RB James Cook III (134747-91626), D San Francisco 49ers (134747-12549)"
506,3737184179,gleary (18/150),183.68,"QB C.J. Stroud (134747-129471), RB Derrick Henry (134747-39280), RB Aaron Jones Sr. (134747-40442), WR Nico Collins (134747-91419), WR Zay Flowers (134747-112295), WR Michael Wilson (134747-89612), TE T.J. Hockenson (134747-71706), RB Kenneth Walker III (134747-103342), D Tampa Bay Buccaneers (134747-12551)"
506,3738677810,nitsud05 (93/150),183.68,"QB C.J. Stroud (134747-129471), RB Derrick Henry (134747-39280), RB Aaron Jones Sr. (134747-40442), WR Nico Collins (134747-91419), WR Zay Flowers (134747-112295), WR Michael Wilson (134747-89612), TE T.J. Hockenson (134747-71706), RB Kenneth Walker III (134747-103342), D New York Jets (134747-12544)"
506,3739785257,ilovefcporto (67/150),183.68,"QB C.J. Stroud (134747-129471), RB Kenneth Walker III (134747-103342), RB Derrick Henry (134747-39280), WR Nico Collins (134747-91419), WR Zay Flowers (134747-112295), WR Michael Wilson (134747-89612), TE T.J. Hockenson (134747-71706), RB Aaron Jones Sr. (134747-40442), D Tampa Bay Buccaneers (134747-12551)"
506,3739002206,harknado22 (34/150),183.68,"QB C.J. Stroud (134747-129471), RB Derrick Henry (134747-39280), RB Aaron Jones Sr. (134747-40442), WR Nico Collins (134747-91419), WR Zay Flowers (134747-112295), WR Michael Wilson (134747-89612), TE T.J. Hockenson (134747-71706), RB Kenneth Walker III (134747-103342), D New York Jets (134747-12544)"
506,3739190628,potatonater (1/1),183.68,"QB C.J. Stroud (134747-129471), RB Aaron Jones Sr. (134747-40442), RB Derrick Henry (134747-39280), WR Nico Collins (134747-91419), WR Isaiah Williams (134747-112041), WR CeeDee Lamb (134747-86631), TE Isaiah Likely (134747-87260), RB Kenneth Walker III (134747-103342), D Los Angeles Chargers (134747-12548)"
506,3739810492,xxyesxxsm0ke (63/150),183.68,"QB C.J. Stroud (134747-129471), RB Derrick Henry (134747-39280), RB Aaron Jones Sr. (134747-40442), WR Nico Collins (134747-91419), WR Zay Flowers (134747-112295), WR Michael Wilson (134747-89612), TE T.J. Hockenson (134747-71706), RB Kenneth Walker III (134747-103342), D Tampa Bay Buccaneers (134747-12551)"
515,3738446034,goatisgreat (114/150),183.62,"QB Joe Burrow (134747-63336), RB Chase Brown (134747-89493), RB Kenneth Walker III (134747-103342), WR Tee Higgins (134747-89981), WR Matthew Golden (134747-166916), WR Nico Collins (134747-91419), TE T.J. Hockenson (134747-71706), RB Aaron Jones Sr. (134747-40442), D Chicago Bears (134747-12527)"
515,3738964018,mikelax18 (102/150),183.62,"QB Josh Allen (134747-62239), RB Christian McCaffrey (134747-55050), RB Kenneth Walker III (134747-103342), WR Puka Nacua (134747-103020), WR DeMario Douglas (134747-111876), WR Tyquan Thornton (134747-89220), TE T.J. Hockenson (134747-71706), RB Kyle Monangai (134747-144102), D Chicago Bears (134747-12527)"
517,3739060850,s1lopes (31/150),183.58,"QB C.J. Stroud (134747-129471), RB Chase Brown (134747-89493), RB Javonte Williams (134747-93541), WR Nico Collins (134747-91419), WR Tee Higgins (134747-89981), WR Malik Nabers (134747-151761), TE Brock Bowers (134747-151794), RB Aaron Jones Sr. (134747-40442), D New York Jets (134747-12544)"
517,3738497629,nmondor (11/150),183.58,"QB Kyler Murray (134747-63484), RB Chase Brown (134747-89493), RB Kenneth Walker III (134747-103342), WR Puka Nacua (134747-103020), WR Zay Flowers (134747-112295), WR Malik Nabers (134747-151761), TE T.J. Hockenson (134747-71706), RB Emanuel Wilson (134747-185861), D Los Angeles Chargers (134747-12548)"
517,3738234499,dasportsguru (60/150),183.58,"QB C.J. Stroud (134747-129471), RB Jeremiyah Love (134747-188171), RB Emanuel Wilson (134747-185861), WR George Pickens (134747-110246), WR Nico Collins (134747-91419), WR CeeDee Lamb (134747-86631), TE Brenton Strange (134747-103587), RB Kenneth Walker III (134747-103342), D Tampa Bay Buccaneers (134747-12551)"
517,3739213515,usmcmickey (148/150),183.58,"QB C.J. Stroud (134747-129471), RB Kyle Monangai (134747-144102), RB Kenneth Walker III (134747-103342), WR Nico Collins (134747-91419), WR Kayshon Boutte (134747-119653), WR CeeDee Lamb (134747-86631), TE Dalton Schultz (134747-55042), TE Tucker Kraft (134747-160303), D Jacksonville Jaguars (134747-12554)"
517,3739534806,ldubbzz (25/33),183.58,"QB C.J. Stroud (134747-129471), RB Ashton Jeanty (134747-167031), RB Javonte Williams (134747-93541), WR Puka Nacua (134747-103020), WR Nico Collins (134747-91419), WR Tee Higgins (134747-89981), TE Dalton Schultz (134747-55042), RB Emanuel Wilson (134747-185861), D Tampa Bay Buccaneers (134747-12551)"
517,3737977185,demopower (1/1),183.58,"QB C.J. Stroud (134747-129471), RB Aaron Jones Sr. (134747-40442), RB Emanuel Wilson (134747-185861), WR Nico Collins (134747-91419), WR CeeDee Lamb (134747-86631), WR Zay Flowers (134747-112295), TE George Kittle (134747-39793), WR Dontayvion Wicks (134747-110457), D Minnesota Vikings (134747-12540)"
523,3736381453,xbigtimberx (104/150),183.56,"QB Drake Maye (134747-152316), RB Kenneth Walker III (134747-103342), RB Christian McCaffrey (134747-55050), WR Romeo Doubs (134747-94370), WR Tee Higgins (134747-89981), WR Nico Collins (134747-91419), TE Mark Andrews (134747-52436), TE George Kittle (134747-39793), D Chicago Bears (134747-12527)"
524,3739075239,noodles301 (50/150),183.5,"QB Patrick Mahomes (134747-57439), RB Aaron Jones Sr. (134747-40442), RB Kenneth Walker III (134747-103342), WR Nico Collins (134747-91419), WR Zay Flowers (134747-112295), WR Michael Wilson (134747-89612), TE Brock Bowers (134747-151794), WR Tyquan Thornton (134747-89220), D Houston Texans (134747-12556)"
525,3739276730,esmiller58 (1/1),183.48,"QB C.J. Stroud (134747-129471), RB Chase Brown (134747-89493), RB Cam Skattebo (134747-183240), WR Nico Collins (134747-91419), WR CeeDee Lamb (134747-86631), WR Tee Higgins (134747-89981), TE Dalton Schultz (134747-55042), RB Kyle Monangai (134747-144102), D New York Giants (134747-12543)"
525,3738973739,flyinhawkz (147/150),183.48,"QB C.J. Stroud (134747-129471), RB Kenneth Walker III (134747-103342), RB Javonte Williams (134747-93541), WR Michael Wilson (134747-89612), WR Jaylen Waddle (134747-90573), WR Nico Collins (134747-91419), TE T.J. Hockenson (134747-71706), RB Christian McCaffrey (134747-55050), D Los Angeles Chargers (134747-12548)"
525,3738080113,dvstreezy (94/150),183.48,"QB C.J. Stroud (134747-129471), RB Aaron Jones Sr. (134747-40442), RB Javonte Williams (134747-93541), WR Nico Collins (134747-91419), WR Tee Higgins (134747-89981), WR Dontayvion Wicks (134747-110457), TE Brock Bowers (134747-151794), RB Kenneth Walker III (134747-103342), D New York Jets (134747-12544)"
525,3739137464,finfan1372 (1/1),183.48,"QB C.J. Stroud (134747-129471), RB Javonte Williams (134747-93541), RB Aaron Jones Sr. (134747-40442), WR Nico Collins (134747-91419), WR CeeDee Lamb (134747-86631), WR Jakobi Meyers (134747-63634), TE Travis Kelce (134747-33076), RB Kenneth Walker III (134747-103342), D Chicago Bears (134747-12527)"
525,3739473787,fandueljunkie (87/132),183.48,"QB C.J. Stroud (134747-129471), RB Aaron Jones Sr. (134747-40442), RB Braelon Allen (134747-158412), WR Tee Higgins (134747-89981), WR Puka Nacua (134747-103020), WR Zay Flowers (134747-112295), TE T.J. Hockenson (134747-71706), WR Nico Collins (134747-91419), D Minnesota Vikings (134747-12540)"
530,3738707365,tamterrific (84/150),183.42,"QB Joe Burrow (134747-63336), RB Chase Brown (134747-89493), RB Javonte Williams (134747-93541), WR Nico Collins (134747-91419), WR Matthew Golden (134747-166916), WR Tee Higgins (134747-89981), TE Tyler Higbee (134747-47870), RB Kenneth Walker III (134747-103342), D Miami Dolphins (134747-12539)"
531,3739031194,juiceman_10 (67/150),183.38,"QB C.J. Stroud (134747-129471), RB Derrick Henry (134747-39280), RB Tony Pollard (134747-63759), WR CeeDee Lamb (134747-86631), WR Nico Collins (134747-91419), WR Matthew Golden (134747-166916), TE T.J. Hockenson (134747-71706), RB Kyren Williams (134747-104433), D Las Vegas Raiders (134747-12537)"
532,3738740008,steven_1974 (114/150),183.28,"QB C.J. Stroud (134747-129471), RB Aaron Jones Sr. (134747-40442), RB Kenneth Walker III (134747-103342), WR Romeo Doubs (134747-94370), WR Zay Flowers (134747-112295), WR Nico Collins (134747-91419), TE Brock Bowers (134747-151794), WR Parker Washington (134747-137516), D New York Giants (134747-12543)"
532,3739383432,wudreamz (79/150),183.28,"QB C.J. Stroud (134747-129471), RB Javonte Williams (134747-93541), RB Aaron Jones Sr. (134747-40442), WR CeeDee Lamb (134747-86631), WR Nico Collins (134747-91419), WR Carnell Tate (134747-183756), TE Dalton Schultz (134747-55042), TE Brock Bowers (134747-151794), D Green Bay Packers (134747-12533)"
534,3739217630,daobkid (1/4),183.22,"QB Brock Purdy (134747-85607), RB Kyle Monangai (134747-144102), RB Tony Pollard (134747-63759), WR Deebo Samuel Sr. (134747-56018), WR Malik Nabers (134747-151761), WR Keon Coleman (134747-157467), TE George Kittle (134747-39793), WR CeeDee Lamb (134747-86631), D Minnesota Vikings (134747-12540)"
534,3739217717,daobkid (2/4),183.22,"QB Brock Purdy (134747-85607), RB Kyle Monangai (134747-144102), RB Tony Pollard (134747-63759), WR Deebo Samuel Sr. (134747-56018), WR Malik Nabers (134747-151761), WR Keon Coleman (134747-157467), TE George Kittle (134747-39793), WR CeeDee Lamb (134747-86631), D Minnesota Vikings (134747-12540)"
536,3739290499,mrjinx (15/150),183.18,"QB C.J. Stroud (134747-129471), RB Jeremiyah Love (134747-188171), RB Bhayshul Tuten (134747-160620), WR Nico Collins (134747-91419), WR Zay Flowers (134747-112295), WR CeeDee Lamb (134747-86631), TE Brock Bowers (134747-151794), RB Emanuel Wilson (134747-185861), D Chicago Bears (134747-12527)"
536,3739532365,pittbulldawg (51/150),183.18,"QB C.J. Stroud (134747-129471), RB Braelon Allen (134747-158412), RB Aaron Jones Sr. (134747-40442), WR CeeDee Lamb (134747-86631), WR Nico Collins (134747-91419), WR Tee Higgins (134747-89981), TE Dalton Schultz (134747-55042), RB Kenneth Walker III (134747-103342), D Arizona Cardinals (134747-12546)"
536,3736613738,thewolverine1 (29/150),183.18,"QB C.J. Stroud (134747-129471), RB Christian McCaffrey (134747-55050), RB Aaron Jones Sr. (134747-40442), WR Nico Collins (134747-91419), WR Tee Higgins (134747-89981), WR CeeDee Lamb (134747-86631), TE Isaiah Likely (134747-87260), TE T.J. Hockenson (134747-71706), D Baltimore Ravens (134747-12555)"
539,3737079433,stickman6 (15/150),183.12,"QB Josh Allen (134747-62239), RB Kenneth Walker III (134747-103342), RB Rhamondre Stevenson (134747-111540), WR Zay Flowers (134747-112295), WR Khalil Shakir (134747-86518), WR CeeDee Lamb (134747-86631), TE T.J. Hockenson (134747-71706), TE Brock Bowers (134747-151794), D Los Angeles Chargers (134747-12548)"
540,3738234600,dasportsguru (120/150),183.08,"QB C.J. Stroud (134747-129471), RB Emanuel Wilson (134747-185861), RB Braelon Allen (134747-158412), WR Nico Collins (134747-91419), WR CeeDee Lamb (134747-86631), WR Jaxon Smith-Njigba (134747-129458), TE Tyler Higbee (134747-47870), RB Kenneth Walker III (134747-103342), D Miami Dolphins (134747-12539)"
540,3739550917,tcallstars (1/1),183.08,"QB C.J. Stroud (134747-129471), RB Kenneth Walker III (134747-103342), RB Derrick Henry (134747-39280), WR Malik Washington (134747-110974), WR Nico Collins (134747-91419), WR CeeDee Lamb (134747-86631), TE T.J. Hockenson (134747-71706), RB Braelon Allen (134747-158412), D Cincinnati Bengals (134747-12528)"
540,3739399369,mmmmmmmmmm (38/150),183.08,"QB C.J. Stroud (134747-129471), RB Aaron Jones Sr. (134747-40442), RB Ashton Jeanty (134747-167031), WR CeeDee Lamb (134747-86631), WR Michael Wilson (134747-89612), WR Nico Collins (134747-91419), TE Isaiah Likely (134747-87260), RB Kenneth Walker III (134747-103342), D Los Angeles Chargers (134747-12548)"
540,3738579732,onetime12 (3/150),183.08,"QB C.J. Stroud (134747-129471), RB Aaron Jones Sr. (134747-40442), RB James Cook III (134747-91626), WR Nico Collins (134747-91419), WR Zay Flowers (134747-112295), WR Michael Wilson (134747-89612), TE T.J. Hockenson (134747-71706), RB Kenneth Walker III (134747-103342), D Houston Texans (134747-12556)"
540,3737701832,theswirls (135/150),183.08,"QB C.J. Stroud (134747-129471), RB Chase Brown (134747-89493), RB Emanuel Wilson (134747-185861), WR Nico Collins (134747-91419), WR Zay Flowers (134747-112295), WR Matthew Golden (134747-166916), TE Mark Andrews (134747-52436), RB Kenneth Walker III (134747-103342), D Green Bay Packers (134747-12533)"
545,3736658728,paintgirl (7/150),183.02,"QB Joe Burrow (134747-63336), RB Javonte Williams (134747-93541), RB Chase Brown (134747-89493), WR Tee Higgins (134747-89981), WR Carnell Tate (134747-183756), WR Nico Collins (134747-91419), TE Brock Bowers (134747-151794), RB Aaron Jones Sr. (134747-40442), D Tampa Bay Buccaneers (134747-12551)"
546,3738259556,ftlaudbucsfan (6/15),183.0,"QB Dak Prescott (134747-31716), RB Ashton Jeanty (134747-167031), RB Javonte Williams (134747-93541), WR CeeDee Lamb (134747-86631), WR George Pickens (134747-110246), WR Isaiah Williams (134747-112041), TE T.J. Hockenson (134747-71706), RB Emanuel Wilson (134747-185861), D Seattle Seahawks (134747-12550)"
546,3739446090,medicbarrie (1/1),183.0,"QB Dak Prescott (134747-31716), RB Kenneth Walker III (134747-103342), RB Aaron Jones Sr. (134747-40442), WR CeeDee Lamb (134747-86631), WR Malik Nabers (134747-151761), WR Romeo Doubs (134747-94370), TE Dalton Schultz (134747-55042), RB Ollie Gordon II (134747-166112), D Seattle Seahawks (134747-12550)"
546,3738496052,ddarby1221 (116/150),183.0,"QB Jameis Winston (134747-24849), RB Javonte Williams (134747-93541), RB Ashton Jeanty (134747-167031), WR Michael Wilson (134747-89612), WR Zay Flowers (134747-112295), WR Nico Collins (134747-91419), TE Isaiah Likely (134747-87260), RB Kenneth Walker III (134747-103342), D Chicago Bears (134747-12527)"
549,3739348552,hockeycardsplus (99/150),182.98,"QB C.J. Stroud (134747-129471), RB Chase Brown (134747-89493), RB Jeremiyah Love (134747-188171), WR Nico Collins (134747-91419), WR Tee Higgins (134747-89981), WR Carnell Tate (134747-183756), TE T.J. Hockenson (134747-71706), RB Kenneth Walker III (134747-103342), D Minnesota Vikings (134747-12540)"
549,3739255862,mrbailey (28/150),182.98,"QB C.J. Stroud (134747-129471), RB Aaron Jones Sr. (134747-40442), RB Cam Skattebo (134747-183240), WR CeeDee Lamb (134747-86631), WR Nico Collins (134747-91419), WR Jordan Addison (134747-129210), TE T.J. Hockenson (134747-71706), RB Kenneth Walker III (134747-103342), D Chicago Bears (134747-12527)"
549,3738122319,aboma10 (35/150),182.98,"QB C.J. Stroud (134747-129471), RB Javonte Williams (134747-93541), RB Cam Skattebo (134747-183240), WR Tee Higgins (134747-89981), WR Nico Collins (134747-91419), WR CeeDee Lamb (134747-86631), TE Dalton Schultz (134747-55042), RB Aaron Jones Sr. (134747-40442), D New York Giants (134747-12543)"
549,3738943768,steellyin (109/150),182.98,"QB C.J. Stroud (134747-129471), RB Javonte Williams (134747-93541), RB Kenneth Walker III (134747-103342), WR Malik Washington (134747-110974), WR Jaylen Waddle (134747-90573), WR Nico Collins (134747-91419), TE T.J. Hockenson (134747-71706), RB Christian McCaffrey (134747-55050), D Chicago Bears (134747-12527)"
549,3739316808,darkstarko (37/150),182.98,"QB C.J. Stroud (134747-129471), RB Chase Brown (134747-89493), RB Jeremiyah Love (134747-188171), WR Luther Burden III (134747-166092), WR CeeDee Lamb (134747-86631), WR Nico Collins (134747-91419), TE T.J. Hockenson (134747-71706), RB Kenneth Walker III (134747-103342), D Chicago Bears (134747-12527)"
554,3738143171,hman821 (28/143),182.92,"QB Joe Burrow (134747-63336), RB Braelon Allen (134747-158412), RB Chase Brown (134747-89493), WR Tee Higgins (134747-89981), WR CeeDee Lamb (134747-86631), WR Zay Flowers (134747-112295), TE Brock Bowers (134747-151794), RB Emanuel Wilson (134747-185861), D Miami Dolphins (134747-12539)"
555,3736872855,benwills774 (123/150),182.9,"QB Jameis Winston (134747-24849), RB Kenneth Walker III (134747-103342), RB Emanuel Wilson (134747-185861), WR CeeDee Lamb (134747-86631), WR Michael Wilson (134747-89612), WR Malik Nabers (134747-151761), TE Isaiah Likely (134747-87260), RB Derrick Henry (134747-39280), D Chicago Bears (134747-12527)"
555,3739226981,slumdoc (57/150),182.9,"QB Jameis Winston (134747-24849), RB Rhamondre Stevenson (134747-111540), RB Kenneth Walker III (134747-103342), WR Nico Collins (134747-91419), WR Malik Nabers (134747-151761), WR Carnell Tate (134747-183756), TE Brock Bowers (134747-151794), RB Christian McCaffrey (134747-55050), D Chicago Bears (134747-12527)"
557,3738106646,vaughtdj (12/150),182.88,"QB C.J. Stroud (134747-129471), RB Emanuel Wilson (134747-185861), RB Braelon Allen (134747-158412), WR Nico Collins (134747-91419), WR Parker Washington (134747-137516), WR CeeDee Lamb (134747-86631), TE Brock Bowers (134747-151794), RB Kenneth Walker III (134747-103342), D Miami Dolphins (134747-12539)"
557,3737309227,afroblue (29/150),182.88,"QB C.J. Stroud (134747-129471), RB Jeremiyah Love (134747-188171), RB Javonte Williams (134747-93541), WR Zay Flowers (134747-112295), WR Tee Higgins (134747-89981), WR Nico Collins (134747-91419), TE Dalton Schultz (134747-55042), WR CeeDee Lamb (134747-86631), D Tampa Bay Buccaneers (134747-12551)"
557,3739466443,hi_mom (1/1),182.88,"QB Matthew Stafford (134747-6654), RB Kyren Williams (134747-104433), RB Aaron Jones Sr. (134747-40442), WR Michael Wilson (134747-89612), WR CeeDee Lamb (134747-86631), WR Puka Nacua (134747-103020), TE Tyler Higbee (134747-47870), RB Kyle Monangai (134747-144102), D Chicago Bears (134747-12527)"
557,3739635541,brock501 (106/125),182.88,"QB C.J. Stroud (134747-129471), RB Javonte Williams (134747-93541), RB Braelon Allen (134747-158412), WR Zay Flowers (134747-112295), WR Matthew Golden (134747-166916), WR Nico Collins (134747-91419), TE Brock Bowers (134747-151794), RB Kenneth Walker III (134747-103342), D Los Angeles Chargers (134747-12548)"
557,3739172627,xxdomonatorsxx (44/150),182.88,"QB C.J. Stroud (134747-129471), RB Braelon Allen (134747-158412), RB Aaron Jones Sr. (134747-40442), WR Nico Collins (134747-91419), WR Zay Flowers (134747-112295), WR Malik Nabers (134747-151761), TE Brock Bowers (134747-151794), RB Kenneth Walker III (134747-103342), D Tampa Bay Buccaneers (134747-12551)"
557,3738252012,nosaint912 (74/150),182.88,"QB C.J. Stroud (134747-129471), RB Kenneth Walker III (134747-103342), RB Aaron Jones Sr. (134747-40442), WR Kalif Raymond (134747-70422), WR CeeDee Lamb (134747-86631), WR Nico Collins (134747-91419), TE T.J. Hockenson (134747-71706), RB Christian McCaffrey (134747-55050), D Tampa Bay Buccaneers (134747-12551)"
563,3738895387,purell0 (131/150),182.82,"QB Joe Burrow (134747-63336), RB Rhamondre Stevenson (134747-111540), RB Derrick Henry (134747-39280), WR Tee Higgins (134747-89981), WR Zay Flowers (134747-112295), WR Nico Collins (134747-91419), TE T.J. Hockenson (134747-71706), TE Brock Bowers (134747-151794), D Cincinnati Bengals (134747-12528)"
564,3739124750,winner12345 (139/150),182.8,"QB Kirk Cousins (134747-22038), RB Emanuel Wilson (134747-185861), RB Ashton Jeanty (134747-167031), WR Luther Burden III (134747-166092), WR Nico Collins (134747-91419), WR CeeDee Lamb (134747-86631), TE George Kittle (134747-39793), TE Brock Bowers (134747-151794), D Chicago Bears (134747-12527)"
564,3738716642,yankeeblue1977 (24/150),182.8,"QB Dak Prescott (134747-31716), RB Kenneth Walker III (134747-103342), RB Braelon Allen (134747-158412), WR CeeDee Lamb (134747-86631), WR Zay Flowers (134747-112295), WR Nico Collins (134747-91419), TE Tucker Kraft (134747-160303), TE Mark Andrews (134747-52436), D New York Jets (134747-12544)"
564,3738891249,skooter1184 (63/149),182.8,"QB Dak Prescott (134747-31716), RB Chase Brown (134747-89493), RB Javonte Williams (134747-93541), WR Nico Collins (134747-91419), WR Michael Wilson (134747-89612), WR CeeDee Lamb (134747-86631), TE T.J. Hockenson (134747-71706), RB Aaron Jones Sr. (134747-40442), D Cincinnati Bengals (134747-12528)"
567,3738459658,brothershamus (6/10),182.78,"QB C.J. Stroud (134747-129471), RB Kenneth Walker III (134747-103342), RB Woody Marks (134747-138774), WR Nico Collins (134747-91419), WR CeeDee Lamb (134747-86631), WR Parker Washington (134747-137516), TE George Kittle (134747-39793), RB Emanuel Wilson (134747-185861), D Chicago Bears (134747-12527)"
567,3737272358,chizzled17 (2/150),182.78,"QB C.J. Stroud (134747-129471), RB Aaron Jones Sr. (134747-40442), RB Emanuel Wilson (134747-185861), WR Nico Collins (134747-91419), WR CeeDee Lamb (134747-86631), WR Zay Flowers (134747-112295), TE Dalton Schultz (134747-55042), TE Brock Bowers (134747-151794), D Baltimore Ravens (134747-12555)"
567,3739025932,rgalexander216 (73/150),182.78,"QB C.J. Stroud (134747-129471), RB David Montgomery (134747-73273), RB Aaron Jones Sr. (134747-40442), WR CeeDee Lamb (134747-86631), WR Nico Collins (134747-91419), WR Carnell Tate (134747-183756), TE Isaiah Likely (134747-87260), RB Kenneth Walker III (134747-103342), D Minnesota Vikings (134747-12540)"
567,3739371806,danhoffman (1/6),182.78,"QB C.J. Stroud (134747-129471), RB Kyle Monangai (134747-144102), RB Emanuel Wilson (134747-185861), WR Nico Collins (134747-91419), WR Malik Nabers (134747-151761), WR CeeDee Lamb (134747-86631), TE Dalton Schultz (134747-55042), RB Saquon Barkley (134747-64401), D Minnesota Vikings (134747-12540)"
567,3739401427,cloakedmistborn (69/150),182.78,"QB C.J. Stroud (134747-129471), RB Kyren Williams (134747-104433), RB Kenneth Walker III (134747-103342), WR George Pickens (134747-110246), WR Nico Collins (134747-91419), WR Mack Hollins (134747-25267), TE T.J. Hockenson (134747-71706), TE Brock Bowers (134747-151794), D Chicago Bears (134747-12527)"
572,3739395069,coolbro76 (80/150),182.72,"QB Joe Burrow (134747-63336), RB Ashton Jeanty (134747-167031), RB Braelon Allen (134747-158412), WR Luther Burden III (134747-166092), WR Tee Higgins (134747-89981), WR Nico Collins (134747-91419), TE T.J. Hockenson (134747-71706), RB Kenneth Walker III (134747-103342), D Seattle Seahawks (134747-12550)"
573,3739604908,clownkicker (78/150),182.7,"QB Patrick Mahomes (134747-57439), RB Aaron Jones Sr. (134747-40442), RB Chase Brown (134747-89493), WR CeeDee Lamb (134747-86631), WR Tyquan Thornton (134747-89220), WR Nico Collins (134747-91419), TE Brenton Strange (134747-103587), TE Brock Bowers (134747-151794), D Seattle Seahawks (134747-12550)"
574,3739751683,peteg9699 (111/150),182.68,"QB C.J. Stroud (134747-129471), RB James Cook III (134747-91626), RB Christian McCaffrey (134747-55050), WR CeeDee Lamb (134747-86631), WR Nico Collins (134747-91419), WR Tee Higgins (134747-89981), TE Isaiah Likely (134747-87260), TE T.J. Hockenson (134747-71706), D Tampa Bay Buccaneers (134747-12551)"
574,3739685035,resonator (95/150),182.68,"QB C.J. Stroud (134747-129471), RB Braelon Allen (134747-158412), RB Aaron Jones Sr. (134747-40442), WR CeeDee Lamb (134747-86631), WR Nico Collins (134747-91419), WR Michael Wilson (134747-89612), TE Brock Bowers (134747-151794), RB Kenneth Walker III (134747-103342), D Los Angeles Chargers (134747-12548)"
574,3737169939,cspowell (142/150),182.68,"QB C.J. Stroud (134747-129471), RB Braelon Allen (134747-158412), RB Aaron Jones Sr. (134747-40442), WR CeeDee Lamb (134747-86631), WR Nico Collins (134747-91419), WR Michael Wilson (134747-89612), TE Brock Bowers (134747-151794), RB Kenneth Walker III (134747-103342), D Los Angeles Chargers (134747-12548)"
574,3739007801,steamboatwilly (149/150),182.68,"QB C.J. Stroud (134747-129471), RB Kenneth Walker III (134747-103342), RB Christian McCaffrey (134747-55050), WR Jordan Addison (134747-129210), WR CeeDee Lamb (134747-86631), WR Nico Collins (134747-91419), TE Isaiah Likely (134747-87260), TE T.J. Hockenson (134747-71706), D Cincinnati Bengals (134747-12528)"
574,3739856999,duelingfan802 (18/150),182.68,"QB C.J. Stroud (134747-129471), RB Aaron Jones Sr. (134747-40442), RB Jeremiyah Love (134747-188171), WR CeeDee Lamb (134747-86631), WR Tee Higgins (134747-89981), WR Michael Wilson (134747-89612), TE T.J. Hockenson (134747-71706), RB Kenneth Walker III (134747-103342), D Minnesota Vikings (134747-12540)"
574,3738677696,nitsud05 (18/150),182.68,"QB C.J. Stroud (134747-129471), RB Derrick Henry (134747-39280), RB Aaron Jones Sr. (134747-40442), WR Nico Collins (134747-91419), WR Zay Flowers (134747-112295), WR Michael Wilson (134747-89612), TE T.J. Hockenson (134747-71706), RB Kenneth Walker III (134747-103342), D Los Angeles Chargers (134747-12548)"
574,3738677853,nitsud05 (118/150),182.68,"QB C.J. Stroud (134747-129471), RB Braelon Allen (134747-158412), RB Aaron Jones Sr. (134747-40442), WR CeeDee Lamb (134747-86631), WR Nico Collins (134747-91419), WR Michael Wilson (134747-89612), TE Brock Bowers (134747-151794), RB Kenneth Walker III (134747-103342), D Los Angeles Chargers (134747-12548)"
574,3739479438,bigmart11 (118/150),182.68,"QB C.J. Stroud (134747-129471), RB Braelon Allen (134747-158412), RB Aaron Jones Sr. (134747-40442), WR CeeDee Lamb (134747-86631), WR Nico Collins (134747-91419), WR Michael Wilson (134747-89612), TE Brock Bowers (134747-151794), RB Kenneth Walker III (134747-103342), D Los Angeles Chargers (134747-12548)"
574,3738910809,onemanband17 (18/150),182.68,"QB C.J. Stroud (134747-129471), RB Derrick Henry (134747-39280), RB Aaron Jones Sr. (134747-40442), WR Nico Collins (134747-91419), WR Zay Flowers (134747-112295), WR Michael Wilson (134747-89612), TE T.J. Hockenson (134747-71706), RB Kenneth Walker III (134747-103342), D Los Angeles Chargers (134747-12548)"
574,3738128286,grantgoupil (91/150),182.68,"QB C.J. Stroud (134747-129471), RB Braelon Allen (134747-158412), RB Aaron Jones Sr. (134747-40442), WR CeeDee Lamb (134747-86631), WR Nico Collins (134747-91419), WR Michael Wilson (134747-89612), TE Brock Bowers (134747-151794), RB Kenneth Walker III (134747-103342), D Los Angeles Chargers (134747-12548)"
574,3739831040,dondada1987 (145/150),182.68,"QB C.J. Stroud (134747-129471), RB Derrick Henry (134747-39280), RB Aaron Jones Sr. (134747-40442), WR Nico Collins (134747-91419), WR Zay Flowers (134747-112295), WR Michael Wilson (134747-89612), TE T.J. Hockenson (134747-71706), RB Kenneth Walker III (134747-103342), D Los Angeles Chargers (134747-12548)"
585,3738235232,packattack97502 (147/150),182.62,"QB Joe Burrow (134747-63336), RB Aaron Jones Sr. (134747-40442), RB Javonte Williams (134747-93541), WR Zay Flowers (134747-112295), WR Parker Washington (134747-137516), WR Tee Higgins (134747-89981), TE T.J. Hockenson (134747-71706), RB Kenneth Walker III (134747-103342), D New York Jets (134747-12544)"
586,3738414698,nateboldt (1/1),182.6,"QB Dak Prescott (134747-31716), RB Kyren Williams (134747-104433), RB Kyle Monangai (134747-144102), WR CeeDee Lamb (134747-86631), WR Michael Wilson (134747-89612), WR Jakobi Meyers (134747-63634), TE Tucker Kraft (134747-160303), WR Tee Higgins (134747-89981), D Green Bay Packers (134747-12533)"
587,3738370925,iggles87 (63/150),182.58,"QB C.J. Stroud (134747-129471), RB James Cook III (134747-91626), RB Kenneth Walker III (134747-103342), WR CeeDee Lamb (134747-86631), WR Malik Nabers (134747-151761), WR Luther Burden III (134747-166092), TE Dalton Schultz (134747-55042), RB Kyle Monangai (134747-144102), D Chicago Bears (134747-12527)"
587,3739054030,runthebasesmlb (114/150),182.58,"QB C.J. Stroud (134747-129471), RB Bhayshul Tuten (134747-160620), RB Aaron Jones Sr. (134747-40442), WR Nico Collins (134747-91419), WR Carnell Tate (134747-183756), WR Puka Nacua (134747-103020), TE Brock Bowers (134747-151794), RB Emanuel Wilson (134747-185861), D Seattle Seahawks (134747-12550)"
587,3738317346,unworthycard (49/150),182.58,"QB C.J. Stroud (134747-129471), RB Javonte Williams (134747-93541), RB Aaron Jones Sr. (134747-40442), WR CeeDee Lamb (134747-86631), WR Nico Collins (134747-91419), WR Luther Burden III (134747-166092), TE Kenyon Sadiq (134747-184873), RB Kenneth Walker III (134747-103342), D Cincinnati Bengals (134747-12528)"
590,3739512949,severabe73 (1/1),182.56,"QB Drake Maye (134747-152316), RB Kyren Williams (134747-104433), RB Kenneth Walker III (134747-103342), WR CeeDee Lamb (134747-86631), WR Romeo Doubs (134747-94370), WR Cooper Kupp (134747-79970), TE T.J. Hockenson (134747-71706), RB Saquon Barkley (134747-64401), D Arizona Cardinals (134747-12546)"
591,3738290445,bigctrain (1/1),182.52,"QB Jalen Hurts (134747-69531), RB Kenneth Walker III (134747-103342), RB Derrick Henry (134747-39280), WR Romeo Doubs (134747-94370), WR Carnell Tate (134747-183756), WR Malik Nabers (134747-151761), TE T.J. Hockenson (134747-71706), WR Nico Collins (134747-91419), D New York Jets (134747-12544)"
592,3738589912,ezilodi (1/150),182.5,"QB Jameis Winston (134747-24849), RB Tony Pollard (134747-63759), RB Javonte Williams (134747-93541), WR Zay Flowers (134747-112295), WR Malik Nabers (134747-151761), WR Puka Nacua (134747-103020), TE Isaiah Likely (134747-87260), RB Kenneth Walker III (134747-103342), D Cincinnati Bengals (134747-12528)"
593,3739594617,macwack (18/150),182.48,"QB C.J. Stroud (134747-129471), RB Aaron Jones Sr. (134747-40442), RB Javonte Williams (134747-93541), WR Tre Tucker (134747-103619), WR Nico Collins (134747-91419), WR CeeDee Lamb (134747-86631), TE Dalton Schultz (134747-55042), RB Kenneth Walker III (134747-103342), D Tampa Bay Buccaneers (134747-12551)"
593,3738783003,reynolds18 (48/150),182.48,"QB C.J. Stroud (134747-129471), RB James Cook III (134747-91626), RB Kenneth Walker III (134747-103342), WR Malik Nabers (134747-151761), WR Matthew Golden (134747-166916), WR Nico Collins (134747-91419), TE T.J. Hockenson (134747-71706), TE Brock Bowers (134747-151794), D Tampa Bay Buccaneers (134747-12551)"
595,3737452382,indianacolts (8/50),182.46,"QB Drake Maye (134747-152316), RB Aaron Jones Sr. (134747-40442), RB Kyren Williams (134747-104433), WR Nico Collins (134747-91419), WR Tee Higgins (134747-89981), WR Makai Lemon (134747-183380), TE Hunter Henry (134747-40845), RB Kenneth Walker III (134747-103342), D Minnesota Vikings (134747-12540)"
596,3739349773,windycity34 (25/150),182.44,"QB Jacoby Brissett (134747-30231), RB Javonte Williams (134747-93541), RB D'Andre Swift (134747-91598), WR Malik Nabers (134747-151761), WR CeeDee Lamb (134747-86631), WR Michael Wilson (134747-89612), TE T.J. Hockenson (134747-71706), RB Kenneth Walker III (134747-103342), D Chicago Bears (134747-12527)"
597,3739668253,uptowncornbread (137/150),182.42,"QB Joe Burrow (134747-63336), RB D'Andre Swift (134747-91598), RB Emanuel Wilson (134747-185861), WR Matthew Golden (134747-166916), WR CeeDee Lamb (134747-86631), WR Tee Higgins (134747-89981), TE Mark Andrews (134747-52436), RB Kenneth Walker III (134747-103342), D Chicago Bears (134747-12527)"
598,3739378986,getlow310 (1/1),182.3,"QB Dak Prescott (134747-31716), RB Javonte Williams (134747-93541), RB Kenneth Walker III (134747-103342), WR CeeDee Lamb (134747-86631), WR Malik Nabers (134747-151761), WR Parker Washington (134747-137516), TE Isaiah Likely (134747-87260), TE T.J. Hockenson (134747-71706), D Chicago Bears (134747-12527)"
598,3739081443,siketurner (39/150),182.3,"QB Dak Prescott (134747-31716), RB Braelon Allen (134747-158412), RB Kenneth Walker III (134747-103342), WR CeeDee Lamb (134747-86631), WR Zay Flowers (134747-112295), WR Nico Collins (134747-91419), TE Tyler Higbee (134747-47870), TE George Kittle (134747-39793), D Tampa Bay Buccaneers (134747-12551)"
598,3738203616,adrienne42 (24/32),182.3,"QB Jameis Winston (134747-24849), RB Aaron Jones Sr. (134747-40442), RB Kenneth Walker III (134747-103342), WR Malik Nabers (134747-151761), WR Rome Odunze (134747-120033), WR Zay Flowers (134747-112295), TE Tucker Kraft (134747-160303), WR Puka Nacua (134747-103020), D New York Giants (134747-12543)"
601,3738894590,skooter1184 (105/149),182.28,"QB Lamar Jackson (134747-63115), RB Javonte Williams (134747-93541), RB Kenneth Walker III (134747-103342), WR Nico Collins (134747-91419), WR Zay Flowers (134747-112295), WR Malik Washington (134747-110974), TE Mark Andrews (134747-52436), TE T.J. Hockenson (134747-71706), D Buffalo Bills (134747-12526)"
601,3739785601,ilovefcporto (108/150),182.28,"QB C.J. Stroud (134747-129471), RB Kenneth Walker III (134747-103342), RB Derrick Henry (134747-39280), WR Tee Higgins (134747-89981), WR Matthew Golden (134747-166916), WR Nico Collins (134747-91419), TE T.J. Hockenson (134747-71706), RB Aaron Jones Sr. (134747-40442), D Chicago Bears (134747-12527)"
601,3738919281,fletchdaking (71/150),182.28,"QB C.J. Stroud (134747-129471), RB Kenneth Walker III (134747-103342), RB Javonte Williams (134747-93541), WR CeeDee Lamb (134747-86631), WR Nico Collins (134747-91419), WR Makai Lemon (134747-183380), TE Dalton Schultz (134747-55042), RB Aaron Jones Sr. (134747-40442), D Chicago Bears (134747-12527)"
601,3738919283,fletchdaking (72/150),182.28,"QB C.J. Stroud (134747-129471), RB Kenneth Walker III (134747-103342), RB Javonte Williams (134747-93541), WR CeeDee Lamb (134747-86631), WR Nico Collins (134747-91419), WR Makai Lemon (134747-183380), TE Dalton Schultz (134747-55042), RB Aaron Jones Sr. (134747-40442), D Chicago Bears (134747-12527)"
601,3738919287,fletchdaking (73/150),182.28,"QB C.J. Stroud (134747-129471), RB Kenneth Walker III (134747-103342), RB Javonte Williams (134747-93541), WR CeeDee Lamb (134747-86631), WR Nico Collins (134747-91419), WR Makai Lemon (134747-183380), TE Dalton Schultz (134747-55042), RB Aaron Jones Sr. (134747-40442), D Chicago Bears (134747-12527)"
601,3738919290,fletchdaking (74/150),182.28,"QB C.J. Stroud (134747-129471), RB Kenneth Walker III (134747-103342), RB Javonte Williams (134747-93541), WR CeeDee Lamb (134747-86631), WR Nico Collins (134747-91419), WR Makai Lemon (134747-183380), TE Dalton Schultz (134747-55042), RB Aaron Jones Sr. (134747-40442), D Chicago Bears (134747-12527)"
601,3738919292,fletchdaking (75/150),182.28,"QB C.J. Stroud (134747-129471), RB Kenneth Walker III (134747-103342), RB Javonte Williams (134747-93541), WR CeeDee Lamb (134747-86631), WR Nico Collins (134747-91419), WR Makai Lemon (134747-183380), TE Dalton Schultz (134747-55042), RB Aaron Jones Sr. (134747-40442), D Chicago Bears (134747-12527)"
601,3738919294,fletchdaking (76/150),182.28,"QB C.J. Stroud (134747-129471), RB Kenneth Walker III (134747-103342), RB Javonte Williams (134747-93541), WR CeeDee Lamb (134747-86631), WR Nico Collins (134747-91419), WR Makai Lemon (134747-183380), TE Dalton Schultz (134747-55042), RB Aaron Jones Sr. (134747-40442), D Chicago Bears (134747-12527)"
601,3738919297,fletchdaking (77/150),182.28,"QB C.J. Stroud (134747-129471), RB Kenneth Walker III (134747-103342), RB Javonte Williams (134747-93541), WR CeeDee Lamb (134747-86631), WR Nico Collins (134747-91419), WR Makai Lemon (134747-183380), TE Dalton Schultz (134747-55042), RB Aaron Jones Sr. (134747-40442), D Chicago Bears (134747-12527)"
601,3738919301,fletchdaking (78/150),182.28,"QB C.J. Stroud (134747-129471), RB Kenneth Walker III (134747-103342), RB Javonte Williams (134747-93541), WR CeeDee Lamb (134747-86631), WR Nico Collins (134747-91419), WR Makai Lemon (134747-183380), TE Dalton Schultz (134747-55042), RB Aaron Jones Sr. (134747-40442), D Chicago Bears (134747-12527)"
601,3738919305,fletchdaking (79/150),182.28,"QB C.J. Stroud (134747-129471), RB Kenneth Walker III (134747-103342), RB Javonte Williams (134747-93541), WR CeeDee Lamb (134747-86631), WR Nico Collins (134747-91419), WR Makai Lemon (134747-183380), TE Dalton Schultz (134747-55042), RB Aaron Jones Sr. (134747-40442), D Chicago Bears (134747-12527)"
601,3738919309,fletchdaking (80/150),182.28,"QB C.J. Stroud (134747-129471), RB Kenneth Walker III (134747-103342), RB Javonte Williams (134747-93541), WR CeeDee Lamb (134747-86631), WR Nico Collins (134747-91419), WR Makai Lemon (134747-183380), TE Dalton Schultz (134747-55042), RB Aaron Jones Sr. (134747-40442), D Chicago Bears (134747-12527)"
601,3738892469,gmofo (101/128),182.28,"QB C.J. Stroud (134747-129471), RB Braelon Allen (134747-158412), RB Kenneth Walker III (134747-103342), WR Kalif Raymond (134747-70422), WR Zay Flowers (134747-112295), WR Nico Collins (134747-91419), TE Brock Bowers (134747-151794), WR CeeDee Lamb (134747-86631), D Tampa Bay Buccaneers (134747-12551)"
601,3738375179,scottism84 (21/150),182.28,"QB C.J. Stroud (134747-129471), RB Chase Brown (134747-89493), RB Aaron Jones Sr. (134747-40442), WR Nico Collins (134747-91419), WR Puka Nacua (134747-103020), WR Malik Washington (134747-110974), TE T.J. Hockenson (134747-71706), RB Kenneth Walker III (134747-103342), D Chicago Bears (134747-12527)"
615,3739494813,tweezer847 (18/150),182.22,"QB Joe Burrow (134747-63336), RB Jeremiyah Love (134747-188171), RB Aaron Jones Sr. (134747-40442), WR Nico Collins (134747-91419), WR Zay Flowers (134747-112295), WR Tee Higgins (134747-89981), TE Brenton Strange (134747-103587), RB Kenneth Walker III (134747-103342), D Chicago Bears (134747-12527)"
615,3739742808,atlbravesfan (37/150),182.22,"QB Joe Burrow (134747-63336), RB Aaron Jones Sr. (134747-40442), RB Jeremiyah Love (134747-188171), WR Nico Collins (134747-91419), WR Zay Flowers (134747-112295), WR Tee Higgins (134747-89981), TE Brenton Strange (134747-103587), RB Kenneth Walker III (134747-103342), D Chicago Bears (134747-12527)"
617,3738246074,yotimi (29/150),182.2,"QB Jameis Winston (134747-24849), RB Jeremiyah Love (134747-188171), RB Cam Skattebo (134747-183240), WR CeeDee Lamb (134747-86631), WR Malik Nabers (134747-151761), WR Nico Collins (134747-91419), TE T.J. Hockenson (134747-71706), RB Kenneth Walker III (134747-103342), D New England Patriots (134747-12541)"
617,3737132440,bradyfootball2021 (3/3),182.2,"QB Kirk Cousins (134747-22038), RB Ashton Jeanty (134747-167031), RB Kyren Williams (134747-104433), WR CeeDee Lamb (134747-86631), WR Deebo Samuel Sr. (134747-56018), WR Michael Wilson (134747-89612), TE Brock Bowers (134747-151794), TE T.J. Hockenson (134747-71706), D New York Jets (134747-12544)"
619,3738106638,vaughtdj (5/150),182.18,"QB C.J. Stroud (134747-129471), RB Emanuel Wilson (134747-185861), RB James Cook III (134747-91626), WR Nico Collins (134747-91419), WR Jakobi Meyers (134747-63634), WR Tee Higgins (134747-89981), TE Brock Bowers (134747-151794), RB Kenneth Walker III (134747-103342), D New York Jets (134747-12544)"
619,3739205914,bearddon811 (43/150),182.18,"QB C.J. Stroud (134747-129471), RB Derrick Henry (134747-39280), RB Aaron Jones Sr. (134747-40442), WR Nico Collins (134747-91419), WR Zay Flowers (134747-112295), WR Malik Nabers (134747-151761), TE Brock Bowers (134747-151794), RB Emanuel Wilson (134747-185861), D New York Jets (134747-12544)"
621,3738058717,harlock73 (33/150),182.1,"QB Dak Prescott (134747-31716), RB Ashton Jeanty (134747-167031), RB D'Andre Swift (134747-91598), WR CeeDee Lamb (134747-86631), WR Nico Collins (134747-91419), WR Tee Higgins (134747-89981), TE Tyler Higbee (134747-47870), RB Emanuel Wilson (134747-185861), D New York Giants (134747-12543)"
622,3739655915,manbeast (80/150),182.08,"QB C.J. Stroud (134747-129471), RB James Cook III (134747-91626), RB Braelon Allen (134747-158412), WR CeeDee Lamb (134747-86631), WR Nico Collins (134747-91419), WR Jordan Addison (134747-129210), TE T.J. Hockenson (134747-71706), RB Kenneth Walker III (134747-103342), D Tampa Bay Buccaneers (134747-12551)"
622,3737548862,brandonw84 (6/150),182.08,"QB Kyler Murray (134747-63484), RB Kenneth Walker III (134747-103342), RB Chase Brown (134747-89493), WR CeeDee Lamb (134747-86631), WR Zay Flowers (134747-112295), WR Jordan Addison (134747-129210), TE T.J. Hockenson (134747-71706), RB Emanuel Wilson (134747-185861), D Arizona Cardinals (134747-12546)"
622,3737058271,yakman67 (88/150),182.08,"QB C.J. Stroud (134747-129471), RB James Cook III (134747-91626), RB Braelon Allen (134747-158412), WR CeeDee Lamb (134747-86631), WR Nico Collins (134747-91419), WR Jordan Addison (134747-129210), TE T.J. Hockenson (134747-71706), RB Kenneth Walker III (134747-103342), D Tampa Bay Buccaneers (134747-12551)"
622,3738441133,bcoledc (15/150),182.08,"QB C.J. Stroud (134747-129471), RB Braelon Allen (134747-158412), RB Aaron Jones Sr. (134747-40442), WR Luther Burden III (134747-166092), WR Nico Collins (134747-91419), WR CeeDee Lamb (134747-86631), TE Brock Bowers (134747-151794), RB Kenneth Walker III (134747-103342), D Chicago Bears (134747-12527)"
622,3738950852,brianfschultz1 (31/150),182.08,"QB C.J. Stroud (134747-129471), RB Derrick Henry (134747-39280), RB Aaron Jones Sr. (134747-40442), WR CeeDee Lamb (134747-86631), WR Nico Collins (134747-91419), WR Zay Flowers (134747-112295), TE T.J. Hockenson (134747-71706), WR Michael Wilson (134747-89612), D Las Vegas Raiders (134747-12537)"
622,3739002302,harknado22 (70/150),182.08,"QB C.J. Stroud (134747-129471), RB Derrick Henry (134747-39280), RB Aaron Jones Sr. (134747-40442), WR Nico Collins (134747-91419), WR Zay Flowers (134747-112295), WR Luther Burden III (134747-166092), TE T.J. Hockenson (134747-71706), RB Kenneth Walker III (134747-103342), D Chicago Bears (134747-12527)"
622,3739379684,piechowiak23 (135/150),182.08,"QB C.J. Stroud (134747-129471), RB Braelon Allen (134747-158412), RB Aaron Jones Sr. (134747-40442), WR Luther Burden III (134747-166092), WR Nico Collins (134747-91419), WR CeeDee Lamb (134747-86631), TE Brock Bowers (134747-151794), RB Kenneth Walker III (134747-103342), D Chicago Bears (134747-12527)"
622,3739475351,mwhite18 (2/61),182.08,"QB C.J. Stroud (134747-129471), RB James Cook III (134747-91626), RB Braelon Allen (134747-158412), WR CeeDee Lamb (134747-86631), WR Nico Collins (134747-91419), WR Jordan Addison (134747-129210), TE T.J. Hockenson (134747-71706), RB Kenneth Walker III (134747-103342), D Tampa Bay Buccaneers (134747-12551)"
622,3737403473,lfryo (147/150),182.08,"QB C.J. Stroud (134747-129471), RB Aaron Jones Sr. (134747-40442), RB Christian McCaffrey (134747-55050), WR CeeDee Lamb (134747-86631), WR Zay Flowers (134747-112295), WR Luther Burden III (134747-166092), TE T.J. Hockenson (134747-71706), WR Nico Collins (134747-91419), D Tampa Bay Buccaneers (134747-12551)"
622,3739382329,dadukester25 (135/150),182.08,"QB C.J. Stroud (134747-129471), RB Derrick Henry (134747-39280), RB Aaron Jones Sr. (134747-40442), WR Nico Collins (134747-91419), WR Zay Flowers (134747-112295), WR Luther Burden III (134747-166092), TE T.J. Hockenson (134747-71706), RB Kenneth Walker III (134747-103342), D Chicago Bears (134747-12527)"
622,3738386643,bbarnett9151 (14/29),182.08,"QB C.J. Stroud (134747-129471), RB Derrick Henry (134747-39280), RB Aaron Jones Sr. (134747-40442), WR Nico Collins (134747-91419), WR Zay Flowers (134747-112295), WR Luther Burden III (134747-166092), TE T.J. Hockenson (134747-71706), RB Kenneth Walker III (134747-103342), D Chicago Bears (134747-12527)"
622,3739372306,miasmafia (71/94),182.08,"QB C.J. Stroud (134747-129471), RB James Cook III (134747-91626), RB Braelon Allen (134747-158412), WR CeeDee Lamb (134747-86631), WR Nico Collins (134747-91419), WR Jordan Addison (134747-129210), TE T.J. Hockenson (134747-71706), RB Kenneth Walker III (134747-103342), D Tampa Bay Buccaneers (134747-12551)"
622,3738424246,cowboyscordova (40/150),182.08,"QB C.J. Stroud (134747-129471), RB Bhayshul Tuten (134747-160620), RB Kyren Williams (134747-104433), WR Romeo Doubs (134747-94370), WR Nico Collins (134747-91419), WR Jordan Addison (134747-129210), TE Brock Bowers (134747-151794), RB Kenneth Walker III (134747-103342), D Tampa Bay Buccaneers (134747-12551)"
635,3739415603,sylbester (42/150),181.98,"QB C.J. Stroud (134747-129471), RB Christian McCaffrey (134747-55050), RB Javonte Williams (134747-93541), WR Nico Collins (134747-91419), WR Matthew Golden (134747-166916), WR Dontayvion Wicks (134747-110457), TE T.J. Hockenson (134747-71706), RB Kenneth Walker III (134747-103342), D New York Giants (134747-12543)"
635,3739007456,steamboatwilly (19/150),181.98,"QB C.J. Stroud (134747-129471), RB Cam Skattebo (134747-183240), RB Braelon Allen (134747-158412), WR Christian Watson (134747-169776), WR CeeDee Lamb (134747-86631), WR Nico Collins (134747-91419), TE T.J. Hockenson (134747-71706), RB Kenneth Walker III (134747-103342), D New York Giants (134747-12543)"
635,3738403599,philly1023 (128/150),181.98,"QB C.J. Stroud (134747-129471), RB Rhamondre Stevenson (134747-111540), RB Kenneth Walker III (134747-103342), WR Nico Collins (134747-91419), WR Zay Flowers (134747-112295), WR Luther Burden III (134747-166092), TE Tucker Kraft (134747-160303), RB Ashton Jeanty (134747-167031), D Seattle Seahawks (134747-12550)"
635,3738743055,rdawson91 (54/150),181.98,"QB C.J. Stroud (134747-129471), RB Christian McCaffrey (134747-55050), RB Javonte Williams (134747-93541), WR Nico Collins (134747-91419), WR Matthew Golden (134747-166916), WR Dontayvion Wicks (134747-110457), TE T.J. Hockenson (134747-71706), RB Kenneth Walker III (134747-103342), D New York Giants (134747-12543)"
635,3737702429,jodb82 (2/150),181.98,"QB C.J. Stroud (134747-129471), RB Jeremiyah Love (134747-188171), RB Aaron Jones Sr. (134747-40442), WR Zay Flowers (134747-112295), WR Carnell Tate (134747-183756), WR Nico Collins (134747-91419), TE Brock Bowers (134747-151794), RB Kenneth Walker III (134747-103342), D Arizona Cardinals (134747-12546)"
640,3738370847,iggles87 (24/150),181.92,"QB Josh Allen (134747-62239), RB Aaron Jones Sr. (134747-40442), RB Kenneth Walker III (134747-103342), WR Keon Coleman (134747-157467), WR Tee Higgins (134747-89981), WR Wan'Dale Robinson (134747-103539), TE Brock Bowers (134747-151794), WR Nico Collins (134747-91419), D Arizona Cardinals (134747-12546)"
641,3739743377,atlbravesfan (134/150),181.88,"QB C.J. Stroud (134747-129471), RB Javonte Williams (134747-93541), RB Kenneth Walker III (134747-103342), WR Nico Collins (134747-91419), WR Malik Nabers (134747-151761), WR Luther Burden III (134747-166092), TE Mark Andrews (134747-52436), RB Christian McCaffrey (134747-55050), D Miami Dolphins (134747-12539)"
641,3738900196,bkeagle97 (82/150),181.88,"QB Lamar Jackson (134747-63115), RB Kyren Williams (134747-104433), RB Tony Pollard (134747-63759), WR Nico Collins (134747-91419), WR Zay Flowers (134747-112295), WR Jordan Addison (134747-129210), TE Brock Bowers (134747-151794), RB Emanuel Wilson (134747-185861), D New York Giants (134747-12543)"
641,3739671271,yargz8 (46/150),181.88,"QB C.J. Stroud (134747-129471), RB Kenneth Walker III (134747-103342), RB James Cook III (134747-91626), WR Nico Collins (134747-91419), WR Tee Higgins (134747-89981), WR Jordan Addison (134747-129210), TE George Kittle (134747-39793), RB Emanuel Wilson (134747-185861), D Tampa Bay Buccaneers (134747-12551)"
641,3737403319,lfryo (31/150),181.88,"QB C.J. Stroud (134747-129471), RB Derrick Henry (134747-39280), RB Chase Brown (134747-89493), WR Nico Collins (134747-91419), WR CeeDee Lamb (134747-86631), WR Carnell Tate (134747-183756), TE T.J. Hockenson (134747-71706), RB Aaron Jones Sr. (134747-40442), D Tampa Bay Buccaneers (134747-12551)"
641,3739524347,milo_blanchard (11/150),181.88,"QB C.J. Stroud (134747-129471), RB Aaron Jones Sr. (134747-40442), RB Cam Skattebo (134747-183240), WR Nico Collins (134747-91419), WR Zay Flowers (134747-112295), WR Jaylen Waddle (134747-90573), TE T.J. Hockenson (134747-71706), RB Kenneth Walker III (134747-103342), D Seattle Seahawks (134747-12550)"
646,3736381462,xbigtimberx (112/150),181.86,"QB Drake Maye (134747-152316), RB MarShawn Lloyd (134747-119697), RB Kenneth Walker III (134747-103342), WR Tee Higgins (134747-89981), WR Nico Collins (134747-91419), WR Puka Nacua (134747-103020), TE Mark Andrews (134747-52436), TE George Kittle (134747-39793), D Chicago Bears (134747-12527)"
647,3738824642,porkaholics (92/150),181.78,"QB C.J. Stroud (134747-129471), RB Chase Brown (134747-89493), RB Aaron Jones Sr. (134747-40442), WR CeeDee Lamb (134747-86631), WR Nico Collins (134747-91419), WR Xavier Hutchinson (134747-119788), TE Brock Bowers (134747-151794), RB Emanuel Wilson (134747-185861), D Seattle Seahawks (134747-12550)"
647,3739584380,chuckralich (66/150),181.78,"QB C.J. Stroud (134747-129471), RB Jeremiyah Love (134747-188171), RB Braelon Allen (134747-158412), WR Zay Flowers (134747-112295), WR CeeDee Lamb (134747-86631), WR Nico Collins (134747-91419), TE Hunter Henry (134747-40845), RB Kenneth Walker III (134747-103342), D Arizona Cardinals (134747-12546)"
649,3738807364,betarunner (130/150),181.7,"QB Patrick Mahomes (134747-57439), RB Emanuel Wilson (134747-185861), RB Ashton Jeanty (134747-167031), WR Xavier Worthy (134747-158974), WR CeeDee Lamb (134747-86631), WR Nico Collins (134747-91419), TE Isaiah Likely (134747-87260), RB Kenneth Walker III (134747-103342), D Tampa Bay Buccaneers (134747-12551)"
650,3739783451,boangtao33 (134/150),181.68,"QB C.J. Stroud (134747-129471), RB Aaron Jones Sr. (134747-40442), RB Jeremiyah Love (134747-188171), WR Nico Collins (134747-91419), WR Zay Flowers (134747-112295), WR Tee Higgins (134747-89981), TE Isaiah Likely (134747-87260), RB Kenneth Walker III (134747-103342), D Seattle Seahawks (134747-12550)"
650,3738615364,rayreyna99 (124/150),181.68,"QB C.J. Stroud (134747-129471), RB Kyren Williams (134747-104433), RB Javonte Williams (134747-93541), WR Puka Nacua (134747-103020), WR Nico Collins (134747-91419), WR Jordan Addison (134747-129210), TE T.J. Hockenson (134747-71706), WR Kayshon Boutte (134747-119653), D Los Angeles Rams (134747-12538)"
650,3738632895,five04ant (80/150),181.68,"QB Kyler Murray (134747-63484), RB Derrick Henry (134747-39280), RB Emanuel Wilson (134747-185861), WR CeeDee Lamb (134747-86631), WR Zay Flowers (134747-112295), WR Nico Collins (134747-91419), TE Tucker Kraft (134747-160303), TE T.J. Hockenson (134747-71706), D Buffalo Bills (134747-12526)"
653,3739829664,irblack (30/132),181.66,"QB Drake Maye (134747-152316), RB Kenneth Walker III (134747-103342), RB Emanuel Wilson (134747-185861), WR Puka Nacua (134747-103020), WR Mack Hollins (134747-25267), WR Romeo Doubs (134747-94370), TE George Kittle (134747-39793), RB Aaron Jones Sr. (134747-40442), D Seattle Seahawks (134747-12550)"
654,3737746214,ryprice (1/2),181.62,"QB Joe Burrow (134747-63336), RB Kenneth Walker III (134747-103342), RB Bhayshul Tuten (134747-160620), WR Jakobi Meyers (134747-63634), WR Tee Higgins (134747-89981), WR Nico Collins (134747-91419), TE Brock Bowers (134747-151794), RB Emanuel Wilson (134747-185861), D Chicago Bears (134747-12527)"
654,3737754644,ryprice (2/2),181.62,"QB Joe Burrow (134747-63336), RB Kenneth Walker III (134747-103342), RB Bhayshul Tuten (134747-160620), WR Jakobi Meyers (134747-63634), WR Tee Higgins (134747-89981), WR Nico Collins (134747-91419), TE Brock Bowers (134747-151794), RB Emanuel Wilson (134747-185861), D Chicago Bears (134747-12527)"
656,3739716570,skillz28 (19/150),181.6,"QB Jameis Winston (134747-24849), RB Kenneth Walker III (134747-103342), RB James Cook III (134747-91626), WR Dontayvion Wicks (134747-110457), WR CeeDee Lamb (134747-86631), WR Nico Collins (134747-91419), TE Isaiah Likely (134747-87260), TE T.J. Hockenson (134747-71706), D Seattle Seahawks (134747-12550)"
656,3739249851,ajtruth33 (10/150),181.6,"QB Dak Prescott (134747-31716), RB Tony Pollard (134747-63759), RB Kenneth Walker III (134747-103342), WR Malik Washington (134747-110974), WR CeeDee Lamb (134747-86631), WR Nico Collins (134747-91419), TE Tucker Kraft (134747-160303), WR Jaylen Waddle (134747-90573), D New York Giants (134747-12543)"
658,3738219400,odunlaing (73/100),181.58,"QB C.J. Stroud (134747-129471), RB Emanuel Wilson (134747-185861), RB Kenneth Walker III (134747-103342), WR CeeDee Lamb (134747-86631), WR Ja'Marr Chase (134747-85701), WR Nico Collins (134747-91419), TE Isaiah Likely (134747-87260), TE Mark Andrews (134747-52436), D Tampa Bay Buccaneers (134747-12551)"
658,3739502857,imomany (1/1),181.58,"QB C.J. Stroud (134747-129471), RB Kyren Williams (134747-104433), RB Kenneth Walker III (134747-103342), WR Nico Collins (134747-91419), WR DJ Moore (134747-63043), WR Tee Higgins (134747-89981), TE AJ Barner (134747-137953), RB Ollie Gordon II (134747-166112), D Seattle Seahawks (134747-12550)"
658,3739755826,audwillsdad (43/51),181.58,"QB C.J. Stroud (134747-129471), RB Javonte Williams (134747-93541), RB Emanuel Wilson (134747-185861), WR Nico Collins (134747-91419), WR CeeDee Lamb (134747-86631), WR Rashee Rice (134747-111311), TE Dalton Schultz (134747-55042), WR Tee Higgins (134747-89981), D Arizona Cardinals (134747-12546)"
661,3739601537,krazykatz (2/13),181.5,"QB Dak Prescott (134747-31716), RB Kenneth Walker III (134747-103342), RB Aaron Jones Sr. (134747-40442), WR Romeo Doubs (134747-94370), WR Tee Higgins (134747-89981), WR Luther Burden III (134747-166092), TE George Kittle (134747-39793), WR CeeDee Lamb (134747-86631), D Chicago Bears (134747-12527)"
662,3739665768,kesselrun (5/10),181.48,"QB C.J. Stroud (134747-129471), RB Derrick Henry (134747-39280), RB Kenneth Walker III (134747-103342), WR Kalif Raymond (134747-70422), WR Nico Collins (134747-91419), WR Michael Wilson (134747-89612), TE T.J. Hockenson (134747-71706), WR CeeDee Lamb (134747-86631), D Tampa Bay Buccaneers (134747-12551)"
662,3737277700,jnight14 (1/1),181.48,"QB C.J. Stroud (134747-129471), RB Emanuel Wilson (134747-185861), RB Kenneth Walker III (134747-103342), WR Matthew Golden (134747-166916), WR Jaxon Smith-Njigba (134747-129458), WR Nico Collins (134747-91419), TE Tyler Higbee (134747-47870), RB Kyren Williams (134747-104433), D New York Jets (134747-12544)"
662,3738950869,brianfschultz1 (44/150),181.48,"QB C.J. Stroud (134747-129471), RB Braelon Allen (134747-158412), RB Kenneth Walker III (134747-103342), WR CeeDee Lamb (134747-86631), WR Garrett Wilson (134747-103564), WR Nico Collins (134747-91419), TE T.J. Hockenson (134747-71706), TE Brock Bowers (134747-151794), D Miami Dolphins (134747-12539)"
662,3739742199,mattbrady (131/150),181.48,"QB C.J. Stroud (134747-129471), RB James Cook III (134747-91626), RB Kenneth Walker III (134747-103342), WR Nico Collins (134747-91419), WR CeeDee Lamb (134747-86631), WR Chris Godwin Jr. (134747-55635), TE Mark Andrews (134747-52436), RB RJ Harvey (134747-110484), D Arizona Cardinals (134747-12546)"
662,3739094055,kreller13 (95/150),181.48,"QB C.J. Stroud (134747-129471), RB Chase Brown (134747-89493), RB Christian McCaffrey (134747-55050), WR CeeDee Lamb (134747-86631), WR Romeo Doubs (134747-94370), WR Nico Collins (134747-91419), TE T.J. Hockenson (134747-71706), TE George Kittle (134747-39793), D Cincinnati Bengals (134747-12528)"
662,3738252043,nosaint912 (93/150),181.48,"QB C.J. Stroud (134747-129471), RB Kenneth Walker III (134747-103342), RB Braelon Allen (134747-158412), WR Garrett Wilson (134747-103564), WR CeeDee Lamb (134747-86631), WR Nico Collins (134747-91419), TE T.J. Hockenson (134747-71706), TE Brock Bowers (134747-151794), D New York Jets (134747-12544)"
662,3738847939,snowman0809 (109/150),181.48,"QB C.J. Stroud (134747-129471), RB Derrick Henry (134747-39280), RB Javonte Williams (134747-93541), WR Nico Collins (134747-91419), WR Matthew Golden (134747-166916), WR Luther Burden III (134747-166092), TE T.J. Hockenson (134747-71706), RB Kenneth Walker III (134747-103342), D Chicago Bears (134747-12527)"
662,3738544721,yerik09 (12/150),181.48,"QB C.J. Stroud (134747-129471), RB Christian McCaffrey (134747-55050), RB Kenneth Walker III (134747-103342), WR Nico Collins (134747-91419), WR Zay Flowers (134747-112295), WR Luther Burden III (134747-166092), TE Brock Bowers (134747-151794), TE T.J. Hockenson (134747-71706), D Los Angeles Chargers (134747-12548)"
670,3738645661,lee121503 (48/150),181.46,"QB Drake Maye (134747-152316), RB James Cook III (134747-91626), RB Braelon Allen (134747-158412), WR Nico Collins (134747-91419), WR Tee Higgins (134747-89981), WR Romeo Doubs (134747-94370), TE Brock Bowers (134747-151794), RB Kenneth Walker III (134747-103342), D Tampa Bay Buccaneers (134747-12551)"
670,3739462946,jetsfan5421 (56/150),181.46,"QB Drake Maye (134747-152316), RB Kenneth Walker III (134747-103342), RB Aaron Jones Sr. (134747-40442), WR Romeo Doubs (134747-94370), WR Zay Flowers (134747-112295), WR Nico Collins (134747-91419), TE Hunter Henry (134747-40845), RB Christian McCaffrey (134747-55050), D Chicago Bears (134747-12527)"
672,3736426797,insideoutsideupside (19/150),181.42,"QB Joe Burrow (134747-63336), RB James Cook III (134747-91626), RB Emanuel Wilson (134747-185861), WR Zay Flowers (134747-112295), WR CeeDee Lamb (134747-86631), WR Tee Higgins (134747-89981), TE Brenton Strange (134747-103587), WR Jordan Addison (134747-129210), D Chicago Bears (134747-12527)"
672,3736426802,insideoutsideupside (23/150),181.42,"QB Joe Burrow (134747-63336), RB James Cook III (134747-91626), RB Emanuel Wilson (134747-185861), WR Zay Flowers (134747-112295), WR CeeDee Lamb (134747-86631), WR Tee Higgins (134747-89981), TE Brenton Strange (134747-103587), WR Jordan Addison (134747-129210), D Chicago Bears (134747-12527)"
672,3736426863,insideoutsideupside (44/150),181.42,"QB Joe Burrow (134747-63336), RB James Cook III (134747-91626), RB Emanuel Wilson (134747-185861), WR Zay Flowers (134747-112295), WR CeeDee Lamb (134747-86631), WR Tee Higgins (134747-89981), TE Brenton Strange (134747-103587), WR Jordan Addison (134747-129210), D Chicago Bears (134747-12527)"
672,3736426864,insideoutsideupside (45/150),181.42,"QB Joe Burrow (134747-63336), RB James Cook III (134747-91626), RB Emanuel Wilson (134747-185861), WR Zay Flowers (134747-112295), WR CeeDee Lamb (134747-86631), WR Tee Higgins (134747-89981), TE Brenton Strange (134747-103587), WR Jordan Addison (134747-129210), D Chicago Bears (134747-12527)"
672,3736426926,insideoutsideupside (54/150),181.42,"QB Joe Burrow (134747-63336), RB James Cook III (134747-91626), RB Emanuel Wilson (134747-185861), WR Zay Flowers (134747-112295), WR CeeDee Lamb (134747-86631), WR Tee Higgins (134747-89981), TE Brenton Strange (134747-103587), WR Jordan Addison (134747-129210), D Chicago Bears (134747-12527)"
672,3736426927,insideoutsideupside (55/150),181.42,"QB Joe Burrow (134747-63336), RB James Cook III (134747-91626), RB Emanuel Wilson (134747-185861), WR Zay Flowers (134747-112295), WR CeeDee Lamb (134747-86631), WR Tee Higgins (134747-89981), TE Brenton Strange (134747-103587), WR Jordan Addison (134747-129210), D Chicago Bears (134747-12527)"
672,3736426981,insideoutsideupside (61/150),181.42,"QB Joe Burrow (134747-63336), RB James Cook III (134747-91626), RB Emanuel Wilson (134747-185861), WR Zay Flowers (134747-112295), WR CeeDee Lamb (134747-86631), WR Tee Higgins (134747-89981), TE Brenton Strange (134747-103587), WR Jordan Addison (134747-129210), D Chicago Bears (134747-12527)"
672,3736427033,insideoutsideupside (63/150),181.42,"QB Joe Burrow (134747-63336), RB James Cook III (134747-91626), RB Emanuel Wilson (134747-185861), WR Zay Flowers (134747-112295), WR CeeDee Lamb (134747-86631), WR Tee Higgins (134747-89981), TE Brenton Strange (134747-103587), WR Jordan Addison (134747-129210), D Chicago Bears (134747-12527)"
672,3738115013,the_answer93 (9/20),181.42,"QB Joe Burrow (134747-63336), RB Kenneth Walker III (134747-103342), RB Kyle Monangai (134747-144102), WR Tee Higgins (134747-89981), WR Rome Odunze (134747-120033), WR Malik Nabers (134747-151761), TE Isaiah Likely (134747-87260), RB Derrick Henry (134747-39280), D Los Angeles Chargers (134747-12548)"
681,3739081754,thejuggenautb (29/150),181.38,"QB Lamar Jackson (134747-63115), RB Bhayshul Tuten (134747-160620), RB Javonte Williams (134747-93541), WR Nico Collins (134747-91419), WR Carnell Tate (134747-183756), WR Zay Flowers (134747-112295), TE Isaiah Likely (134747-87260), RB Kenneth Walker III (134747-103342), D Miami Dolphins (134747-12539)"
681,3737012653,upperslad (14/150),181.38,"QB C.J. Stroud (134747-129471), RB Derrick Henry (134747-39280), RB Braelon Allen (134747-158412), WR Mack Hollins (134747-25267), WR CeeDee Lamb (134747-86631), WR Nico Collins (134747-91419), TE T.J. Hockenson (134747-71706), RB Kenneth Walker III (134747-103342), D Tampa Bay Buccaneers (134747-12551)"
681,3738194285,winstonsquad1968 (129/150),181.38,"QB C.J. Stroud (134747-129471), RB Jeremiyah Love (134747-188171), RB Derrick Henry (134747-39280), WR Zay Flowers (134747-112295), WR Nico Collins (134747-91419), WR CeeDee Lamb (134747-86631), TE Brenton Strange (134747-103587), RB Emanuel Wilson (134747-185861), D Tampa Bay Buccaneers (134747-12551)"
681,3737175712,jbpdx (139/150),181.38,"QB C.J. Stroud (134747-129471), RB Derrick Henry (134747-39280), RB Braelon Allen (134747-158412), WR CeeDee Lamb (134747-86631), WR Nico Collins (134747-91419), WR Mack Hollins (134747-25267), TE T.J. Hockenson (134747-71706), RB Kenneth Walker III (134747-103342), D Tampa Bay Buccaneers (134747-12551)"
685,3739506715,mrmadison (33/71),181.32,"QB Joe Burrow (134747-63336), RB Emanuel Wilson (134747-185861), RB Kenneth Walker III (134747-103342), WR Tee Higgins (134747-89981), WR Rome Odunze (134747-120033), WR CeeDee Lamb (134747-86631), TE Travis Kelce (134747-33076), RB Aaron Jones Sr. (134747-40442), D Buffalo Bills (134747-12526)"
685,3737715488,waterpig (84/150),181.32,"QB Joe Burrow (134747-63336), RB Ashton Jeanty (134747-167031), RB Javonte Williams (134747-93541), WR Matthew Golden (134747-166916), WR Carnell Tate (134747-183756), WR Tee Higgins (134747-89981), TE Brenton Strange (134747-103587), WR CeeDee Lamb (134747-86631), D Los Angeles Rams (134747-12538)"
685,3737521242,blackpalmtrees (58/150),181.32,"QB Joe Burrow (134747-63336), RB D'Andre Swift (134747-91598), RB David Montgomery (134747-73273), WR CeeDee Lamb (134747-86631), WR Nico Collins (134747-91419), WR Tee Higgins (134747-89981), TE T.J. Hockenson (134747-71706), WR Malik Nabers (134747-151761), D Chicago Bears (134747-12527)"
688,3739303093,portnose (2/5),181.28,"QB C.J. Stroud (134747-129471), RB Christian McCaffrey (134747-55050), RB Emanuel Wilson (134747-185861), WR CeeDee Lamb (134747-86631), WR Nico Collins (134747-91419), WR Zay Flowers (134747-112295), TE Travis Kelce (134747-33076), RB Aaron Jones Sr. (134747-40442), D Chicago Bears (134747-12527)"
688,3738116405,twenty4sevenx (29/150),181.28,"QB C.J. Stroud (134747-129471), RB Aaron Jones Sr. (134747-40442), RB Kenneth Walker III (134747-103342), WR Nico Collins (134747-91419), WR CeeDee Lamb (134747-86631), WR Jordan Addison (134747-129210), TE Mark Andrews (134747-52436), TE Brock Bowers (134747-151794), D Tampa Bay Buccaneers (134747-12551)"
688,3738346369,getsum76 (1/1),181.28,"QB C.J. Stroud (134747-129471), RB Derrick Henry (134747-39280), RB Kenneth Walker III (134747-103342), WR CeeDee Lamb (134747-86631), WR Christian Watson (134747-169776), WR Michael Wilson (134747-89612), TE T.J. Hockenson (134747-71706), RB Emanuel Wilson (134747-185861), D Miami Dolphins (134747-12539)"
688,3739789938,mykaahhhh (143/150),181.28,"QB C.J. Stroud (134747-129471), RB Kenneth Walker III (134747-103342), RB Chase Brown (134747-89493), WR Parker Washington (134747-137516), WR CeeDee Lamb (134747-86631), WR Nico Collins (134747-91419), TE Isaiah Likely (134747-87260), RB Emanuel Wilson (134747-185861), D Tampa Bay Buccaneers (134747-12551)"
692,3739044681,davereno (2/4),181.24,"QB Jacoby Brissett (134747-30231), RB Kenneth Walker III (134747-103342), RB Jeremiyah Love (134747-188171), WR Michael Wilson (134747-89612), WR Nico Collins (134747-91419), WR Puka Nacua (134747-103020), TE T.J. Hockenson (134747-71706), RB Emanuel Wilson (134747-185861), D Seattle Seahawks (134747-12550)"
693,3738908676,dudgeonsdominion (109/150),181.22,"QB Joe Burrow (134747-63336), RB Emanuel Wilson (134747-185861), RB Cam Skattebo (134747-183240), WR Luther Burden III (134747-166092), WR Tee Higgins (134747-89981), WR Nico Collins (134747-91419), TE Brock Bowers (134747-151794), RB Kenneth Walker III (134747-103342), D New York Jets (134747-12544)"
694,3739402635,keithdeegan (1/1),181.2,"QB Dak Prescott (134747-31716), RB Aaron Jones Sr. (134747-40442), RB Kenneth Walker III (134747-103342), WR CeeDee Lamb (134747-86631), WR Zay Flowers (134747-112295), WR Jakobi Meyers (134747-63634), TE Tyler Higbee (134747-47870), WR Nico Collins (134747-91419), D Chicago Bears (134747-12527)"
695,3739569404,johnny_g (28/150),181.18,"QB C.J. Stroud (134747-129471), RB Cam Skattebo (134747-183240), RB Kenneth Walker III (134747-103342), WR Nico Collins (134747-91419), WR Zay Flowers (134747-112295), WR Luther Burden III (134747-166092), TE Brock Bowers (134747-151794), RB Emanuel Wilson (134747-185861), D Chicago Bears (134747-12527)"
695,3738567721,warrenb22 (67/150),181.18,"QB C.J. Stroud (134747-129471), RB Javonte Williams (134747-93541), RB Chase Brown (134747-89493), WR Garrett Wilson (134747-103564), WR Luther Burden III (134747-166092), WR Nico Collins (134747-91419), TE T.J. Hockenson (134747-71706), RB Kenneth Walker III (134747-103342), D New York Giants (134747-12543)"
695,3738824435,scooternobeans (117/150),181.18,"QB C.J. Stroud (134747-129471), RB James Cook III (134747-91626), RB Aaron Jones Sr. (134747-40442), WR CeeDee Lamb (134747-86631), WR Nico Collins (134747-91419), WR Deebo Samuel Sr. (134747-56018), TE T.J. Hockenson (134747-71706), TE George Kittle (134747-39793), D Chicago Bears (134747-12527)"
695,3739425566,ryan0889 (1/1),181.18,"QB C.J. Stroud (134747-129471), RB Derrick Henry (134747-39280), RB Kyren Williams (134747-104433), WR Nico Collins (134747-91419), WR Puka Nacua (134747-103020), WR Keon Coleman (134747-157467), TE Dalton Schultz (134747-55042), RB Emanuel Wilson (134747-185861), D Las Vegas Raiders (134747-12537)"
695,3739383203,wudreamz (29/150),181.18,"QB C.J. Stroud (134747-129471), RB Kenneth Walker III (134747-103342), RB Aaron Jones Sr. (134747-40442), WR CeeDee Lamb (134747-86631), WR Nico Collins (134747-91419), WR Zay Flowers (134747-112295), TE Dalton Schultz (134747-55042), WR Kayshon Boutte (134747-119653), D Arizona Cardinals (134747-12546)"
695,3737390461,parkerrr26 (89/150),181.18,"QB C.J. Stroud (134747-129471), RB Aaron Jones Sr. (134747-40442), RB Javonte Williams (134747-93541), WR Nico Collins (134747-91419), WR Matthew Golden (134747-166916), WR Michael Wilson (134747-89612), TE Brock Bowers (134747-151794), RB Kenneth Walker III (134747-103342), D Chicago Bears (134747-12527)"
701,3738941483,livefortomorrow (1/1),181.12,"QB Joe Burrow (134747-63336), RB Aaron Jones Sr. (134747-40442), RB Kenneth Walker III (134747-103342), WR Tee Higgins (134747-89981), WR Zay Flowers (134747-112295), WR Jordan Addison (134747-129210), TE Brock Bowers (134747-151794), RB Emanuel Wilson (134747-185861), D Tampa Bay Buccaneers (134747-12551)"
701,3736319904,maxthemin (95/150),181.12,"QB Joe Burrow (134747-63336), RB Kenneth Walker III (134747-103342), RB Braelon Allen (134747-158412), WR Nico Collins (134747-91419), WR Zay Flowers (134747-112295), WR Tee Higgins (134747-89981), TE Brock Bowers (134747-151794), WR Luther Burden III (134747-166092), D Miami Dolphins (134747-12539)"
703,3738779741,phillyd81 (108/150),181.1,"QB Dak Prescott (134747-31716), RB Kenneth Walker III (134747-103342), RB David Montgomery (134747-73273), WR CeeDee Lamb (134747-86631), WR Nico Collins (134747-91419), WR Michael Wilson (134747-89612), TE T.J. Hockenson (134747-71706), RB Aaron Jones Sr. (134747-40442), D Chicago Bears (134747-12527)"
704,3736727200,kenzotony (15/150),181.08,"QB C.J. Stroud (134747-129471), RB Javonte Williams (134747-93541), RB Kenneth Walker III (134747-103342), WR Kalif Raymond (134747-70422), WR Nico Collins (134747-91419), WR CeeDee Lamb (134747-86631), TE Travis Kelce (134747-33076), TE Brock Bowers (134747-151794), D Miami Dolphins (134747-12539)"
704,3739048242,mgfeltman (11/100),181.08,"QB C.J. Stroud (134747-129471), RB Kyren Williams (134747-104433), RB Aaron Jones Sr. (134747-40442), WR Nico Collins (134747-91419), WR CeeDee Lamb (134747-86631), WR Zay Flowers (134747-112295), TE Travis Kelce (134747-33076), RB Bhayshul Tuten (134747-160620), D New York Jets (134747-12544)"
704,3739070565,mgfeltman (57/100),181.08,"QB C.J. Stroud (134747-129471), RB Kyren Williams (134747-104433), RB Aaron Jones Sr. (134747-40442), WR Nico Collins (134747-91419), WR CeeDee Lamb (134747-86631), WR Zay Flowers (134747-112295), TE Travis Kelce (134747-33076), RB Bhayshul Tuten (134747-160620), D New York Jets (134747-12544)"
704,3739070568,mgfeltman (58/100),181.08,"QB C.J. Stroud (134747-129471), RB Kyren Williams (134747-104433), RB Aaron Jones Sr. (134747-40442), WR Nico Collins (134747-91419), WR CeeDee Lamb (134747-86631), WR Zay Flowers (134747-112295), TE Travis Kelce (134747-33076), RB Bhayshul Tuten (134747-160620), D New York Jets (134747-12544)"
704,3739070570,mgfeltman (59/100),181.08,"QB C.J. Stroud (134747-129471), RB Kyren Williams (134747-104433), RB Aaron Jones Sr. (134747-40442), WR Nico Collins (134747-91419), WR CeeDee Lamb (134747-86631), WR Zay Flowers (134747-112295), TE Travis Kelce (134747-33076), RB Bhayshul Tuten (134747-160620), D New York Jets (134747-12544)"
704,3739070573,mgfeltman (60/100),181.08,"QB C.J. Stroud (134747-129471), RB Kyren Williams (134747-104433), RB Aaron Jones Sr. (134747-40442), WR Nico Collins (134747-91419), WR CeeDee Lamb (134747-86631), WR Zay Flowers (134747-112295), TE Travis Kelce (134747-33076), RB Bhayshul Tuten (134747-160620), D New York Jets (134747-12544)"
704,3739025802,rgalexander216 (15/150),181.08,"QB C.J. Stroud (134747-129471), RB Javonte Williams (134747-93541), RB Aaron Jones Sr. (134747-40442), WR Nico Collins (134747-91419), WR Zay Flowers (134747-112295), WR Jakobi Meyers (134747-63634), TE Isaiah Likely (134747-87260), RB Kenneth Walker III (134747-103342), D Green Bay Packers (134747-12533)"
704,3738083876,bookyboon (21/150),181.08,"QB C.J. Stroud (134747-129471), RB Braelon Allen (134747-158412), RB James Cook III (134747-91626), WR CeeDee Lamb (134747-86631), WR Nico Collins (134747-91419), WR Jordan Addison (134747-129210), TE T.J. Hockenson (134747-71706), RB Kenneth Walker III (134747-103342), D Cincinnati Bengals (134747-12528)"
704,3739330953,fortunesformula (14/19),181.08,"QB C.J. Stroud (134747-129471), RB Bhayshul Tuten (134747-160620), RB Kenneth Walker III (134747-103342), WR Nico Collins (134747-91419), WR Malik Nabers (134747-151761), WR CeeDee Lamb (134747-86631), TE Mark Andrews (134747-52436), RB Jeremiyah Love (134747-188171), D New York Jets (134747-12544)"
704,3737098647,amreagle (16/150),181.08,"QB Kyler Murray (134747-63484), RB Javonte Williams (134747-93541), RB Aaron Jones Sr. (134747-40442), WR Nico Collins (134747-91419), WR Zay Flowers (134747-112295), WR Jordan Addison (134747-129210), TE T.J. Hockenson (134747-71706), RB Kenneth Walker III (134747-103342), D Arizona Cardinals (134747-12546)"
714,3736381463,xbigtimberx (113/150),181.06,"QB Drake Maye (134747-152316), RB Aaron Jones Sr. (134747-40442), RB Chase Brown (134747-89493), WR Tee Higgins (134747-89981), WR Nico Collins (134747-91419), WR CeeDee Lamb (134747-86631), TE Mark Andrews (134747-52436), TE George Kittle (134747-39793), D Arizona Cardinals (134747-12546)"
715,3739225623,luezzyyy (51/150),181.04,"QB Jacoby Brissett (134747-30231), RB Aaron Jones Sr. (134747-40442), RB Kenneth Walker III (134747-103342), WR Malik Nabers (134747-151761), WR CeeDee Lamb (134747-86631), WR Tee Higgins (134747-89981), TE Mark Andrews (134747-52436), WR Michael Wilson (134747-89612), D Seattle Seahawks (134747-12550)"
716,3739398579,neonleon (1/1),181.0,"QB Jameis Winston (134747-24849), RB D'Andre Swift (134747-91598), RB Aaron Jones Sr. (134747-40442), WR Malik Nabers (134747-151761), WR CeeDee Lamb (134747-86631), WR Nico Collins (134747-91419), TE Isaiah Likely (134747-87260), RB Kenneth Walker III (134747-103342), D Chicago Bears (134747-12527)"
717,3738749509,ahedmendur (79/150),180.98,"QB C.J. Stroud (134747-129471), RB Kenneth Walker III (134747-103342), RB Aaron Jones Sr. (134747-40442), WR Nico Collins (134747-91419), WR Zay Flowers (134747-112295), WR Parker Washington (134747-137516), TE Brock Bowers (134747-151794), RB Emanuel Wilson (134747-185861), D Chicago Bears (134747-12527)"
717,3736885405,travman (34/150),180.98,"QB C.J. Stroud (134747-129471), RB Kenneth Walker III (134747-103342), RB Aaron Jones Sr. (134747-40442), WR Nico Collins (134747-91419), WR Zay Flowers (134747-112295), WR Parker Washington (134747-137516), TE Brock Bowers (134747-151794), RB Emanuel Wilson (134747-185861), D Chicago Bears (134747-12527)"
717,3739763198,jaker3 (17/150),180.98,"QB C.J. Stroud (134747-129471), RB Kenneth Walker III (134747-103342), RB Aaron Jones Sr. (134747-40442), WR Nico Collins (134747-91419), WR Zay Flowers (134747-112295), WR Parker Washington (134747-137516), TE Brock Bowers (134747-151794), RB Emanuel Wilson (134747-185861), D Chicago Bears (134747-12527)"
717,3736867993,mtw0392 (1/3),180.98,"QB C.J. Stroud (134747-129471), RB Kenneth Walker III (134747-103342), RB Braelon Allen (134747-158412), WR CeeDee Lamb (134747-86631), WR Nico Collins (134747-91419), WR Tee Higgins (134747-89981), TE Brock Bowers (134747-151794), TE Dalton Schultz (134747-55042), D Los Angeles Chargers (134747-12548)"
717,3737086166,venombeatz23 (1/1),180.98,"QB C.J. Stroud (134747-129471), RB Aaron Jones Sr. (134747-40442), RB Kenneth Walker III (134747-103342), WR CeeDee Lamb (134747-86631), WR Christian Watson (134747-169776), WR Nico Collins (134747-91419), TE T.J. Hockenson (134747-71706), RB Jeremiyah Love (134747-188171), D Chicago Bears (134747-12527)"
717,3739718488,gtthumper (13/23),180.98,"QB C.J. Stroud (134747-129471), RB Kenneth Walker III (134747-103342), RB Jeremiyah Love (134747-188171), WR CeeDee Lamb (134747-86631), WR Christian Watson (134747-169776), WR Nico Collins (134747-91419), TE T.J. Hockenson (134747-71706), RB Aaron Jones Sr. (134747-40442), D Chicago Bears (134747-12527)"
717,3736385942,endlesslight (96/150),180.98,"QB C.J. Stroud (134747-129471), RB Kenneth Walker III (134747-103342), RB Aaron Jones Sr. (134747-40442), WR Nico Collins (134747-91419), WR Zay Flowers (134747-112295), WR Parker Washington (134747-137516), TE Brock Bowers (134747-151794), RB Emanuel Wilson (134747-185861), D Chicago Bears (134747-12527)"
717,3739810325,xxyesxxsm0ke (34/150),180.98,"QB C.J. Stroud (134747-129471), RB Kenneth Walker III (134747-103342), RB Aaron Jones Sr. (134747-40442), WR Nico Collins (134747-91419), WR Zay Flowers (134747-112295), WR Parker Washington (134747-137516), TE Brock Bowers (134747-151794), RB Emanuel Wilson (134747-185861), D Chicago Bears (134747-12527)"
717,3739758201,ni07ck (2/13),180.98,"QB C.J. Stroud (134747-129471), RB Aaron Jones Sr. (134747-40442), RB Jeremiyah Love (134747-188171), WR Christian Watson (134747-169776), WR CeeDee Lamb (134747-86631), WR Nico Collins (134747-91419), TE T.J. Hockenson (134747-71706), RB Kenneth Walker III (134747-103342), D Chicago Bears (134747-12527)"
717,3739187633,bkshockers (48/150),180.98,"QB C.J. Stroud (134747-129471), RB Chase Brown (134747-89493), RB Kenneth Walker III (134747-103342), WR Nico Collins (134747-91419), WR CeeDee Lamb (134747-86631), WR Garrett Wilson (134747-103564), TE Mark Andrews (134747-52436), TE T.J. Hockenson (134747-71706), D Tampa Bay Buccaneers (134747-12551)"
717,3738765693,arcticmyths (41/150),180.98,"QB C.J. Stroud (134747-129471), RB Kenneth Walker III (134747-103342), RB Aaron Jones Sr. (134747-40442), WR Parker Washington (134747-137516), WR Nico Collins (134747-91419), WR Zay Flowers (134747-112295), TE Brock Bowers (134747-151794), RB Emanuel Wilson (134747-185861), D Chicago Bears (134747-12527)"
728,3739751411,bjsxtd (1/1),180.92,"QB Joe Burrow (134747-63336), RB Kenneth Walker III (134747-103342), RB Aaron Jones Sr. (134747-40442), WR CeeDee Lamb (134747-86631), WR Matthew Golden (134747-166916), WR Michael Wilson (134747-89612), TE Mike Gesicki (134747-56265), RB Emanuel Wilson (134747-185861), D Minnesota Vikings (134747-12540)"
728,3738651281,moodog111 (36/150),180.92,"QB Joe Burrow (134747-63336), RB Kenneth Walker III (134747-103342), RB Christian McCaffrey (134747-55050), WR Tee Higgins (134747-89981), WR Nico Collins (134747-91419), WR Romeo Doubs (134747-94370), TE T.J. Hockenson (134747-71706), TE Jake Ferguson (134747-89680), D Philadelphia Eagles (134747-12545)"
728,3738951276,jblack773 (56/150),180.92,"QB Joe Burrow (134747-63336), RB Derrick Henry (134747-39280), RB Bhayshul Tuten (134747-160620), WR Malik Nabers (134747-151761), WR Carnell Tate (134747-183756), WR Tee Higgins (134747-89981), TE T.J. Hockenson (134747-71706), RB Kenneth Walker III (134747-103342), D New York Jets (134747-12544)"
731,3739461234,bdoz1993 (127/150),180.9,"QB Jameis Winston (134747-24849), RB Javonte Williams (134747-93541), RB Cam Skattebo (134747-183240), WR CeeDee Lamb (134747-86631), WR Nico Collins (134747-91419), WR Tee Higgins (134747-89981), TE Isaiah Likely (134747-87260), TE Brock Bowers (134747-151794), D Chicago Bears (134747-12527)"
731,3739259655,bartow33 (28/150),180.9,"QB Kirk Cousins (134747-22038), RB Ashton Jeanty (134747-167031), RB Kenneth Walker III (134747-103342), WR CeeDee Lamb (134747-86631), WR Luther Burden III (134747-166092), WR Romeo Doubs (134747-94370), TE Brock Bowers (134747-151794), RB Braelon Allen (134747-158412), D New York Giants (134747-12543)"
733,3738732074,rustynutz (78/150),180.88,"QB C.J. Stroud (134747-129471), RB Kenneth Walker III (134747-103342), RB Aaron Jones Sr. (134747-40442), WR CeeDee Lamb (134747-86631), WR Nico Collins (134747-91419), WR Carnell Tate (134747-183756), TE Dalton Schultz (134747-55042), RB Chase Brown (134747-89493), D Tampa Bay Buccaneers (134747-12551)"
733,3739348220,hockeycardsplus (45/150),180.88,"QB C.J. Stroud (134747-129471), RB Aaron Jones Sr. (134747-40442), RB Ashton Jeanty (134747-167031), WR Malik Nabers (134747-151761), WR Puka Nacua (134747-103020), WR Nico Collins (134747-91419), TE Mark Andrews (134747-52436), RB Emanuel Wilson (134747-185861), D Green Bay Packers (134747-12533)"
733,3737022115,gominnesotago (1/1),180.88,"QB C.J. Stroud (134747-129471), RB Aaron Jones Sr. (134747-40442), RB Emanuel Wilson (134747-185861), WR Nico Collins (134747-91419), WR CeeDee Lamb (134747-86631), WR Malik Nabers (134747-151761), TE George Kittle (134747-39793), WR Davante Adams (134747-45889), D New York Jets (134747-12544)"
736,3737292626,sixfever87 (2/150),180.82,"QB Joe Burrow (134747-63336), RB Aaron Jones Sr. (134747-40442), RB Kenneth Walker III (134747-103342), WR Tee Higgins (134747-89981), WR Zay Flowers (134747-112295), WR Jakobi Meyers (134747-63634), TE Brock Bowers (134747-151794), RB Emanuel Wilson (134747-185861), D Chicago Bears (134747-12527)"
736,3739624345,jibos (88/150),180.82,"QB Joe Burrow (134747-63336), RB Kenneth Walker III (134747-103342), RB Kyren Williams (134747-104433), WR Zay Flowers (134747-112295), WR Parker Washington (134747-137516), WR Tee Higgins (134747-89981), TE Isaiah Likely (134747-87260), TE T.J. Hockenson (134747-71706), D Los Angeles Rams (134747-12538)"
738,3739856982,duelingfan802 (16/150),180.78,"QB C.J. Stroud (134747-129471), RB Aaron Jones Sr. (134747-40442), RB Jeremiyah Love (134747-188171), WR Jordan Addison (134747-129210), WR CeeDee Lamb (134747-86631), WR Tee Higgins (134747-89981), TE T.J. Hockenson (134747-71706), RB Kenneth Walker III (134747-103342), D Seattle Seahawks (134747-12550)"
738,3737112854,kibbs40 (107/150),180.78,"QB C.J. Stroud (134747-129471), RB Derrick Henry (134747-39280), RB Javonte Williams (134747-93541), WR Carnell Tate (134747-183756), WR CeeDee Lamb (134747-86631), WR Nico Collins (134747-91419), TE Dalton Schultz (134747-55042), WR Xavier Worthy (134747-158974), D New York Giants (134747-12543)"
738,3739641533,dptdawg (122/150),180.78,"QB Kyler Murray (134747-63484), RB Bhayshul Tuten (134747-160620), RB Emanuel Wilson (134747-185861), WR CeeDee Lamb (134747-86631), WR Tee Higgins (134747-89981), WR Nico Collins (134747-91419), TE Brock Bowers (134747-151794), WR Zay Flowers (134747-112295), D Las Vegas Raiders (134747-12537)"
738,3738789113,jwtopping (18/20),180.78,"QB C.J. Stroud (134747-129471), RB Aaron Jones Sr. (134747-40442), RB Christian McCaffrey (134747-55050), WR Tee Higgins (134747-89981), WR Ryan Flournoy (134747-201233), WR Nico Collins (134747-91419), TE T.J. Hockenson (134747-71706), WR CeeDee Lamb (134747-86631), D Minnesota Vikings (134747-12540)"
738,3738590192,ezilodi (132/150),180.78,"QB C.J. Stroud (134747-129471), RB Jeremiyah Love (134747-188171), RB Ashton Jeanty (134747-167031), WR Nico Collins (134747-91419), WR CeeDee Lamb (134747-86631), WR Carnell Tate (134747-183756), TE T.J. Hockenson (134747-71706), TE Brock Bowers (134747-151794), D Minnesota Vikings (134747-12540)"
743,3739772271,barrywomack (97/150),180.76,"QB Drake Maye (134747-152316), RB Aaron Jones Sr. (134747-40442), RB Christian McCaffrey (134747-55050), WR Tee Higgins (134747-89981), WR CeeDee Lamb (134747-86631), WR DeMario Douglas (134747-111876), TE T.J. Hockenson (134747-71706), RB Kenneth Walker III (134747-103342), D Chicago Bears (134747-12527)"
744,3739662331,knzgage131 (38/150),180.7,"QB Dak Prescott (134747-31716), RB Javonte Williams (134747-93541), RB Cam Skattebo (134747-183240), WR Nico Collins (134747-91419), WR CeeDee Lamb (134747-86631), WR Zay Flowers (134747-112295), TE T.J. Hockenson (134747-71706), WR Tre Tucker (134747-103619), D Tampa Bay Buccaneers (134747-12551)"
745,3737293053,coutlaw22 (58/150),180.68,"QB C.J. Stroud (134747-129471), RB James Cook III (134747-91626), RB Emanuel Wilson (134747-185861), WR Nico Collins (134747-91419), WR Xavier Hutchinson (134747-119788), WR Zay Flowers (134747-112295), TE Mark Andrews (134747-52436), RB Kenneth Walker III (134747-103342), D Minnesota Vikings (134747-12540)"
745,3739131170,shakey12381 (107/150),180.68,"QB Lamar Jackson (134747-63115), RB Isaiah Davis (134747-160213), RB Javonte Williams (134747-93541), WR Carnell Tate (134747-183756), WR Malik Nabers (134747-151761), WR Zay Flowers (134747-112295), TE Brock Bowers (134747-151794), RB Kenneth Walker III (134747-103342), D New York Giants (134747-12543)"
745,3739316836,darkstarko (48/150),180.68,"QB C.J. Stroud (134747-129471), RB Kenneth Walker III (134747-103342), RB Aaron Jones Sr. (134747-40442), WR Zay Flowers (134747-112295), WR Tee Higgins (134747-89981), WR Nico Collins (134747-91419), TE Travis Kelce (134747-33076), TE Brock Bowers (134747-151794), D Chicago Bears (134747-12527)"
745,3739683672,dwebb58 (1/1),180.68,"QB C.J. Stroud (134747-129471), RB Kenneth Walker III (134747-103342), RB Emanuel Wilson (134747-185861), WR Zay Flowers (134747-112295), WR Jordan Addison (134747-129210), WR George Pickens (134747-110246), TE Brenton Strange (134747-103587), WR Nico Collins (134747-91419), D Seattle Seahawks (134747-12550)"
749,3738103401,tmusales (110/150),180.58,"QB C.J. Stroud (134747-129471), RB Javonte Williams (134747-93541), RB Aaron Jones Sr. (134747-40442), WR CeeDee Lamb (134747-86631), WR Zay Flowers (134747-112295), WR Nico Collins (134747-91419), TE Dalton Schultz (134747-55042), TE Isaiah Likely (134747-87260), D Green Bay Packers (134747-12533)"
749,3738718120,mase7645 (100/150),180.58,"QB C.J. Stroud (134747-129471), RB Derrick Henry (134747-39280), RB Braelon Allen (134747-158412), WR Zay Flowers (134747-112295), WR Michael Wilson (134747-89612), WR Nico Collins (134747-91419), TE T.J. Hockenson (134747-71706), RB Kenneth Walker III (134747-103342), D Arizona Cardinals (134747-12546)"
749,3739201932,shawnss89 (116/150),180.58,"QB C.J. Stroud (134747-129471), RB Christian McCaffrey (134747-55050), RB Kenneth Walker III (134747-103342), WR Tee Higgins (134747-89981), WR Nico Collins (134747-91419), WR Xavier Hutchinson (134747-119788), TE T.J. Hockenson (134747-71706), TE Brock Bowers (134747-151794), D Chicago Bears (134747-12527)"
749,3736906643,uncool_19 (62/150),180.58,"QB C.J. Stroud (134747-129471), RB Jeremiyah Love (134747-188171), RB Aaron Jones Sr. (134747-40442), WR CeeDee Lamb (134747-86631), WR Nico Collins (134747-91419), WR Jakobi Meyers (134747-63634), TE T.J. Hockenson (134747-71706), RB Kenneth Walker III (134747-103342), D Minnesota Vikings (134747-12540)"
749,3738489357,eicher (1/1),180.58,"QB C.J. Stroud (134747-129471), RB Christian McCaffrey (134747-55050), RB Kyren Williams (134747-104433), WR CeeDee Lamb (134747-86631), WR Nico Collins (134747-91419), WR Jakobi Meyers (134747-63634), TE George Kittle (134747-39793), TE T.J. Hockenson (134747-71706), D Las Vegas Raiders (134747-12537)"
749,3738737686,kyleg17 (30/31),180.58,"QB C.J. Stroud (134747-129471), RB Kenneth Walker III (134747-103342), RB Aaron Jones Sr. (134747-40442), WR Nico Collins (134747-91419), WR Tee Higgins (134747-89981), WR Malik Nabers (134747-151761), TE Brock Bowers (134747-151794), RB Jeremiyah Love (134747-188171), D Tampa Bay Buccaneers (134747-12551)"
749,3739450368,imheretogetmybag (22/150),180.58,"QB C.J. Stroud (134747-129471), RB Chase Brown (134747-89493), RB Javonte Williams (134747-93541), WR Nico Collins (134747-91419), WR Zay Flowers (134747-112295), WR Malik Nabers (134747-151761), TE George Kittle (134747-39793), RB Aaron Jones Sr. (134747-40442), D Cincinnati Bengals (134747-12528)"
756,3738985996,joepino2 (15/150),180.52,"QB Joe Burrow (134747-63336), RB Chase Brown (134747-89493), RB Aaron Jones Sr. (134747-40442), WR Jordan Addison (134747-129210), WR Tee Higgins (134747-89981), WR Nico Collins (134747-91419), TE T.J. Hockenson (134747-71706), RB Kenneth Walker III (134747-103342), D Chicago Bears (134747-12527)"
756,3738182419,enniskar (65/150),180.52,"QB Joe Burrow (134747-63336), RB Aaron Jones Sr. (134747-40442), RB Chase Brown (134747-89493), WR Jordan Addison (134747-129210), WR Nico Collins (134747-91419), WR Tee Higgins (134747-89981), TE T.J. Hockenson (134747-71706), RB Kenneth Walker III (134747-103342), D Chicago Bears (134747-12527)"
758,3738437804,thomas825 (30/76),180.5,"QB Dak Prescott (134747-31716), RB Javonte Williams (134747-93541), RB Kyren Williams (134747-104433), WR Zay Flowers (134747-112295), WR Keon Coleman (134747-157467), WR Wan'Dale Robinson (134747-103539), TE Dalton Kincaid (134747-145558), WR CeeDee Lamb (134747-86631), D Houston Texans (134747-12556)"
759,3737548899,brandonw84 (40/150),180.48,"QB C.J. Stroud (134747-129471), RB Jeremiyah Love (134747-188171), RB Javonte Williams (134747-93541), WR Nico Collins (134747-91419), WR Zay Flowers (134747-112295), WR Tee Higgins (134747-89981), TE Dalton Schultz (134747-55042), RB Kenneth Walker III (134747-103342), D Tampa Bay Buccaneers (134747-12551)"
759,3738732043,rustynutz (63/150),180.48,"QB C.J. Stroud (134747-129471), RB Derrick Henry (134747-39280), RB Aaron Jones Sr. (134747-40442), WR CeeDee Lamb (134747-86631), WR Nico Collins (134747-91419), WR Tee Higgins (134747-89981), TE Dalton Schultz (134747-55042), RB Emanuel Wilson (134747-185861), D Chicago Bears (134747-12527)"
759,3736963237,gregv28 (115/150),180.48,"QB C.J. Stroud (134747-129471), RB Emanuel Wilson (134747-185861), RB David Montgomery (134747-73273), WR Zay Flowers (134747-112295), WR CeeDee Lamb (134747-86631), WR Christian Watson (134747-169776), TE T.J. Hockenson (134747-71706), RB Kenneth Walker III (134747-103342), D San Francisco 49ers (134747-12549)"
759,3739025925,rgalexander216 (70/150),180.48,"QB C.J. Stroud (134747-129471), RB Javonte Williams (134747-93541), RB Braelon Allen (134747-158412), WR Nico Collins (134747-91419), WR Carnell Tate (134747-183756), WR Jaxon Smith-Njigba (134747-129458), TE Isaiah Likely (134747-87260), RB Kenneth Walker III (134747-103342), D New York Giants (134747-12543)"
759,3739663047,masterpj (119/150),180.48,"QB C.J. Stroud (134747-129471), RB Jeremiyah Love (134747-188171), RB Javonte Williams (134747-93541), WR Nico Collins (134747-91419), WR Zay Flowers (134747-112295), WR Tee Higgins (134747-89981), TE Dalton Schultz (134747-55042), RB Kenneth Walker III (134747-103342), D New York Jets (134747-12544)"
759,3739532309,pittbulldawg (41/150),180.48,"QB C.J. Stroud (134747-129471), RB Javonte Williams (134747-93541), RB Jeremiyah Love (134747-188171), WR Nico Collins (134747-91419), WR Zay Flowers (134747-112295), WR Tee Higgins (134747-89981), TE Dalton Schultz (134747-55042), RB Kenneth Walker III (134747-103342), D Tampa Bay Buccaneers (134747-12551)"
759,3739532937,pittbulldawg (122/150),180.48,"QB C.J. Stroud (134747-129471), RB Javonte Williams (134747-93541), RB Jeremiyah Love (134747-188171), WR Nico Collins (134747-91419), WR Zay Flowers (134747-112295), WR Tee Higgins (134747-89981), TE Dalton Schultz (134747-55042), RB Kenneth Walker III (134747-103342), D New York Jets (134747-12544)"
759,3738951210,jblack773 (46/150),180.48,"QB C.J. Stroud (134747-129471), RB Kenneth Walker III (134747-103342), RB Derrick Henry (134747-39280), WR Zay Flowers (134747-112295), WR Carnell Tate (134747-183756), WR Kalif Raymond (134747-70422), TE T.J. Hockenson (134747-71706), WR Nico Collins (134747-91419), D Green Bay Packers (134747-12533)"
759,3738847952,snowman0809 (117/150),180.48,"QB C.J. Stroud (134747-129471), RB Jeremiyah Love (134747-188171), RB Javonte Williams (134747-93541), WR Nico Collins (134747-91419), WR Zay Flowers (134747-112295), WR Tee Higgins (134747-89981), TE Dalton Schultz (134747-55042), RB Kenneth Walker III (134747-103342), D New York Jets (134747-12544)"
768,3739751624,peteg9699 (99/150),180.46,"QB Bo Nix (134747-102965), RB Christian McCaffrey (134747-55050), RB Kenneth Walker III (134747-103342), WR Nico Collins (134747-91419), WR Zay Flowers (134747-112295), WR Jaylen Waddle (134747-90573), TE T.J. Hockenson (134747-71706), RB Emanuel Wilson (134747-185861), D Miami Dolphins (134747-12539)"
769,3738707703,jsst28 (72/150),180.42,"QB Joe Burrow (134747-63336), RB Emanuel Wilson (134747-185861), RB Kenneth Walker III (134747-103342), WR Michael Wilson (134747-89612), WR Puka Nacua (134747-103020), WR Tee Higgins (134747-89981), TE George Kittle (134747-39793), RB MarShawn Lloyd (134747-119697), D Chicago Bears (134747-12527)"
770,3738498870,lm2347 (1/1),180.4,"QB Kirk Cousins (134747-22038), RB Ashton Jeanty (134747-167031), RB Kenneth Walker III (134747-103342), WR Tre Tucker (134747-103619), WR Malik Nabers (134747-151761), WR Tee Higgins (134747-89981), TE Brock Bowers (134747-151794), TE T.J. Hockenson (134747-71706), D Seattle Seahawks (134747-12550)"
770,3739852798,ryanoutloud (11/12),180.4,"QB Dak Prescott (134747-31716), RB Aaron Jones Sr. (134747-40442), RB Kenneth Walker III (134747-103342), WR CeeDee Lamb (134747-86631), WR George Pickens (134747-110246), WR Nico Collins (134747-91419), TE Isaiah Likely (134747-87260), TE T.J. Hockenson (134747-71706), D Tampa Bay Buccaneers (134747-12551)"
770,3738182474,enniskar (111/150),180.4,"QB Dak Prescott (134747-31716), RB Aaron Jones Sr. (134747-40442), RB Javonte Williams (134747-93541), WR Jordan Addison (134747-129210), WR CeeDee Lamb (134747-86631), WR Michael Wilson (134747-89612), TE T.J. Hockenson (134747-71706), RB Kenneth Walker III (134747-103342), D New York Jets (134747-12544)"
770,3738182482,enniskar (118/150),180.4,"QB Dak Prescott (134747-31716), RB Aaron Jones Sr. (134747-40442), RB Javonte Williams (134747-93541), WR Jordan Addison (134747-129210), WR CeeDee Lamb (134747-86631), WR Michael Wilson (134747-89612), TE T.J. Hockenson (134747-71706), RB Kenneth Walker III (134747-103342), D Tampa Bay Buccaneers (134747-12551)"
770,3738769375,dhavesdfs (16/17),180.4,"QB Dak Prescott (134747-31716), RB Kenneth Walker III (134747-103342), RB Aaron Jones Sr. (134747-40442), WR CeeDee Lamb (134747-86631), WR Nico Collins (134747-91419), WR Michael Wilson (134747-89612), TE Isaiah Likely (134747-87260), RB Rhamondre Stevenson (134747-111540), D Los Angeles Rams (134747-12538)"
775,3739442149,scoregasms (94/150),180.38,"QB C.J. Stroud (134747-129471), RB Javonte Williams (134747-93541), RB James Cook III (134747-91626), WR Jordan Addison (134747-129210), WR Michael Wilson (134747-89612), WR Nico Collins (134747-91419), TE T.J. Hockenson (134747-71706), RB Kenneth Walker III (134747-103342), D Tampa Bay Buccaneers (134747-12551)"
775,3739399166,mmmmmmmmmm (15/150),180.38,"QB C.J. Stroud (134747-129471), RB Rhamondre Stevenson (134747-111540), RB Derrick Henry (134747-39280), WR Puka Nacua (134747-103020), WR Zay Flowers (134747-112295), WR Nico Collins (134747-91419), TE T.J. Hockenson (134747-71706), RB Aaron Jones Sr. (134747-40442), D Tampa Bay Buccaneers (134747-12551)"
775,3739780278,drtm1689 (126/150),180.38,"QB C.J. Stroud (134747-129471), RB Braelon Allen (134747-158412), RB Aaron Jones Sr. (134747-40442), WR Zay Flowers (134747-112295), WR Nico Collins (134747-91419), WR CeeDee Lamb (134747-86631), TE Travis Kelce (134747-33076), RB Kenneth Walker III (134747-103342), D New York Jets (134747-12544)"
775,3738424363,cowboyscordova (95/150),180.38,"QB C.J. Stroud (134747-129471), RB Emanuel Wilson (134747-185861), RB Ashton Jeanty (134747-167031), WR Puka Nacua (134747-103020), WR Parker Washington (134747-137516), WR Nico Collins (134747-91419), TE T.J. Hockenson (134747-71706), WR Zay Flowers (134747-112295), D Arizona Cardinals (134747-12546)"
779,3737190340,edog917 (100/150),180.32,"QB Joe Burrow (134747-63336), RB Jeremiyah Love (134747-188171), RB Chase Brown (134747-89493), WR Zay Flowers (134747-112295), WR Tee Higgins (134747-89981), WR Malik Nabers (134747-151761), TE T.J. Hockenson (134747-71706), RB Kenneth Walker III (134747-103342), D Tampa Bay Buccaneers (134747-12551)"
780,3739007020,sbellina75 (111/150),180.28,"QB C.J. Stroud (134747-129471), RB Aaron Jones Sr. (134747-40442), RB Ashton Jeanty (134747-167031), WR Xavier Hutchinson (134747-119788), WR CeeDee Lamb (134747-86631), WR Nico Collins (134747-91419), TE Mark Andrews (134747-52436), RB Kenneth Walker III (134747-103342), D Chicago Bears (134747-12527)"
780,3738782969,reynolds18 (38/150),180.28,"QB C.J. Stroud (134747-129471), RB Derrick Henry (134747-39280), RB Emanuel Wilson (134747-185861), WR Nico Collins (134747-91419), WR Zay Flowers (134747-112295), WR Matthew Golden (134747-166916), TE Isaiah Likely (134747-87260), RB Kenneth Walker III (134747-103342), D New England Patriots (134747-12541)"
782,3739786373,jasong34 (3/5),180.26,"QB Drake Maye (134747-152316), RB James Cook III (134747-91626), RB Aaron Jones Sr. (134747-40442), WR Mack Hollins (134747-25267), WR CeeDee Lamb (134747-86631), WR Nico Collins (134747-91419), TE Brock Bowers (134747-151794), RB Emanuel Wilson (134747-185861), D Chicago Bears (134747-12527)"
783,3739113640,aburgos930 (83/150),180.22,"QB Joe Burrow (134747-63336), RB Jeremiyah Love (134747-188171), RB Aaron Jones Sr. (134747-40442), WR Luther Burden III (134747-166092), WR Nico Collins (134747-91419), WR Tee Higgins (134747-89981), TE T.J. Hockenson (134747-71706), RB Kenneth Walker III (134747-103342), D Seattle Seahawks (134747-12550)"
784,3737313607,aadynasty (11/150),180.2,"QB Dak Prescott (134747-31716), RB Aaron Jones Sr. (134747-40442), RB Kyren Williams (134747-104433), WR CeeDee Lamb (134747-86631), WR Nico Collins (134747-91419), WR Jordan Addison (134747-129210), TE Dalton Schultz (134747-55042), RB Kyle Monangai (134747-144102), D Chicago Bears (134747-12527)"
785,3739839662,dadler09 (1/150),180.18,"QB C.J. Stroud (134747-129471), RB Braelon Allen (134747-158412), RB Jeremiyah Love (134747-188171), WR CeeDee Lamb (134747-86631), WR Nico Collins (134747-91419), WR Puka Nacua (134747-103020), TE Brock Bowers (134747-151794), RB Emanuel Wilson (134747-185861), D Miami Dolphins (134747-12539)"
785,3739839670,dadler09 (2/150),180.18,"QB C.J. Stroud (134747-129471), RB Braelon Allen (134747-158412), RB Jeremiyah Love (134747-188171), WR CeeDee Lamb (134747-86631), WR Nico Collins (134747-91419), WR Puka Nacua (134747-103020), TE Brock Bowers (134747-151794), RB Emanuel Wilson (134747-185861), D Miami Dolphins (134747-12539)"
785,3739839679,dadler09 (3/150),180.18,"QB C.J. Stroud (134747-129471), RB Braelon Allen (134747-158412), RB Jeremiyah Love (134747-188171), WR CeeDee Lamb (134747-86631), WR Nico Collins (134747-91419), WR Puka Nacua (134747-103020), TE Brock Bowers (134747-151794), RB Emanuel Wilson (134747-185861), D Miami Dolphins (134747-12539)"
785,3739839687,dadler09 (4/150),180.18,"QB C.J. Stroud (134747-129471), RB Braelon Allen (134747-158412), RB Jeremiyah Love (134747-188171), WR CeeDee Lamb (134747-86631), WR Nico Collins (134747-91419), WR Puka Nacua (134747-103020), TE Brock Bowers (134747-151794), RB Emanuel Wilson (134747-185861), D Miami Dolphins (134747-12539)"
785,3739839693,dadler09 (5/150),180.18,"QB C.J. Stroud (134747-129471), RB Braelon Allen (134747-158412), RB Jeremiyah Love (134747-188171), WR CeeDee Lamb (134747-86631), WR Nico Collins (134747-91419), WR Puka Nacua (134747-103020), TE Brock Bowers (134747-151794), RB Emanuel Wilson (134747-185861), D Miami Dolphins (134747-12539)"
785,3739839701,dadler09 (6/150),180.18,"QB C.J. Stroud (134747-129471), RB Braelon Allen (134747-158412), RB Jeremiyah Love (134747-188171), WR CeeDee Lamb (134747-86631), WR Nico Collins (134747-91419), WR Puka Nacua (134747-103020), TE Brock Bowers (134747-151794), RB Emanuel Wilson (134747-185861), D Miami Dolphins (134747-12539)"
785,3739839707,dadler09 (7/150),180.18,"QB C.J. Stroud (134747-129471), RB Braelon Allen (134747-158412), RB Jeremiyah Love (134747-188171), WR CeeDee Lamb (134747-86631), WR Nico Collins (134747-91419), WR Puka Nacua (134747-103020), TE Brock Bowers (134747-151794), RB Emanuel Wilson (134747-185861), D Miami Dolphins (134747-12539)"
785,3739839716,dadler09 (8/150),180.18,"QB C.J. Stroud (134747-129471), RB Braelon Allen (134747-158412), RB Jeremiyah Love (134747-188171), WR CeeDee Lamb (134747-86631), WR Nico Collins (134747-91419), WR Puka Nacua (134747-103020), TE Brock Bowers (134747-151794), RB Emanuel Wilson (134747-185861), D Miami Dolphins (134747-12539)"
785,3739839724,dadler09 (9/150),180.18,"QB C.J. Stroud (134747-129471), RB Braelon Allen (134747-158412), RB Jeremiyah Love (134747-188171), WR CeeDee Lamb (134747-86631), WR Nico Collins (134747-91419), WR Puka Nacua (134747-103020), TE Brock Bowers (134747-151794), RB Emanuel Wilson (134747-185861), D Miami Dolphins (134747-12539)"
785,3739839737,dadler09 (10/150),180.18,"QB C.J. Stroud (134747-129471), RB Braelon Allen (134747-158412), RB Jeremiyah Love (134747-188171), WR CeeDee Lamb (134747-86631), WR Nico Collins (134747-91419), WR Puka Nacua (134747-103020), TE Brock Bowers (134747-151794), RB Emanuel Wilson (134747-185861), D Miami Dolphins (134747-12539)"
785,3739839749,dadler09 (11/150),180.18,"QB C.J. Stroud (134747-129471), RB Braelon Allen (134747-158412), RB Jeremiyah Love (134747-188171), WR CeeDee Lamb (134747-86631), WR Nico Collins (134747-91419), WR Puka Nacua (134747-103020), TE Brock Bowers (134747-151794), RB Emanuel Wilson (134747-185861), D Miami Dolphins (134747-12539)"
785,3739839760,dadler09 (12/150),180.18,"QB C.J. Stroud (134747-129471), RB Braelon Allen (134747-158412), RB Jeremiyah Love (134747-188171), WR CeeDee Lamb (134747-86631), WR Nico Collins (134747-91419), WR Puka Nacua (134747-103020), TE Brock Bowers (134747-151794), RB Emanuel Wilson (134747-185861), D Miami Dolphins (134747-12539)"
785,3739839765,dadler09 (13/150),180.18,"QB C.J. Stroud (134747-129471), RB Braelon Allen (134747-158412), RB Jeremiyah Love (134747-188171), WR CeeDee Lamb (134747-86631), WR Nico Collins (134747-91419), WR Puka Nacua (134747-103020), TE Brock Bowers (134747-151794), RB Emanuel Wilson (134747-185861), D Miami Dolphins (134747-12539)"
785,3739839775,dadler09 (14/150),180.18,"QB C.J. Stroud (134747-129471), RB Braelon Allen (134747-158412), RB Jeremiyah Love (134747-188171), WR CeeDee Lamb (134747-86631), WR Nico Collins (134747-91419), WR Puka Nacua (134747-103020), TE Brock Bowers (134747-151794), RB Emanuel Wilson (134747-185861), D Miami Dolphins (134747-12539)"
785,3739839781,dadler09 (15/150),180.18,"QB C.J. Stroud (134747-129471), RB Braelon Allen (134747-158412), RB Jeremiyah Love (134747-188171), WR CeeDee Lamb (134747-86631), WR Nico Collins (134747-91419), WR Puka Nacua (134747-103020), TE Brock Bowers (134747-151794), RB Emanuel Wilson (134747-185861), D Miami Dolphins (134747-12539)"
785,3739839794,dadler09 (16/150),180.18,"QB C.J. Stroud (134747-129471), RB Braelon Allen (134747-158412), RB Jeremiyah Love (134747-188171), WR CeeDee Lamb (134747-86631), WR Nico Collins (134747-91419), WR Puka Nacua (134747-103020), TE Brock Bowers (134747-151794), RB Emanuel Wilson (134747-185861), D Miami Dolphins (134747-12539)"
785,3739839802,dadler09 (17/150),180.18,"QB C.J. Stroud (134747-129471), RB Braelon Allen (134747-158412), RB Jeremiyah Love (134747-188171), WR CeeDee Lamb (134747-86631), WR Nico Collins (134747-91419), WR Puka Nacua (134747-103020), TE Brock Bowers (134747-151794), RB Emanuel Wilson (134747-185861), D Miami Dolphins (134747-12539)"
785,3739839810,dadler09 (18/150),180.18,"QB C.J. Stroud (134747-129471), RB Braelon Allen (134747-158412), RB Jeremiyah Love (134747-188171), WR CeeDee Lamb (134747-86631), WR Nico Collins (134747-91419), WR Puka Nacua (134747-103020), TE Brock Bowers (134747-151794), RB Emanuel Wilson (134747-185861), D Miami Dolphins (134747-12539)"
785,3739839819,dadler09 (19/150),180.18,"QB C.J. Stroud (134747-129471), RB Braelon Allen (134747-158412), RB Jeremiyah Love (134747-188171), WR CeeDee Lamb (134747-86631), WR Nico Collins (134747-91419), WR Puka Nacua (134747-103020), TE Brock Bowers (134747-151794), RB Emanuel Wilson (134747-185861), D Miami Dolphins (134747-12539)"
785,3739839828,dadler09 (20/150),180.18,"QB C.J. Stroud (134747-129471), RB Braelon Allen (134747-158412), RB Jeremiyah Love (134747-188171), WR CeeDee Lamb (134747-86631), WR Nico Collins (134747-91419), WR Puka Nacua (134747-103020), TE Brock Bowers (134747-151794), RB Emanuel Wilson (134747-185861), D Miami Dolphins (134747-12539)"
785,3739840392,dadler09 (21/150),180.18,"QB C.J. Stroud (134747-129471), RB Braelon Allen (134747-158412), RB Jeremiyah Love (134747-188171), WR CeeDee Lamb (134747-86631), WR Nico Collins (134747-91419), WR Puka Nacua (134747-103020), TE Brock Bowers (134747-151794), RB Emanuel Wilson (134747-185861), D Miami Dolphins (134747-12539)"
785,3739840400,dadler09 (22/150),180.18,"QB C.J. Stroud (134747-129471), RB Braelon Allen (134747-158412), RB Jeremiyah Love (134747-188171), WR CeeDee Lamb (134747-86631), WR Nico Collins (134747-91419), WR Puka Nacua (134747-103020), TE Brock Bowers (134747-151794), RB Emanuel Wilson (134747-185861), D Miami Dolphins (134747-12539)"
785,3739840412,dadler09 (23/150),180.18,"QB C.J. Stroud (134747-129471), RB Braelon Allen (134747-158412), RB Jeremiyah Love (134747-188171), WR CeeDee Lamb (134747-86631), WR Nico Collins (134747-91419), WR Puka Nacua (134747-103020), TE Brock Bowers (134747-151794), RB Emanuel Wilson (134747-185861), D Miami Dolphins (134747-12539)"
785,3739840425,dadler09 (24/150),180.18,"QB C.J. Stroud (134747-129471), RB Braelon Allen (134747-158412), RB Jeremiyah Love (134747-188171), WR CeeDee Lamb (134747-86631), WR Nico Collins (134747-91419), WR Puka Nacua (134747-103020), TE Brock Bowers (134747-151794), RB Emanuel Wilson (134747-185861), D Miami Dolphins (134747-12539)"
785,3739840433,dadler09 (25/150),180.18,"QB C.J. Stroud (134747-129471), RB Braelon Allen (134747-158412), RB Jeremiyah Love (134747-188171), WR CeeDee Lamb (134747-86631), WR Nico Collins (134747-91419), WR Puka Nacua (134747-103020), TE Brock Bowers (134747-151794), RB Emanuel Wilson (134747-185861), D Miami Dolphins (134747-12539)"
785,3739840445,dadler09 (26/150),180.18,"QB C.J. Stroud (134747-129471), RB Braelon Allen (134747-158412), RB Jeremiyah Love (134747-188171), WR CeeDee Lamb (134747-86631), WR Nico Collins (134747-91419), WR Puka Nacua (134747-103020), TE Brock Bowers (134747-151794), RB Emanuel Wilson (134747-185861), D Miami Dolphins (134747-12539)"
785,3739840454,dadler09 (27/150),180.18,"QB C.J. Stroud (134747-129471), RB Braelon Allen (134747-158412), RB Jeremiyah Love (134747-188171), WR CeeDee Lamb (134747-86631), WR Nico Collins (134747-91419), WR Puka Nacua (134747-103020), TE Brock Bowers (134747-151794), RB Emanuel Wilson (134747-185861), D Miami Dolphins (134747-12539)"
785,3739840461,dadler09 (28/150),180.18,"QB C.J. Stroud (134747-129471), RB Braelon Allen (134747-158412), RB Jeremiyah Love (134747-188171), WR CeeDee Lamb (134747-86631), WR Nico Collins (134747-91419), WR Puka Nacua (134747-103020), TE Brock Bowers (134747-151794), RB Emanuel Wilson (134747-185861), D Miami Dolphins (134747-12539)"
785,3739840469,dadler09 (29/150),180.18,"QB C.J. Stroud (134747-129471), RB Braelon Allen (134747-158412), RB Jeremiyah Love (134747-188171), WR CeeDee Lamb (134747-86631), WR Nico Collins (134747-91419), WR Puka Nacua (134747-103020), TE Brock Bowers (134747-151794), RB Emanuel Wilson (134747-185861), D Miami Dolphins (134747-12539)"
785,3739840476,dadler09 (30/150),180.18,"QB C.J. Stroud (134747-129471), RB Braelon Allen (134747-158412), RB Jeremiyah Love (134747-188171), WR CeeDee Lamb (134747-86631), WR Nico Collins (134747-91419), WR Puka Nacua (134747-103020), TE Brock Bowers (134747-151794), RB Emanuel Wilson (134747-185861), D Miami Dolphins (134747-12539)"
785,3739840489,dadler09 (31/150),180.18,"QB C.J. Stroud (134747-129471), RB Braelon Allen (134747-158412), RB Jeremiyah Love (134747-188171), WR CeeDee Lamb (134747-86631), WR Nico Collins (134747-91419), WR Puka Nacua (134747-103020), TE Brock Bowers (134747-151794), RB Emanuel Wilson (134747-185861), D Miami Dolphins (134747-12539)"
785,3739840495,dadler09 (32/150),180.18,"QB C.J. Stroud (134747-129471), RB Braelon Allen (134747-158412), RB Jeremiyah Love (134747-188171), WR CeeDee Lamb (134747-86631), WR Nico Collins (134747-91419), WR Puka Nacua (134747-103020), TE Brock Bowers (134747-151794), RB Emanuel Wilson (134747-185861), D Miami Dolphins (134747-12539)"
785,3739840506,dadler09 (33/150),180.18,"QB C.J. Stroud (134747-129471), RB Braelon Allen (134747-158412), RB Jeremiyah Love (134747-188171), WR CeeDee Lamb (134747-86631), WR Nico Collins (134747-91419), WR Puka Nacua (134747-103020), TE Brock Bowers (134747-151794), RB Emanuel Wilson (134747-185861), D Miami Dolphins (134747-12539)"
785,3739840514,dadler09 (34/150),180.18,"QB C.J. Stroud (134747-129471), RB Braelon Allen (134747-158412), RB Jeremiyah Love (134747-188171), WR CeeDee Lamb (134747-86631), WR Nico Collins (134747-91419), WR Puka Nacua (134747-103020), TE Brock Bowers (134747-151794), RB Emanuel Wilson (134747-185861), D Miami Dolphins (134747-12539)"
785,3739840520,dadler09 (35/150),180.18,"QB C.J. Stroud (134747-129471), RB Braelon Allen (134747-158412), RB Jeremiyah Love (134747-188171), WR CeeDee Lamb (134747-86631), WR Nico Collins (134747-91419), WR Puka Nacua (134747-103020), TE Brock Bowers (134747-151794), RB Emanuel Wilson (134747-185861), D Miami Dolphins (134747-12539)"
785,3739840529,dadler09 (36/150),180.18,"QB C.J. Stroud (134747-129471), RB Braelon Allen (134747-158412), RB Jeremiyah Love (134747-188171), WR CeeDee Lamb (134747-86631), WR Nico Collins (134747-91419), WR Puka Nacua (134747-103020), TE Brock Bowers (134747-151794), RB Emanuel Wilson (134747-185861), D Miami Dolphins (134747-12539)"
785,3739840540,dadler09 (37/150),180.18,"QB C.J. Stroud (134747-129471), RB Braelon Allen (134747-158412), RB Jeremiyah Love (134747-188171), WR CeeDee Lamb (134747-86631), WR Nico Collins (134747-91419), WR Puka Nacua (134747-103020), TE Brock Bowers (134747-151794), RB Emanuel Wilson (134747-185861), D Miami Dolphins (134747-12539)"
785,3739840548,dadler09 (38/150),180.18,"QB C.J. Stroud (134747-129471), RB Braelon Allen (134747-158412), RB Jeremiyah Love (134747-188171), WR CeeDee Lamb (134747-86631), WR Nico Collins (134747-91419), WR Puka Nacua (134747-103020), TE Brock Bowers (134747-151794), RB Emanuel Wilson (134747-185861), D Miami Dolphins (134747-12539)"
785,3739840560,dadler09 (39/150),180.18,"QB C.J. Stroud (134747-129471), RB Braelon Allen (134747-158412), RB Jeremiyah Love (134747-188171), WR CeeDee Lamb (134747-86631), WR Nico Collins (134747-91419), WR Puka Nacua (134747-103020), TE Brock Bowers (134747-151794), RB Emanuel Wilson (134747-185861), D Miami Dolphins (134747-12539)"
785,3739840578,dadler09 (40/150),180.18,"QB C.J. Stroud (134747-129471), RB Braelon Allen (134747-158412), RB Jeremiyah Love (134747-188171), WR CeeDee Lamb (134747-86631), WR Nico Collins (134747-91419), WR Puka Nacua (134747-103020), TE Brock Bowers (134747-151794), RB Emanuel Wilson (134747-185861), D Miami Dolphins (134747-12539)"
785,3739840871,dadler09 (41/150),180.18,"QB C.J. Stroud (134747-129471), RB Braelon Allen (134747-158412), RB Jeremiyah Love (134747-188171), WR CeeDee Lamb (134747-86631), WR Nico Collins (134747-91419), WR Puka Nacua (134747-103020), TE Brock Bowers (134747-151794), RB Emanuel Wilson (134747-185861), D Miami Dolphins (134747-12539)"
785,3739840879,dadler09 (42/150),180.18,"QB C.J. Stroud (134747-129471), RB Braelon Allen (134747-158412), RB Jeremiyah Love (134747-188171), WR CeeDee Lamb (134747-86631), WR Nico Collins (134747-91419), WR Puka Nacua (134747-103020), TE Brock Bowers (134747-151794), RB Emanuel Wilson (134747-185861), D Miami Dolphins (134747-12539)"
785,3739840885,dadler09 (43/150),180.18,"QB C.J. Stroud (134747-129471), RB Braelon Allen (134747-158412), RB Jeremiyah Love (134747-188171), WR CeeDee Lamb (134747-86631), WR Nico Collins (134747-91419), WR Puka Nacua (134747-103020), TE Brock Bowers (134747-151794), RB Emanuel Wilson (134747-185861), D Miami Dolphins (134747-12539)"
785,3739840888,dadler09 (44/150),180.18,"QB C.J. Stroud (134747-129471), RB Braelon Allen (134747-158412), RB Jeremiyah Love (134747-188171), WR CeeDee Lamb (134747-86631), WR Nico Collins (134747-91419), WR Puka Nacua (134747-103020), TE Brock Bowers (134747-151794), RB Emanuel Wilson (134747-185861), D Miami Dolphins (134747-12539)"
785,3739840894,dadler09 (45/150),180.18,"QB C.J. Stroud (134747-129471), RB Braelon Allen (134747-158412), RB Jeremiyah Love (134747-188171), WR CeeDee Lamb (134747-86631), WR Nico Collins (134747-91419), WR Puka Nacua (134747-103020), TE Brock Bowers (134747-151794), RB Emanuel Wilson (134747-185861), D Miami Dolphins (134747-12539)"
785,3739840896,dadler09 (46/150),180.18,"QB C.J. Stroud (134747-129471), RB Braelon Allen (134747-158412), RB Jeremiyah Love (134747-188171), WR CeeDee Lamb (134747-86631), WR Nico Collins (134747-91419), WR Puka Nacua (134747-103020), TE Brock Bowers (134747-151794), RB Emanuel Wilson (134747-185861), D Miami Dolphins (134747-12539)"
785,3739840903,dadler09 (47/150),180.18,"QB C.J. Stroud (134747-129471), RB Braelon Allen (134747-158412), RB Jeremiyah Love (134747-188171), WR CeeDee Lamb (134747-86631), WR Nico Collins (134747-91419), WR Puka Nacua (134747-103020), TE Brock Bowers (134747-151794), RB Emanuel Wilson (134747-185861), D Miami Dolphins (134747-12539)"
785,3739840911,dadler09 (48/150),180.18,"QB C.J. Stroud (134747-129471), RB Braelon Allen (134747-158412), RB Jeremiyah Love (134747-188171), WR CeeDee Lamb (134747-86631), WR Nico Collins (134747-91419), WR Puka Nacua (134747-103020), TE Brock Bowers (134747-151794), RB Emanuel Wilson (134747-185861), D Miami Dolphins (134747-12539)"
785,3739840922,dadler09 (49/150),180.18,"QB C.J. Stroud (134747-129471), RB Braelon Allen (134747-158412), RB Jeremiyah Love (134747-188171), WR CeeDee Lamb (134747-86631), WR Nico Collins (134747-91419), WR Puka Nacua (134747-103020), TE Brock Bowers (134747-151794), RB Emanuel Wilson (134747-185861), D Miami Dolphins (134747-12539)"
785,3739840927,dadler09 (50/150),180.18,"QB C.J. Stroud (134747-129471), RB Braelon Allen (134747-158412), RB Jeremiyah Love (134747-188171), WR CeeDee Lamb (134747-86631), WR Nico Collins (134747-91419), WR Puka Nacua (134747-103020), TE Brock Bowers (134747-151794), RB Emanuel Wilson (134747-185861), D Miami Dolphins (134747-12539)"
785,3739840935,dadler09 (51/150),180.18,"QB C.J. Stroud (134747-129471), RB Braelon Allen (134747-158412), RB Jeremiyah Love (134747-188171), WR CeeDee Lamb (134747-86631), WR Nico Collins (134747-91419), WR Puka Nacua (134747-103020), TE Brock Bowers (134747-151794), RB Emanuel Wilson (134747-185861), D Miami Dolphins (134747-12539)"
785,3739840941,dadler09 (52/150),180.18,"QB C.J. Stroud (134747-129471), RB Braelon Allen (134747-158412), RB Jeremiyah Love (134747-188171), WR CeeDee Lamb (134747-86631), WR Nico Collins (134747-91419), WR Puka Nacua (134747-103020), TE Brock Bowers (134747-151794), RB Emanuel Wilson (134747-185861), D Miami Dolphins (134747-12539)"
785,3739840945,dadler09 (53/150),180.18,"QB C.J. Stroud (134747-129471), RB Braelon Allen (134747-158412), RB Jeremiyah Love (134747-188171), WR CeeDee Lamb (134747-86631), WR Nico Collins (134747-91419), WR Puka Nacua (134747-103020), TE Brock Bowers (134747-151794), RB Emanuel Wilson (134747-185861), D Miami Dolphins (134747-12539)"
785,3739840953,dadler09 (54/150),180.18,"QB C.J. Stroud (134747-129471), RB Braelon Allen (134747-158412), RB Jeremiyah Love (134747-188171), WR CeeDee Lamb (134747-86631), WR Nico Collins (134747-91419), WR Puka Nacua (134747-103020), TE Brock Bowers (134747-151794), RB Emanuel Wilson (134747-185861), D Miami Dolphins (134747-12539)"
785,3739840962,dadler09 (55/150),180.18,"QB C.J. Stroud (134747-129471), RB Braelon Allen (134747-158412), RB Jeremiyah Love (134747-188171), WR CeeDee Lamb (134747-86631), WR Nico Collins (134747-91419), WR Puka Nacua (134747-103020), TE Brock Bowers (134747-151794), RB Emanuel Wilson (134747-185861), D Miami Dolphins (134747-12539)"
785,3739840965,dadler09 (56/150),180.18,"QB C.J. Stroud (134747-129471), RB Braelon Allen (134747-158412), RB Jeremiyah Love (134747-188171), WR CeeDee Lamb (134747-86631), WR Nico Collins (134747-91419), WR Puka Nacua (134747-103020), TE Brock Bowers (134747-151794), RB Emanuel Wilson (134747-185861), D Miami Dolphins (134747-12539)"
785,3739840972,dadler09 (57/150),180.18,"QB C.J. Stroud (134747-129471), RB Braelon Allen (134747-158412), RB Jeremiyah Love (134747-188171), WR CeeDee Lamb (134747-86631), WR Nico Collins (134747-91419), WR Puka Nacua (134747-103020), TE Brock Bowers (134747-151794), RB Emanuel Wilson (134747-185861), D Miami Dolphins (134747-12539)"
785,3739841008,dadler09 (58/150),180.18,"QB C.J. Stroud (134747-129471), RB Braelon Allen (134747-158412), RB Jeremiyah Love (134747-188171), WR CeeDee Lamb (134747-86631), WR Nico Collins (134747-91419), WR Puka Nacua (134747-103020), TE Brock Bowers (134747-151794), RB Emanuel Wilson (134747-185861), D Miami Dolphins (134747-12539)"
785,3739841012,dadler09 (59/150),180.18,"QB C.J. Stroud (134747-129471), RB Braelon Allen (134747-158412), RB Jeremiyah Love (134747-188171), WR CeeDee Lamb (134747-86631), WR Nico Collins (134747-91419), WR Puka Nacua (134747-103020), TE Brock Bowers (134747-151794), RB Emanuel Wilson (134747-185861), D Miami Dolphins (134747-12539)"
785,3739841019,dadler09 (60/150),180.18,"QB C.J. Stroud (134747-129471), RB Braelon Allen (134747-158412), RB Jeremiyah Love (134747-188171), WR CeeDee Lamb (134747-86631), WR Nico Collins (134747-91419), WR Puka Nacua (134747-103020), TE Brock Bowers (134747-151794), RB Emanuel Wilson (134747-185861), D Miami Dolphins (134747-12539)"
785,3739841310,dadler09 (61/150),180.18,"QB C.J. Stroud (134747-129471), RB Braelon Allen (134747-158412), RB Jeremiyah Love (134747-188171), WR CeeDee Lamb (134747-86631), WR Nico Collins (134747-91419), WR Puka Nacua (134747-103020), TE Brock Bowers (134747-151794), RB Emanuel Wilson (134747-185861), D Miami Dolphins (134747-12539)"
785,3739841318,dadler09 (62/150),180.18,"QB C.J. Stroud (134747-129471), RB Braelon Allen (134747-158412), RB Jeremiyah Love (134747-188171), WR CeeDee Lamb (134747-86631), WR Nico Collins (134747-91419), WR Puka Nacua (134747-103020), TE Brock Bowers (134747-151794), RB Emanuel Wilson (134747-185861), D Miami Dolphins (134747-12539)"
785,3739841324,dadler09 (63/150),180.18,"QB C.J. Stroud (134747-129471), RB Braelon Allen (134747-158412), RB Jeremiyah Love (134747-188171), WR CeeDee Lamb (134747-86631), WR Nico Collins (134747-91419), WR Puka Nacua (134747-103020), TE Brock Bowers (134747-151794), RB Emanuel Wilson (134747-185861), D Miami Dolphins (134747-12539)"
785,3739841331,dadler09 (64/150),180.18,"QB C.J. Stroud (134747-129471), RB Braelon Allen (134747-158412), RB Jeremiyah Love (134747-188171), WR CeeDee Lamb (134747-86631), WR Nico Collins (134747-91419), WR Puka Nacua (134747-103020), TE Brock Bowers (134747-151794), RB Emanuel Wilson (134747-185861), D Miami Dolphins (134747-12539)"
785,3739841337,dadler09 (65/150),180.18,"QB C.J. Stroud (134747-129471), RB Braelon Allen (134747-158412), RB Jeremiyah Love (134747-188171), WR CeeDee Lamb (134747-86631), WR Nico Collins (134747-91419), WR Puka Nacua (134747-103020), TE Brock Bowers (134747-151794), RB Emanuel Wilson (134747-185861), D Miami Dolphins (134747-12539)"
785,3739841342,dadler09 (66/150),180.18,"QB C.J. Stroud (134747-129471), RB Braelon Allen (134747-158412), RB Jeremiyah Love (134747-188171), WR CeeDee Lamb (134747-86631), WR Nico Collins (134747-91419), WR Puka Nacua (134747-103020), TE Brock Bowers (134747-151794), RB Emanuel Wilson (134747-185861), D Miami Dolphins (134747-12539)"
785,3739841346,dadler09 (67/150),180.18,"QB C.J. Stroud (134747-129471), RB Braelon Allen (134747-158412), RB Jeremiyah Love (134747-188171), WR CeeDee Lamb (134747-86631), WR Nico Collins (134747-91419), WR Puka Nacua (134747-103020), TE Brock Bowers (134747-151794), RB Emanuel Wilson (134747-185861), D Miami Dolphins (134747-12539)"
785,3739841354,dadler09 (68/150),180.18,"QB C.J. Stroud (134747-129471), RB Braelon Allen (134747-158412), RB Jeremiyah Love (134747-188171), WR CeeDee Lamb (134747-86631), WR Nico Collins (134747-91419), WR Puka Nacua (134747-103020), TE Brock Bowers (134747-151794), RB Emanuel Wilson (134747-185861), D Miami Dolphins (134747-12539)"
785,3739841360,dadler09 (69/150),180.18,"QB C.J. Stroud (134747-129471), RB Braelon Allen (134747-158412), RB Jeremiyah Love (134747-188171), WR CeeDee Lamb (134747-86631), WR Nico Collins (134747-91419), WR Puka Nacua (134747-103020), TE Brock Bowers (134747-151794), RB Emanuel Wilson (134747-185861), D Miami Dolphins (134747-12539)"
785,3739841365,dadler09 (70/150),180.18,"QB C.J. Stroud (134747-129471), RB Braelon Allen (134747-158412), RB Jeremiyah Love (134747-188171), WR CeeDee Lamb (134747-86631), WR Nico Collins (134747-91419), WR Puka Nacua (134747-103020), TE Brock Bowers (134747-151794), RB Emanuel Wilson (134747-185861), D Miami Dolphins (134747-12539)"
785,3739841374,dadler09 (71/150),180.18,"QB C.J. Stroud (134747-129471), RB Braelon Allen (134747-158412), RB Jeremiyah Love (134747-188171), WR CeeDee Lamb (134747-86631), WR Nico Collins (134747-91419), WR Puka Nacua (134747-103020), TE Brock Bowers (134747-151794), RB Emanuel Wilson (134747-185861), D Miami Dolphins (134747-12539)"
785,3739841380,dadler09 (72/150),180.18,"QB C.J. Stroud (134747-129471), RB Braelon Allen (134747-158412), RB Jeremiyah Love (134747-188171), WR CeeDee Lamb (134747-86631), WR Nico Collins (134747-91419), WR Puka Nacua (134747-103020), TE Brock Bowers (134747-151794), RB Emanuel Wilson (134747-185861), D Miami Dolphins (134747-12539)"
785,3739841392,dadler09 (73/150),180.18,"QB C.J. Stroud (134747-129471), RB Braelon Allen (134747-158412), RB Jeremiyah Love (134747-188171), WR CeeDee Lamb (134747-86631), WR Nico Collins (134747-91419), WR Puka Nacua (134747-103020), TE Brock Bowers (134747-151794), RB Emanuel Wilson (134747-185861), D Miami Dolphins (134747-12539)"
785,3739841404,dadler09 (74/150),180.18,"QB C.J. Stroud (134747-129471), RB Braelon Allen (134747-158412), RB Jeremiyah Love (134747-188171), WR CeeDee Lamb (134747-86631), WR Nico Collins (134747-91419), WR Puka Nacua (134747-103020), TE Brock Bowers (134747-151794), RB Emanuel Wilson (134747-185861), D Miami Dolphins (134747-12539)"
785,3739841409,dadler09 (75/150),180.18,"QB C.J. Stroud (134747-129471), RB Braelon Allen (134747-158412), RB Jeremiyah Love (134747-188171), WR CeeDee Lamb (134747-86631), WR Nico Collins (134747-91419), WR Puka Nacua (134747-103020), TE Brock Bowers (134747-151794), RB Emanuel Wilson (134747-185861), D Miami Dolphins (134747-12539)"
785,3739841415,dadler09 (76/150),180.18,"QB C.J. Stroud (134747-129471), RB Braelon Allen (134747-158412), RB Jeremiyah Love (134747-188171), WR CeeDee Lamb (134747-86631), WR Nico Collins (134747-91419), WR Puka Nacua (134747-103020), TE Brock Bowers (134747-151794), RB Emanuel Wilson (134747-185861), D Miami Dolphins (134747-12539)"
785,3739841423,dadler09 (77/150),180.18,"QB C.J. Stroud (134747-129471), RB Braelon Allen (134747-158412), RB Jeremiyah Love (134747-188171), WR CeeDee Lamb (134747-86631), WR Nico Collins (134747-91419), WR Puka Nacua (134747-103020), TE Brock Bowers (134747-151794), RB Emanuel Wilson (134747-185861), D Miami Dolphins (134747-12539)"
785,3739841430,dadler09 (78/150),180.18,"QB C.J. Stroud (134747-129471), RB Braelon Allen (134747-158412), RB Jeremiyah Love (134747-188171), WR CeeDee Lamb (134747-86631), WR Nico Collins (134747-91419), WR Puka Nacua (134747-103020), TE Brock Bowers (134747-151794), RB Emanuel Wilson (134747-185861), D Miami Dolphins (134747-12539)"
785,3739841440,dadler09 (79/150),180.18,"QB C.J. Stroud (134747-129471), RB Braelon Allen (134747-158412), RB Jeremiyah Love (134747-188171), WR CeeDee Lamb (134747-86631), WR Nico Collins (134747-91419), WR Puka Nacua (134747-103020), TE Brock Bowers (134747-151794), RB Emanuel Wilson (134747-185861), D Miami Dolphins (134747-12539)"
785,3739841443,dadler09 (80/150),180.18,"QB C.J. Stroud (134747-129471), RB Braelon Allen (134747-158412), RB Jeremiyah Love (134747-188171), WR CeeDee Lamb (134747-86631), WR Nico Collins (134747-91419), WR Puka Nacua (134747-103020), TE Brock Bowers (134747-151794), RB Emanuel Wilson (134747-185861), D Miami Dolphins (134747-12539)"
785,3739846741,dadler09 (101/150),180.18,"QB C.J. Stroud (134747-129471), RB Braelon Allen (134747-158412), RB Jeremiyah Love (134747-188171), WR CeeDee Lamb (134747-86631), WR Nico Collins (134747-91419), WR Puka Nacua (134747-103020), TE Brock Bowers (134747-151794), RB Emanuel Wilson (134747-185861), D Miami Dolphins (134747-12539)"
785,3739846749,dadler09 (102/150),180.18,"QB C.J. Stroud (134747-129471), RB Braelon Allen (134747-158412), RB Jeremiyah Love (134747-188171), WR CeeDee Lamb (134747-86631), WR Nico Collins (134747-91419), WR Puka Nacua (134747-103020), TE Brock Bowers (134747-151794), RB Emanuel Wilson (134747-185861), D Miami Dolphins (134747-12539)"
785,3739846759,dadler09 (103/150),180.18,"QB C.J. Stroud (134747-129471), RB Braelon Allen (134747-158412), RB Jeremiyah Love (134747-188171), WR CeeDee Lamb (134747-86631), WR Nico Collins (134747-91419), WR Puka Nacua (134747-103020), TE Brock Bowers (134747-151794), RB Emanuel Wilson (134747-185861), D Miami Dolphins (134747-12539)"
785,3739846772,dadler09 (104/150),180.18,"QB C.J. Stroud (134747-129471), RB Braelon Allen (134747-158412), RB Jeremiyah Love (134747-188171), WR CeeDee Lamb (134747-86631), WR Nico Collins (134747-91419), WR Puka Nacua (134747-103020), TE Brock Bowers (134747-151794), RB Emanuel Wilson (134747-185861), D Miami Dolphins (134747-12539)"
785,3739846785,dadler09 (105/150),180.18,"QB C.J. Stroud (134747-129471), RB Braelon Allen (134747-158412), RB Jeremiyah Love (134747-188171), WR CeeDee Lamb (134747-86631), WR Nico Collins (134747-91419), WR Puka Nacua (134747-103020), TE Brock Bowers (134747-151794), RB Emanuel Wilson (134747-185861), D Miami Dolphins (134747-12539)"
785,3739846797,dadler09 (106/150),180.18,"QB C.J. Stroud (134747-129471), RB Braelon Allen (134747-158412), RB Jeremiyah Love (134747-188171), WR CeeDee Lamb (134747-86631), WR Nico Collins (134747-91419), WR Puka Nacua (134747-103020), TE Brock Bowers (134747-151794), RB Emanuel Wilson (134747-185861), D Miami Dolphins (134747-12539)"
785,3739846805,dadler09 (107/150),180.18,"QB C.J. Stroud (134747-129471), RB Braelon Allen (134747-158412), RB Jeremiyah Love (134747-188171), WR CeeDee Lamb (134747-86631), WR Nico Collins (134747-91419), WR Puka Nacua (134747-103020), TE Brock Bowers (134747-151794), RB Emanuel Wilson (134747-185861), D Miami Dolphins (134747-12539)"
785,3739846812,dadler09 (108/150),180.18,"QB C.J. Stroud (134747-129471), RB Braelon Allen (134747-158412), RB Jeremiyah Love (134747-188171), WR CeeDee Lamb (134747-86631), WR Nico Collins (134747-91419), WR Puka Nacua (134747-103020), TE Brock Bowers (134747-151794), RB Emanuel Wilson (134747-185861), D Miami Dolphins (134747-12539)"
785,3739846825,dadler09 (109/150),180.18,"QB C.J. Stroud (134747-129471), RB Braelon Allen (134747-158412), RB Jeremiyah Love (134747-188171), WR CeeDee Lamb (134747-86631), WR Nico Collins (134747-91419), WR Puka Nacua (134747-103020), TE Brock Bowers (134747-151794), RB Emanuel Wilson (134747-185861), D Miami Dolphins (134747-12539)"
785,3739846834,dadler09 (110/150),180.18,"QB C.J. Stroud (134747-129471), RB Braelon Allen (134747-158412), RB Jeremiyah Love (134747-188171), WR CeeDee Lamb (134747-86631), WR Nico Collins (134747-91419), WR Puka Nacua (134747-103020), TE Brock Bowers (134747-151794), RB Emanuel Wilson (134747-185861), D Miami Dolphins (134747-12539)"
785,3739846848,dadler09 (111/150),180.18,"QB C.J. Stroud (134747-129471), RB Braelon Allen (134747-158412), RB Jeremiyah Love (134747-188171), WR CeeDee Lamb (134747-86631), WR Nico Collins (134747-91419), WR Puka Nacua (134747-103020), TE Brock Bowers (134747-151794), RB Emanuel Wilson (134747-185861), D Miami Dolphins (134747-12539)"
785,3739846859,dadler09 (112/150),180.18,"QB C.J. Stroud (134747-129471), RB Braelon Allen (134747-158412), RB Jeremiyah Love (134747-188171), WR CeeDee Lamb (134747-86631), WR Nico Collins (134747-91419), WR Puka Nacua (134747-103020), TE Brock Bowers (134747-151794), RB Emanuel Wilson (134747-185861), D Miami Dolphins (134747-12539)"
785,3739846888,dadler09 (113/150),180.18,"QB C.J. Stroud (134747-129471), RB Braelon Allen (134747-158412), RB Jeremiyah Love (134747-188171), WR CeeDee Lamb (134747-86631), WR Nico Collins (134747-91419), WR Puka Nacua (134747-103020), TE Brock Bowers (134747-151794), RB Emanuel Wilson (134747-185861), D Miami Dolphins (134747-12539)"
785,3739846895,dadler09 (114/150),180.18,"QB C.J. Stroud (134747-129471), RB Braelon Allen (134747-158412), RB Jeremiyah Love (134747-188171), WR CeeDee Lamb (134747-86631), WR Nico Collins (134747-91419), WR Puka Nacua (134747-103020), TE Brock Bowers (134747-151794), RB Emanuel Wilson (134747-185861), D Miami Dolphins (134747-12539)"
785,3739846901,dadler09 (115/150),180.18,"QB C.J. Stroud (134747-129471), RB Braelon Allen (134747-158412), RB Jeremiyah Love (134747-188171), WR CeeDee Lamb (134747-86631), WR Nico Collins (134747-91419), WR Puka Nacua (134747-103020), TE Brock Bowers (134747-151794), RB Emanuel Wilson (134747-185861), D Miami Dolphins (134747-12539)"
785,3739846910,dadler09 (116/150),180.18,"QB C.J. Stroud (134747-129471), RB Braelon Allen (134747-158412), RB Jeremiyah Love (134747-188171), WR CeeDee Lamb (134747-86631), WR Nico Collins (134747-91419), WR Puka Nacua (134747-103020), TE Brock Bowers (134747-151794), RB Emanuel Wilson (134747-185861), D Miami Dolphins (134747-12539)"
785,3739846919,dadler09 (117/150),180.18,"QB C.J. Stroud (134747-129471), RB Braelon Allen (134747-158412), RB Jeremiyah Love (134747-188171), WR CeeDee Lamb (134747-86631), WR Nico Collins (134747-91419), WR Puka Nacua (134747-103020), TE Brock Bowers (134747-151794), RB Emanuel Wilson (134747-185861), D Miami Dolphins (134747-12539)"
785,3739846925,dadler09 (118/150),180.18,"QB C.J. Stroud (134747-129471), RB Braelon Allen (134747-158412), RB Jeremiyah Love (134747-188171), WR CeeDee Lamb (134747-86631), WR Nico Collins (134747-91419), WR Puka Nacua (134747-103020), TE Brock Bowers (134747-151794), RB Emanuel Wilson (134747-185861), D Miami Dolphins (134747-12539)"
785,3739846936,dadler09 (119/150),180.18,"QB C.J. Stroud (134747-129471), RB Braelon Allen (134747-158412), RB Jeremiyah Love (134747-188171), WR CeeDee Lamb (134747-86631), WR Nico Collins (134747-91419), WR Puka Nacua (134747-103020), TE Brock Bowers (134747-151794), RB Emanuel Wilson (134747-185861), D Miami Dolphins (134747-12539)"
785,3739846945,dadler09 (120/150),180.18,"QB C.J. Stroud (134747-129471), RB Braelon Allen (134747-158412), RB Jeremiyah Love (134747-188171), WR CeeDee Lamb (134747-86631), WR Nico Collins (134747-91419), WR Puka Nacua (134747-103020), TE Brock Bowers (134747-151794), RB Emanuel Wilson (134747-185861), D Miami Dolphins (134747-12539)"
785,3739847459,dadler09 (121/150),180.18,"QB C.J. Stroud (134747-129471), RB Braelon Allen (134747-158412), RB Jeremiyah Love (134747-188171), WR CeeDee Lamb (134747-86631), WR Nico Collins (134747-91419), WR Puka Nacua (134747-103020), TE Brock Bowers (134747-151794), RB Emanuel Wilson (134747-185861), D Miami Dolphins (134747-12539)"
785,3739847466,dadler09 (122/150),180.18,"QB C.J. Stroud (134747-129471), RB Braelon Allen (134747-158412), RB Jeremiyah Love (134747-188171), WR CeeDee Lamb (134747-86631), WR Nico Collins (134747-91419), WR Puka Nacua (134747-103020), TE Brock Bowers (134747-151794), RB Emanuel Wilson (134747-185861), D Miami Dolphins (134747-12539)"
785,3739847479,dadler09 (123/150),180.18,"QB C.J. Stroud (134747-129471), RB Braelon Allen (134747-158412), RB Jeremiyah Love (134747-188171), WR CeeDee Lamb (134747-86631), WR Nico Collins (134747-91419), WR Puka Nacua (134747-103020), TE Brock Bowers (134747-151794), RB Emanuel Wilson (134747-185861), D Miami Dolphins (134747-12539)"
785,3739847490,dadler09 (124/150),180.18,"QB C.J. Stroud (134747-129471), RB Braelon Allen (134747-158412), RB Jeremiyah Love (134747-188171), WR CeeDee Lamb (134747-86631), WR Nico Collins (134747-91419), WR Puka Nacua (134747-103020), TE Brock Bowers (134747-151794), RB Emanuel Wilson (134747-185861), D Miami Dolphins (134747-12539)"
785,3739847493,dadler09 (125/150),180.18,"QB C.J. Stroud (134747-129471), RB Braelon Allen (134747-158412), RB Jeremiyah Love (134747-188171), WR CeeDee Lamb (134747-86631), WR Nico Collins (134747-91419), WR Puka Nacua (134747-103020), TE Brock Bowers (134747-151794), RB Emanuel Wilson (134747-185861), D Miami Dolphins (134747-12539)"
785,3739847506,dadler09 (126/150),180.18,"QB C.J. Stroud (134747-129471), RB Braelon Allen (134747-158412), RB Jeremiyah Love (134747-188171), WR CeeDee Lamb (134747-86631), WR Nico Collins (134747-91419), WR Puka Nacua (134747-103020), TE Brock Bowers (134747-151794), RB Emanuel Wilson (134747-185861), D Miami Dolphins (134747-12539)"
785,3739847514,dadler09 (127/150),180.18,"QB C.J. Stroud (134747-129471), RB Braelon Allen (134747-158412), RB Jeremiyah Love (134747-188171), WR CeeDee Lamb (134747-86631), WR Nico Collins (134747-91419), WR Puka Nacua (134747-103020), TE Brock Bowers (134747-151794), RB Emanuel Wilson (134747-185861), D Miami Dolphins (134747-12539)"
785,3739847526,dadler09 (128/150),180.18,"QB C.J. Stroud (134747-129471), RB Braelon Allen (134747-158412), RB Jeremiyah Love (134747-188171), WR CeeDee Lamb (134747-86631), WR Nico Collins (134747-91419), WR Puka Nacua (134747-103020), TE Brock Bowers (134747-151794), RB Emanuel Wilson (134747-185861), D Miami Dolphins (134747-12539)"
785,3739847538,dadler09 (129/150),180.18,"QB C.J. Stroud (134747-129471), RB Braelon Allen (134747-158412), RB Jeremiyah Love (134747-188171), WR CeeDee Lamb (134747-86631), WR Nico Collins (134747-91419), WR Puka Nacua (134747-103020), TE Brock Bowers (134747-151794), RB Emanuel Wilson (134747-185861), D Miami Dolphins (134747-12539)"
785,3739847541,dadler09 (130/150),180.18,"QB C.J. Stroud (134747-129471), RB Braelon Allen (134747-158412), RB Jeremiyah Love (134747-188171), WR CeeDee Lamb (134747-86631), WR Nico Collins (134747-91419), WR Puka Nacua (134747-103020), TE Brock Bowers (134747-151794), RB Emanuel Wilson (134747-185861), D Miami Dolphins (134747-12539)"
785,3739847547,dadler09 (131/150),180.18,"QB C.J. Stroud (134747-129471), RB Braelon Allen (134747-158412), RB Jeremiyah Love (134747-188171), WR CeeDee Lamb (134747-86631), WR Nico Collins (134747-91419), WR Puka Nacua (134747-103020), TE Brock Bowers (134747-151794), RB Emanuel Wilson (134747-185861), D Miami Dolphins (134747-12539)"
785,3739847560,dadler09 (132/150),180.18,"QB C.J. Stroud (134747-129471), RB Braelon Allen (134747-158412), RB Jeremiyah Love (134747-188171), WR CeeDee Lamb (134747-86631), WR Nico Collins (134747-91419), WR Puka Nacua (134747-103020), TE Brock Bowers (134747-151794), RB Emanuel Wilson (134747-185861), D Miami Dolphins (134747-12539)"
785,3739847571,dadler09 (133/150),180.18,"QB C.J. Stroud (134747-129471), RB Braelon Allen (134747-158412), RB Jeremiyah Love (134747-188171), WR CeeDee Lamb (134747-86631), WR Nico Collins (134747-91419), WR Puka Nacua (134747-103020), TE Brock Bowers (134747-151794), RB Emanuel Wilson (134747-185861), D Miami Dolphins (134747-12539)"
785,3739847581,dadler09 (134/150),180.18,"QB C.J. Stroud (134747-129471), RB Braelon Allen (134747-158412), RB Jeremiyah Love (134747-188171), WR CeeDee Lamb (134747-86631), WR Nico Collins (134747-91419), WR Puka Nacua (134747-103020), TE Brock Bowers (134747-151794), RB Emanuel Wilson (134747-185861), D Miami Dolphins (134747-12539)"
785,3739847590,dadler09 (135/150),180.18,"QB C.J. Stroud (134747-129471), RB Braelon Allen (134747-158412), RB Jeremiyah Love (134747-188171), WR CeeDee Lamb (134747-86631), WR Nico Collins (134747-91419), WR Puka Nacua (134747-103020), TE Brock Bowers (134747-151794), RB Emanuel Wilson (134747-185861), D Miami Dolphins (134747-12539)"
785,3739847603,dadler09 (136/150),180.18,"QB C.J. Stroud (134747-129471), RB Braelon Allen (134747-158412), RB Jeremiyah Love (134747-188171), WR CeeDee Lamb (134747-86631), WR Nico Collins (134747-91419), WR Puka Nacua (134747-103020), TE Brock Bowers (134747-151794), RB Emanuel Wilson (134747-185861), D Miami Dolphins (134747-12539)"
785,3739847616,dadler09 (137/150),180.18,"QB C.J. Stroud (134747-129471), RB Braelon Allen (134747-158412), RB Jeremiyah Love (134747-188171), WR CeeDee Lamb (134747-86631), WR Nico Collins (134747-91419), WR Puka Nacua (134747-103020), TE Brock Bowers (134747-151794), RB Emanuel Wilson (134747-185861), D Miami Dolphins (134747-12539)"
785,3739847627,dadler09 (138/150),180.18,"QB C.J. Stroud (134747-129471), RB Braelon Allen (134747-158412), RB Jeremiyah Love (134747-188171), WR CeeDee Lamb (134747-86631), WR Nico Collins (134747-91419), WR Puka Nacua (134747-103020), TE Brock Bowers (134747-151794), RB Emanuel Wilson (134747-185861), D Miami Dolphins (134747-12539)"
785,3739847639,dadler09 (139/150),180.18,"QB C.J. Stroud (134747-129471), RB Braelon Allen (134747-158412), RB Jeremiyah Love (134747-188171), WR CeeDee Lamb (134747-86631), WR Nico Collins (134747-91419), WR Puka Nacua (134747-103020), TE Brock Bowers (134747-151794), RB Emanuel Wilson (134747-185861), D Miami Dolphins (134747-12539)"
785,3739847642,dadler09 (140/150),180.18,"QB C.J. Stroud (134747-129471), RB Braelon Allen (134747-158412), RB Jeremiyah Love (134747-188171), WR CeeDee Lamb (134747-86631), WR Nico Collins (134747-91419), WR Puka Nacua (134747-103020), TE Brock Bowers (134747-151794), RB Emanuel Wilson (134747-185861), D Miami Dolphins (134747-12539)"
785,3739849335,dadler09 (141/150),180.18,"QB C.J. Stroud (134747-129471), RB Braelon Allen (134747-158412), RB Jeremiyah Love (134747-188171), WR CeeDee Lamb (134747-86631), WR Nico Collins (134747-91419), WR Puka Nacua (134747-103020), TE Brock Bowers (134747-151794), RB Emanuel Wilson (134747-185861), D Miami Dolphins (134747-12539)"
785,3739849342,dadler09 (142/150),180.18,"QB C.J. Stroud (134747-129471), RB Braelon Allen (134747-158412), RB Jeremiyah Love (134747-188171), WR CeeDee Lamb (134747-86631), WR Nico Collins (134747-91419), WR Puka Nacua (134747-103020), TE Brock Bowers (134747-151794), RB Emanuel Wilson (134747-185861), D Miami Dolphins (134747-12539)"
785,3739849348,dadler09 (143/150),180.18,"QB C.J. Stroud (134747-129471), RB Braelon Allen (134747-158412), RB Jeremiyah Love (134747-188171), WR CeeDee Lamb (134747-86631), WR Nico Collins (134747-91419), WR Puka Nacua (134747-103020), TE Brock Bowers (134747-151794), RB Emanuel Wilson (134747-185861), D Miami Dolphins (134747-12539)"
785,3739849361,dadler09 (144/150),180.18,"QB C.J. Stroud (134747-129471), RB Braelon Allen (134747-158412), RB Jeremiyah Love (134747-188171), WR CeeDee Lamb (134747-86631), WR Nico Collins (134747-91419), WR Puka Nacua (134747-103020), TE Brock Bowers (134747-151794), RB Emanuel Wilson (134747-185861), D Miami Dolphins (134747-12539)"
785,3739849366,dadler09 (145/150),180.18,"QB C.J. Stroud (134747-129471), RB Braelon Allen (134747-158412), RB Jeremiyah Love (134747-188171), WR CeeDee Lamb (134747-86631), WR Nico Collins (134747-91419), WR Puka Nacua (134747-103020), TE Brock Bowers (134747-151794), RB Emanuel Wilson (134747-185861), D Miami Dolphins (134747-12539)"
785,3739849373,dadler09 (146/150),180.18,"QB C.J. Stroud (134747-129471), RB Braelon Allen (134747-158412), RB Jeremiyah Love (134747-188171), WR CeeDee Lamb (134747-86631), WR Nico Collins (134747-91419), WR Puka Nacua (134747-103020), TE Brock Bowers (134747-151794), RB Emanuel Wilson (134747-185861), D Miami Dolphins (134747-12539)"
785,3739849379,dadler09 (147/150),180.18,"QB C.J. Stroud (134747-129471), RB Braelon Allen (134747-158412), RB Jeremiyah Love (134747-188171), WR CeeDee Lamb (134747-86631), WR Nico Collins (134747-91419), WR Puka Nacua (134747-103020), TE Brock Bowers (134747-151794), RB Emanuel Wilson (134747-185861), D Miami Dolphins (134747-12539)"
785,3739849381,dadler09 (148/150),180.18,"QB C.J. Stroud (134747-129471), RB Braelon Allen (134747-158412), RB Jeremiyah Love (134747-188171), WR CeeDee Lamb (134747-86631), WR Nico Collins (134747-91419), WR Puka Nacua (134747-103020), TE Brock Bowers (134747-151794), RB Emanuel Wilson (134747-185861), D Miami Dolphins (134747-12539)"
785,3739849387,dadler09 (149/150),180.18,"QB C.J. Stroud (134747-129471), RB Braelon Allen (134747-158412), RB Jeremiyah Love (134747-188171), WR CeeDee Lamb (134747-86631), WR Nico Collins (134747-91419), WR Puka Nacua (134747-103020), TE Brock Bowers (134747-151794), RB Emanuel Wilson (134747-185861), D Miami Dolphins (134747-12539)"
785,3739849394,dadler09 (150/150),180.18,"QB C.J. Stroud (134747-129471), RB Braelon Allen (134747-158412), RB Jeremiyah Love (134747-188171), WR CeeDee Lamb (134747-86631), WR Nico Collins (134747-91419), WR Puka Nacua (134747-103020), TE Brock Bowers (134747-151794), RB Emanuel Wilson (134747-185861), D Miami Dolphins (134747-12539)"
785,3739643513,blades1214 (55/150),180.18,"QB C.J. Stroud (134747-129471), RB Emanuel Wilson (134747-185861), RB Kenneth Walker III (134747-103342), WR Matthew Golden (134747-166916), WR Wan'Dale Robinson (134747-103539), WR Nico Collins (134747-91419), TE Brock Bowers (134747-151794), RB Ashton Jeanty (134747-167031), D Seattle Seahawks (134747-12550)"
916,3738131605,gmckay (93/150),180.14,"QB Jacoby Brissett (134747-30231), RB Aaron Jones Sr. (134747-40442), RB Jeremiyah Love (134747-188171), WR Michael Wilson (134747-89612), WR Nico Collins (134747-91419), WR CeeDee Lamb (134747-86631), TE T.J. Hockenson (134747-71706), RB Kenneth Walker III (134747-103342), D Seattle Seahawks (134747-12550)"
917,3738497693,nmondor (49/150),180.1,"QB Dak Prescott (134747-31716), RB Aaron Jones Sr. (134747-40442), RB J.K. Dobbins (134747-87787), WR CeeDee Lamb (134747-86631), WR Zay Flowers (134747-112295), WR Nico Collins (134747-91419), TE Brock Bowers (134747-151794), RB Emanuel Wilson (134747-185861), D Los Angeles Chargers (134747-12548)"
917,3738653750,rowdyweyler (115/150),180.1,"QB Dak Prescott (134747-31716), RB Braelon Allen (134747-158412), RB Derrick Henry (134747-39280), WR Zay Flowers (134747-112295), WR CeeDee Lamb (134747-86631), WR Nico Collins (134747-91419), TE Isaiah Likely (134747-87260), TE T.J. Hockenson (134747-71706), D New York Giants (134747-12543)"
919,3738845424,jeffylube (89/150),180.08,"QB C.J. Stroud (134747-129471), RB Jeremiyah Love (134747-188171), RB Javonte Williams (134747-93541), WR Zay Flowers (134747-112295), WR Malik Nabers (134747-151761), WR Nico Collins (134747-91419), TE Travis Kelce (134747-33076), RB Kenneth Walker III (134747-103342), D New York Jets (134747-12544)"
919,3739447129,hugepizzamakers (36/150),180.08,"QB C.J. Stroud (134747-129471), RB Braelon Allen (134747-158412), RB Aaron Jones Sr. (134747-40442), WR Luther Burden III (134747-166092), WR Nico Collins (134747-91419), WR CeeDee Lamb (134747-86631), TE Brock Bowers (134747-151794), RB Kenneth Walker III (134747-103342), D Tampa Bay Buccaneers (134747-12551)"
919,3738170383,rubbsy (40/150),180.08,"QB C.J. Stroud (134747-129471), RB Kenneth Walker III (134747-103342), RB Aaron Jones Sr. (134747-40442), WR Jaxon Smith-Njigba (134747-129458), WR Nico Collins (134747-91419), WR Zay Flowers (134747-112295), TE Isaiah Likely (134747-87260), RB Emanuel Wilson (134747-185861), D Tampa Bay Buccaneers (134747-12551)"
919,3739638701,jesse2jacked (82/150),180.08,"QB C.J. Stroud (134747-129471), RB Javonte Williams (134747-93541), RB Jeremiyah Love (134747-188171), WR Nico Collins (134747-91419), WR Zay Flowers (134747-112295), WR Michael Wilson (134747-89612), TE Brock Bowers (134747-151794), RB Emanuel Wilson (134747-185861), D Minnesota Vikings (134747-12540)"
919,3739409351,thecowboys77 (147/150),180.08,"QB C.J. Stroud (134747-129471), RB Aaron Jones Sr. (134747-40442), RB Javonte Williams (134747-93541), WR Nico Collins (134747-91419), WR Zay Flowers (134747-112295), WR Christian Watson (134747-169776), TE Hunter Henry (134747-40845), RB Kenneth Walker III (134747-103342), D Chicago Bears (134747-12527)"
919,3739630018,fortunesformula (19/19),180.08,"QB C.J. Stroud (134747-129471), RB Bhayshul Tuten (134747-160620), RB Kenneth Walker III (134747-103342), WR Nico Collins (134747-91419), WR Malik Nabers (134747-151761), WR CeeDee Lamb (134747-86631), TE Mark Andrews (134747-52436), RB Jeremiyah Love (134747-188171), D Los Angeles Chargers (134747-12548)"
919,3738728787,wheezymoney (1/1),180.08,"QB C.J. Stroud (134747-129471), RB Braelon Allen (134747-158412), RB Aaron Jones Sr. (134747-40442), WR Nico Collins (134747-91419), WR CeeDee Lamb (134747-86631), WR Luther Burden III (134747-166092), TE Brock Bowers (134747-151794), RB Kenneth Walker III (134747-103342), D Tampa Bay Buccaneers (134747-12551)"
919,3739726213,gatedivisons (7/150),180.08,"QB C.J. Stroud (134747-129471), RB Kenneth Walker III (134747-103342), RB Emanuel Wilson (134747-185861), WR Zay Flowers (134747-112295), WR Xavier Hutchinson (134747-119788), WR CeeDee Lamb (134747-86631), TE Trey McBride (134747-91750), RB Aaron Jones Sr. (134747-40442), D Chicago Bears (134747-12527)"
919,3738589988,ezilodi (30/150),180.08,"QB C.J. Stroud (134747-129471), RB James Cook III (134747-91626), RB Kenneth Walker III (134747-103342), WR Nico Collins (134747-91419), WR Carnell Tate (134747-183756), WR Zay Flowers (134747-112295), TE George Kittle (134747-39793), WR Matthew Golden (134747-166916), D Miami Dolphins (134747-12539)"
919,3739379765,piechowiak23 (147/150),180.08,"QB C.J. Stroud (134747-129471), RB Braelon Allen (134747-158412), RB Aaron Jones Sr. (134747-40442), WR Luther Burden III (134747-166092), WR Nico Collins (134747-91419), WR CeeDee Lamb (134747-86631), TE Brock Bowers (134747-151794), RB Kenneth Walker III (134747-103342), D Tampa Bay Buccaneers (134747-12551)"
929,3737909576,matthewsievert (1/1),180.06,"QB Drake Maye (134747-152316), RB Kenneth Walker III (134747-103342), RB Aaron Jones Sr. (134747-40442), WR Zay Flowers (134747-112295), WR Tee Higgins (134747-89981), WR Michael Wilson (134747-89612), TE Dalton Schultz (134747-55042), WR CeeDee Lamb (134747-86631), D Tampa Bay Buccaneers (134747-12551)"
930,3738996164,turibes (48/150),180.02,"QB Joe Burrow (134747-63336), RB Javonte Williams (134747-93541), RB Aaron Jones Sr. (134747-40442), WR CeeDee Lamb (134747-86631), WR Tee Higgins (134747-89981), WR Garrett Wilson (134747-103564), TE Brenton Strange (134747-103587), RB Emanuel Wilson (134747-185861), D New England Patriots (134747-12541)"
931,3737018774,davidarussellii (6/9),179.98,"QB Jordan Love (134747-69017), RB Aaron Jones Sr. (134747-40442), RB Kenneth Walker III (134747-103342), WR Nico Collins (134747-91419), WR Matthew Golden (134747-166916), WR Romeo Doubs (134747-94370), TE Brock Bowers (134747-151794), WR Zay Flowers (134747-112295), D New York Giants (134747-12543)"
931,3738223665,jsixxx (51/150),179.98,"QB C.J. Stroud (134747-129471), RB Kenneth Walker III (134747-103342), RB Aaron Jones Sr. (134747-40442), WR Zay Flowers (134747-112295), WR Michael Wilson (134747-89612), WR Nico Collins (134747-91419), TE Brock Bowers (134747-151794), TE George Kittle (134747-39793), D Tampa Bay Buccaneers (134747-12551)"
931,3737340426,bbdub27 (119/150),179.98,"QB Lamar Jackson (134747-63115), RB Kenneth Walker III (134747-103342), RB Javonte Williams (134747-93541), WR Nico Collins (134747-91419), WR Zay Flowers (134747-112295), WR Christian Watson (134747-169776), TE Mark Andrews (134747-52436), TE T.J. Hockenson (134747-71706), D New York Jets (134747-12544)"
931,3739452586,atorres0306 (2/10),179.98,"QB C.J. Stroud (134747-129471), RB Aaron Jones Sr. (134747-40442), RB Braelon Allen (134747-158412), WR Malik Nabers (134747-151761), WR Nico Collins (134747-91419), WR Puka Nacua (134747-103020), TE Dalton Schultz (134747-55042), WR CeeDee Lamb (134747-86631), D New York Giants (134747-12543)"
935,3739512677,joeps17 (81/150),179.96,"QB Drake Maye (134747-152316), RB Ashton Jeanty (134747-167031), RB Kenneth Walker III (134747-103342), WR Mack Hollins (134747-25267), WR Nico Collins (134747-91419), WR CeeDee Lamb (134747-86631), TE T.J. Hockenson (134747-71706), TE Travis Kelce (134747-33076), D Chicago Bears (134747-12527)"
936,3739534069,dblunt11 (22/150),179.9,"QB Kirk Cousins (134747-22038), RB Emanuel Wilson (134747-185861), RB Kenneth Walker III (134747-103342), WR Dontayvion Wicks (134747-110457), WR Malik Nabers (134747-151761), WR CeeDee Lamb (134747-86631), TE Brock Bowers (134747-151794), TE Travis Kelce (134747-33076), D Seattle Seahawks (134747-12550)"
937,3739140970,sugnice72 (9/150),179.88,"QB C.J. Stroud (134747-129471), RB Kenneth Walker III (134747-103342), RB Aaron Jones Sr. (134747-40442), WR Nico Collins (134747-91419), WR Zay Flowers (134747-112295), WR Deebo Samuel Sr. (134747-56018), TE Brock Bowers (134747-151794), WR Jaylin Noel (134747-152007), D Chicago Bears (134747-12527)"
938,3738328172,sportsguruguy (1/1),179.86,"QB Drake Maye (134747-152316), RB Kenneth Walker III (134747-103342), RB Derrick Henry (134747-39280), WR CeeDee Lamb (134747-86631), WR Makai Lemon (134747-183380), WR Nico Collins (134747-91419), TE T.J. Hockenson (134747-71706), RB Braelon Allen (134747-158412), D Miami Dolphins (134747-12539)"
938,3737012794,upperslad (127/150),179.86,"QB Drake Maye (134747-152316), RB Chase Brown (134747-89493), RB Aaron Jones Sr. (134747-40442), WR CeeDee Lamb (134747-86631), WR Nico Collins (134747-91419), WR Romeo Doubs (134747-94370), TE Kenyon Sadiq (134747-184873), RB Kenneth Walker III (134747-103342), D Cincinnati Bengals (134747-12528)"
940,3738897859,phd_aggie (48/150),179.82,"QB Joe Burrow (134747-63336), RB Aaron Jones Sr. (134747-40442), RB Christian McCaffrey (134747-55050), WR Tee Higgins (134747-89981), WR Nico Collins (134747-91419), WR Tre' Harris (134747-129546), TE T.J. Hockenson (134747-71706), RB Kenneth Walker III (134747-103342), D Tampa Bay Buccaneers (134747-12551)"
940,3738633763,teamhollow (1/1),179.82,"QB Joe Burrow (134747-63336), RB Kenneth Walker III (134747-103342), RB Aaron Jones Sr. (134747-40442), WR George Pickens (134747-110246), WR Tee Higgins (134747-89981), WR Michael Wilson (134747-89612), TE T.J. Hockenson (134747-71706), RB Javonte Williams (134747-93541), D Chicago Bears (134747-12527)"
940,3739450775,imheretogetmybag (145/150),179.82,"QB Joe Burrow (134747-63336), RB Ashton Jeanty (134747-167031), RB Emanuel Wilson (134747-185861), WR CeeDee Lamb (134747-86631), WR Zay Flowers (134747-112295), WR Tee Higgins (134747-89981), TE Brenton Strange (134747-103587), WR Matthew Golden (134747-166916), D Denver Broncos (134747-12531)"
940,3738734182,mmkm2019 (1/1),179.82,"QB Josh Allen (134747-62239), RB Kyle Monangai (134747-144102), RB Ashton Jeanty (134747-167031), WR Tyquan Thornton (134747-89220), WR Christian Watson (134747-169776), WR Tee Higgins (134747-89981), TE Mike Gesicki (134747-56265), RB Kyren Williams (134747-104433), D Seattle Seahawks (134747-12550)"
944,3738906091,mannynet (87/91),179.8,"QB Dak Prescott (134747-31716), RB Javonte Williams (134747-93541), RB Kyle Monangai (134747-144102), WR George Pickens (134747-110246), WR CeeDee Lamb (134747-86631), WR Keon Coleman (134747-157467), TE Mark Andrews (134747-52436), RB James Cook III (134747-91626), D Tampa Bay Buccaneers (134747-12551)"
944,3738508389,encarn53 (31/150),179.8,"QB Dak Prescott (134747-31716), RB Javonte Williams (134747-93541), RB Kenneth Walker III (134747-103342), WR Parker Washington (134747-137516), WR CeeDee Lamb (134747-86631), WR Nico Collins (134747-91419), TE T.J. Hockenson (134747-71706), RB George Holani (134747-114231), D Tampa Bay Buccaneers (134747-12551)"
944,3737094107,mightyp5 (3/3),179.8,"QB Dak Prescott (134747-31716), RB Kenneth Walker III (134747-103342), RB Kyle Monangai (134747-144102), WR CeeDee Lamb (134747-86631), WR Zay Flowers (134747-112295), WR Cooper Kupp (134747-79970), TE Jake Ferguson (134747-89680), RB Javonte Williams (134747-93541), D Las Vegas Raiders (134747-12537)"
947,3739495443,tweezer847 (147/150),179.78,"QB Lamar Jackson (134747-63115), RB James Cook III (134747-91626), RB Aaron Jones Sr. (134747-40442), WR Zay Flowers (134747-112295), WR Tee Higgins (134747-89981), WR Carnell Tate (134747-183756), TE T.J. Hockenson (134747-71706), RB Kenneth Walker III (134747-103342), D Chicago Bears (134747-12527)"
947,3739561919,brewerssuck (88/150),179.78,"QB C.J. Stroud (134747-129471), RB Aaron Jones Sr. (134747-40442), RB Kenneth Walker III (134747-103342), WR Nico Collins (134747-91419), WR Zay Flowers (134747-112295), WR Malik Washington (134747-110974), TE T.J. Hockenson (134747-71706), RB Christian McCaffrey (134747-55050), D Los Angeles Rams (134747-12538)"
947,3738916535,evilempire8 (1/1),179.78,"QB C.J. Stroud (134747-129471), RB Kenneth Walker III (134747-103342), RB Aaron Jones Sr. (134747-40442), WR Nico Collins (134747-91419), WR CeeDee Lamb (134747-86631), WR Tee Higgins (134747-89981), TE Travis Kelce (134747-33076), RB Braelon Allen (134747-158412), D Tampa Bay Buccaneers (134747-12551)"
947,3738923328,pagesiderageside82 (145/150),179.78,"QB C.J. Stroud (134747-129471), RB Cam Skattebo (134747-183240), RB Javonte Williams (134747-93541), WR CeeDee Lamb (134747-86631), WR Nico Collins (134747-91419), WR Zay Flowers (134747-112295), TE Dalton Schultz (134747-55042), WR Carnell Tate (134747-183756), D Tampa Bay Buccaneers (134747-12551)"
947,3739107230,pantherfan1824 (9/150),179.78,"QB C.J. Stroud (134747-129471), RB Javonte Williams (134747-93541), RB Kenneth Walker III (134747-103342), WR Nico Collins (134747-91419), WR Parker Washington (134747-137516), WR Matthew Golden (134747-166916), TE George Kittle (134747-39793), RB Emanuel Wilson (134747-185861), D Arizona Cardinals (134747-12546)"
952,3738246006,yotimi (2/150),179.72,"QB Joe Burrow (134747-63336), RB Aaron Jones Sr. (134747-40442), RB Emanuel Wilson (134747-185861), WR CeeDee Lamb (134747-86631), WR Luther Burden III (134747-166092), WR Puka Nacua (134747-103020), TE Isaiah Likely (134747-87260), WR Tee Higgins (134747-89981), D Tampa Bay Buccaneers (134747-12551)"
953,3739785838,sasquatch39 (1/1),179.7,"QB Dak Prescott (134747-31716), RB Kenneth Walker III (134747-103342), RB Kyle Monangai (134747-144102), WR CeeDee Lamb (134747-86631), WR Shedrick Jackson (134747-87668), WR Zay Flowers (134747-112295), TE Dalton Schultz (134747-55042), WR Tee Higgins (134747-89981), D Minnesota Vikings (134747-12540)"
953,3738425696,rubchez (138/150),179.7,"QB Kirk Cousins (134747-22038), RB Kenneth Walker III (134747-103342), RB Kyren Williams (134747-104433), WR Malik Nabers (134747-151761), WR Tre Tucker (134747-103619), WR CeeDee Lamb (134747-86631), TE Brock Bowers (134747-151794), WR Jalen Nailor (134747-92859), D Miami Dolphins (134747-12539)"
953,3739671223,yargz8 (40/150),179.7,"QB Dak Prescott (134747-31716), RB Jeremiyah Love (134747-188171), RB Aaron Jones Sr. (134747-40442), WR CeeDee Lamb (134747-86631), WR Nico Collins (134747-91419), WR Tee Higgins (134747-89981), TE George Kittle (134747-39793), RB Emanuel Wilson (134747-185861), D Chicago Bears (134747-12527)"
953,3739822646,rbryant1 (3/3),179.7,"QB Dak Prescott (134747-31716), RB Derrick Henry (134747-39280), RB Rhamondre Stevenson (134747-111540), WR Nico Collins (134747-91419), WR Romeo Doubs (134747-94370), WR CeeDee Lamb (134747-86631), TE Isaiah Likely (134747-87260), WR Zay Flowers (134747-112295), D New York Jets (134747-12544)"
953,3737115558,rollingred420 (1/1),179.7,"QB Dak Prescott (134747-31716), RB Kenneth Walker III (134747-103342), RB Bhayshul Tuten (134747-160620), WR CeeDee Lamb (134747-86631), WR Puka Nacua (134747-103020), WR Tyquan Thornton (134747-89220), TE Isaiah Likely (134747-87260), WR Luther Burden III (134747-166092), D Tampa Bay Buccaneers (134747-12551)"
958,3737749765,racktracker13 (108/150),179.68,"QB Kyler Murray (134747-63484), RB Bhayshul Tuten (134747-160620), RB Kyren Williams (134747-104433), WR Nico Collins (134747-91419), WR Zay Flowers (134747-112295), WR CeeDee Lamb (134747-86631), TE T.J. Hockenson (134747-71706), WR Jordan Addison (134747-129210), D Chicago Bears (134747-12527)"
958,3738613560,reboshua (63/150),179.68,"QB Kyler Murray (134747-63484), RB Aaron Jones Sr. (134747-40442), RB Kenneth Walker III (134747-103342), WR Nico Collins (134747-91419), WR Zay Flowers (134747-112295), WR Carnell Tate (134747-183756), TE T.J. Hockenson (134747-71706), RB Christian McCaffrey (134747-55050), D Arizona Cardinals (134747-12546)"
958,3739667677,brianbarr01 (41/150),179.68,"QB C.J. Stroud (134747-129471), RB Braelon Allen (134747-158412), RB Kyren Williams (134747-104433), WR Nico Collins (134747-91419), WR CeeDee Lamb (134747-86631), WR Dontayvion Wicks (134747-110457), TE Brock Bowers (134747-151794), WR Malik Nabers (134747-151761), D Los Angeles Chargers (134747-12548)"
958,3739590670,eguada (16/150),179.68,"QB C.J. Stroud (134747-129471), RB Javonte Williams (134747-93541), RB Aaron Jones Sr. (134747-40442), WR Zay Flowers (134747-112295), WR Nico Collins (134747-91419), WR Jaylen Waddle (134747-90573), TE Travis Kelce (134747-33076), RB Kenneth Walker III (134747-103342), D Jacksonville Jaguars (134747-12554)"
958,3739053669,runthebasesmlb (21/150),179.68,"QB C.J. Stroud (134747-129471), RB Cam Skattebo (134747-183240), RB Kenneth Walker III (134747-103342), WR Nico Collins (134747-91419), WR Carnell Tate (134747-183756), WR Malik Nabers (134747-151761), TE Brock Bowers (134747-151794), TE George Kittle (134747-39793), D Chicago Bears (134747-12527)"
958,3739011866,sheridanpt (13/150),179.68,"QB C.J. Stroud (134747-129471), RB Derrick Henry (134747-39280), RB Braelon Allen (134747-158412), WR Zay Flowers (134747-112295), WR Jordan Addison (134747-129210), WR Nico Collins (134747-91419), TE T.J. Hockenson (134747-71706), RB Kenneth Walker III (134747-103342), D New York Giants (134747-12543)"
964,3736846831,comperio (71/150),179.62,"QB Joe Burrow (134747-63336), RB Jeremiyah Love (134747-188171), RB Kenneth Walker III (134747-103342), WR Nico Collins (134747-91419), WR Tee Higgins (134747-89981), WR Michael Wilson (134747-89612), TE T.J. Hockenson (134747-71706), RB Ashton Jeanty (134747-167031), D Chicago Bears (134747-12527)"
964,3736659015,paintgirl (92/150),179.62,"QB Joe Burrow (134747-63336), RB Chase Brown (134747-89493), RB Christian McCaffrey (134747-55050), WR Nico Collins (134747-91419), WR Tee Higgins (134747-89981), WR Luther Burden III (134747-166092), TE T.J. Hockenson (134747-71706), RB Emanuel Wilson (134747-185861), D Seattle Seahawks (134747-12550)"
966,3738843554,hook20 (112/150),179.58,"QB C.J. Stroud (134747-129471), RB Javonte Williams (134747-93541), RB D'Andre Swift (134747-91598), WR Matthew Golden (134747-166916), WR CeeDee Lamb (134747-86631), WR Nico Collins (134747-91419), TE T.J. Hockenson (134747-71706), RB Chase Brown (134747-89493), D Chicago Bears (134747-12527)"
966,3739724407,jeffkeola (72/150),179.58,"QB C.J. Stroud (134747-129471), RB Keaton Mitchell (134747-134023), RB Jeremiyah Love (134747-188171), WR Matthew Golden (134747-166916), WR CeeDee Lamb (134747-86631), WR Nico Collins (134747-91419), TE George Kittle (134747-39793), RB Kenneth Walker III (134747-103342), D New York Giants (134747-12543)"
966,3739855036,troubledsoe (15/42),179.58,"QB C.J. Stroud (134747-129471), RB Braelon Allen (134747-158412), RB Christian McCaffrey (134747-55050), WR CeeDee Lamb (134747-86631), WR Tee Higgins (134747-89981), WR Nico Collins (134747-91419), TE Mark Andrews (134747-52436), WR Zay Flowers (134747-112295), D Tampa Bay Buccaneers (134747-12551)"
966,3739697380,arminfan (132/150),179.58,"QB C.J. Stroud (134747-129471), RB Jeremiyah Love (134747-188171), RB Aaron Jones Sr. (134747-40442), WR Nico Collins (134747-91419), WR Zay Flowers (134747-112295), WR Tee Higgins (134747-89981), TE George Kittle (134747-39793), RB Kenneth Walker III (134747-103342), D Tampa Bay Buccaneers (134747-12551)"
966,3738897858,phd_aggie (47/150),179.58,"QB C.J. Stroud (134747-129471), RB Aaron Jones Sr. (134747-40442), RB Jeremiyah Love (134747-188171), WR Nico Collins (134747-91419), WR Zay Flowers (134747-112295), WR Tee Higgins (134747-89981), TE George Kittle (134747-39793), RB Kenneth Walker III (134747-103342), D Tampa Bay Buccaneers (134747-12551)"
966,3739804643,vinc3n (96/114),179.58,"QB C.J. Stroud (134747-129471), RB Javonte Williams (134747-93541), RB Omarion Hampton (134747-174215), WR CeeDee Lamb (134747-86631), WR Nico Collins (134747-91419), WR Tee Higgins (134747-89981), TE Brenton Strange (134747-103587), WR Kayshon Boutte (134747-119653), D Kansas City Chiefs (134747-12536)"
966,3739478616,bigmart11 (19/150),179.58,"QB C.J. Stroud (134747-129471), RB Aaron Jones Sr. (134747-40442), RB Jeremiyah Love (134747-188171), WR Nico Collins (134747-91419), WR Zay Flowers (134747-112295), WR Tee Higgins (134747-89981), TE George Kittle (134747-39793), RB Kenneth Walker III (134747-103342), D Tampa Bay Buccaneers (134747-12551)"
966,3738931685,bwill322 (1/2),179.58,"QB C.J. Stroud (134747-129471), RB Emanuel Wilson (134747-185861), RB Kenneth Walker III (134747-103342), WR Nico Collins (134747-91419), WR DJ Moore (134747-63043), WR Matthew Golden (134747-166916), TE Isaiah Likely (134747-87260), WR CeeDee Lamb (134747-86631), D Baltimore Ravens (134747-12555)"
966,3738851283,tashaslau (91/150),179.58,"QB C.J. Stroud (134747-129471), RB Kenneth Walker III (134747-103342), RB Javonte Williams (134747-93541), WR Jordan Addison (134747-129210), WR Michael Wilson (134747-89612), WR Nico Collins (134747-91419), TE T.J. Hockenson (134747-71706), RB Christian McCaffrey (134747-55050), D Tampa Bay Buccaneers (134747-12551)"
966,3739762457,robbystehlin (5/150),179.58,"QB C.J. Stroud (134747-129471), RB Aaron Jones Sr. (134747-40442), RB Jeremiyah Love (134747-188171), WR Nico Collins (134747-91419), WR Zay Flowers (134747-112295), WR Tee Higgins (134747-89981), TE George Kittle (134747-39793), RB Kenneth Walker III (134747-103342), D New York Jets (134747-12544)"
976,3737966790,thinkdustin (90/150),179.56,"QB Drake Maye (134747-152316), RB Kenneth Walker III (134747-103342), RB James Cook III (134747-91626), WR Nico Collins (134747-91419), WR Tee Higgins (134747-89981), WR Romeo Doubs (134747-94370), TE George Kittle (134747-39793), WR Tre Tucker (134747-103619), D Chicago Bears (134747-12527)"
977,3737160275,chickenscratchgeorge (1/1),179.52,"QB Joe Burrow (134747-63336), RB Chase Brown (134747-89493), RB Javonte Williams (134747-93541), WR Tee Higgins (134747-89981), WR Michael Wilson (134747-89612), WR CeeDee Lamb (134747-86631), TE Mark Andrews (134747-52436), WR Malik Nabers (134747-151761), D Las Vegas Raiders (134747-12537)"
977,3738580657,carrolljay56 (3/8),179.52,"QB Joe Burrow (134747-63336), RB Chase Brown (134747-89493), RB Kyren Williams (134747-104433), WR Nico Collins (134747-91419), WR Tee Higgins (134747-89981), WR Mack Hollins (134747-25267), TE T.J. Hockenson (134747-71706), RB Aaron Jones Sr. (134747-40442), D Minnesota Vikings (134747-12540)"
979,3739561950,brewerssuck (91/150),179.5,"QB Kirk Cousins (134747-22038), RB Kenneth Walker III (134747-103342), RB Aaron Jones Sr. (134747-40442), WR Nico Collins (134747-91419), WR Zay Flowers (134747-112295), WR Parker Washington (134747-137516), TE Brock Bowers (134747-151794), RB Emanuel Wilson (134747-185861), D New York Jets (134747-12544)"
979,3739857703,attoram (2/2),179.5,"QB Kirk Cousins (134747-22038), RB Kenneth Walker III (134747-103342), RB Ashton Jeanty (134747-167031), WR Nico Collins (134747-91419), WR Tre Tucker (134747-103619), WR Tee Higgins (134747-89981), TE Brock Bowers (134747-151794), TE T.J. Hockenson (134747-71706), D Buffalo Bills (134747-12526)"
981,3739221955,wood334 (77/150),179.48,"QB C.J. Stroud (134747-129471), RB D'Andre Swift (134747-91598), RB Tony Pollard (134747-63759), WR CeeDee Lamb (134747-86631), WR Nico Collins (134747-91419), WR Jordan Addison (134747-129210), TE T.J. Hockenson (134747-71706), RB Kenneth Walker III (134747-103342), D Chicago Bears (134747-12527)"
981,3739081948,thejuggenautb (112/150),179.48,"QB Matthew Stafford (134747-6654), RB Javonte Williams (134747-93541), RB Kenneth Walker III (134747-103342), WR Nico Collins (134747-91419), WR Zay Flowers (134747-112295), WR Matthew Golden (134747-166916), TE Isaiah Likely (134747-87260), WR Malik Nabers (134747-151761), D Cincinnati Bengals (134747-12528)"
981,3738786832,alouisus (4/101),179.48,"QB C.J. Stroud (134747-129471), RB D'Andre Swift (134747-91598), RB Tony Pollard (134747-63759), WR CeeDee Lamb (134747-86631), WR Nico Collins (134747-91419), WR Jordan Addison (134747-129210), TE T.J. Hockenson (134747-71706), RB Kenneth Walker III (134747-103342), D Chicago Bears (134747-12527)"
981,3739394643,coolbro76 (4/150),179.48,"QB C.J. Stroud (134747-129471), RB Aaron Jones Sr. (134747-40442), RB Javonte Williams (134747-93541), WR Jaxon Smith-Njigba (134747-129458), WR CeeDee Lamb (134747-86631), WR Nico Collins (134747-91419), TE Mark Andrews (134747-52436), TE T.J. Hockenson (134747-71706), D Las Vegas Raiders (134747-12537)"
981,3739532930,pittbulldawg (121/150),179.48,"QB C.J. Stroud (134747-129471), RB Javonte Williams (134747-93541), RB Jeremiyah Love (134747-188171), WR Nico Collins (134747-91419), WR Zay Flowers (134747-112295), WR Tee Higgins (134747-89981), TE Dalton Schultz (134747-55042), RB Kenneth Walker III (134747-103342), D Los Angeles Chargers (134747-12548)"
981,3738843446,snackking123 (111/150),179.48,"QB C.J. Stroud (134747-129471), RB Javonte Williams (134747-93541), RB Jeremiyah Love (134747-188171), WR Zay Flowers (134747-112295), WR Nico Collins (134747-91419), WR CeeDee Lamb (134747-86631), TE George Kittle (134747-39793), RB Braelon Allen (134747-158412), D New York Jets (134747-12544)"
981,3738226349,rosc0401 (84/150),179.48,"QB C.J. Stroud (134747-129471), RB Javonte Williams (134747-93541), RB Kenneth Walker III (134747-103342), WR Garrett Wilson (134747-103564), WR Matthew Golden (134747-166916), WR Nico Collins (134747-91419), TE Brenton Strange (134747-103587), RB Emanuel Wilson (134747-185861), D Minnesota Vikings (134747-12540)"
981,3739783624,bobosso (64/150),179.48,"QB C.J. Stroud (134747-129471), RB Kenneth Walker III (134747-103342), RB Aaron Jones Sr. (134747-40442), WR Puka Nacua (134747-103020), WR CeeDee Lamb (134747-86631), WR Jordan Addison (134747-129210), TE T.J. Hockenson (134747-71706), RB Braelon Allen (134747-158412), D Chicago Bears (134747-12527)"
989,3736308164,sirpacman (2/10),179.44,"QB Jacoby Brissett (134747-30231), RB Emanuel Wilson (134747-185861), RB James Cook III (134747-91626), WR Puka Nacua (134747-103020), WR Zay Flowers (134747-112295), WR Nico Collins (134747-91419), TE T.J. Hockenson (134747-71706), WR Deebo Samuel Sr. (134747-56018), D Chicago Bears (134747-12527)"
990,3737247860,awinner1975 (1/1),179.42,"QB Joe Burrow (134747-63336), RB Aaron Jones Sr. (134747-40442), RB Kyle Monangai (134747-144102), WR CeeDee Lamb (134747-86631), WR Zay Flowers (134747-112295), WR Parker Washington (134747-137516), TE Tucker Kraft (134747-160303), RB Javonte Williams (134747-93541), D Las Vegas Raiders (134747-12537)"
991,3738996492,bigb11726 (19/50),179.38,"QB Kyler Murray (134747-63484), RB Kyren Williams (134747-104433), RB Kenneth Walker III (134747-103342), WR CeeDee Lamb (134747-86631), WR Tee Higgins (134747-89981), WR Zay Flowers (134747-112295), TE Mike Gesicki (134747-56265), TE Travis Kelce (134747-33076), D Los Angeles Chargers (134747-12548)"
991,3739041162,topthat1 (52/150),179.38,"QB Matthew Stafford (134747-6654), RB James Cook III (134747-91626), RB Kyle Monangai (134747-144102), WR Tee Higgins (134747-89981), WR CeeDee Lamb (134747-86631), WR Matthew Golden (134747-166916), TE Brenton Strange (134747-103587), RB Kyren Williams (134747-104433), D Los Angeles Chargers (134747-12548)"
991,3738821106,wolfpack6060 (3/5),179.38,"QB C.J. Stroud (134747-129471), RB David Montgomery (134747-73273), RB Kenneth Walker III (134747-103342), WR Nico Collins (134747-91419), WR CeeDee Lamb (134747-86631), WR Jordan Addison (134747-129210), TE Mark Andrews (134747-52436), WR Tee Higgins (134747-89981), D Chicago Bears (134747-12527)"
994,3738445996,goatisgreat (78/150),179.32,"QB Joe Burrow (134747-63336), RB Kenneth Walker III (134747-103342), RB Jeremiyah Love (134747-188171), WR Tee Higgins (134747-89981), WR Nico Collins (134747-91419), WR Zay Flowers (134747-112295), TE Isaiah Likely (134747-87260), RB Aaron Jones Sr. (134747-40442), D Chicago Bears (134747-12527)"
994,3739059257,alethia64 (22/140),179.32,"QB Joe Burrow (134747-63336), RB Javonte Williams (134747-93541), RB Aaron Jones Sr. (134747-40442), WR Matthew Golden (134747-166916), WR Zay Flowers (134747-112295), WR Nico Collins (134747-91419), TE Tucker Kraft (134747-160303), WR Tee Higgins (134747-89981), D Buffalo Bills (134747-12526)"
996,3739153375,mythicalrhymer01 (28/65),179.3,"QB Dak Prescott (134747-31716), RB Derrick Henry (134747-39280), RB Aaron Jones Sr. (134747-40442), WR CeeDee Lamb (134747-86631), WR Zay Flowers (134747-112295), WR Nico Collins (134747-91419), TE Tyler Higbee (134747-47870), TE T.J. Hockenson (134747-71706), D Chicago Bears (134747-12527)"
996,3739549206,illkill1 (104/150),179.3,"QB Dak Prescott (134747-31716), RB Christian McCaffrey (134747-55050), RB Kenneth Walker III (134747-103342), WR CeeDee Lamb (134747-86631), WR Nico Collins (134747-91419), WR Ryan Flournoy (134747-201233), TE Isaiah Likely (134747-87260), TE T.J. Hockenson (134747-71706), D Chicago Bears (134747-12527)"
996,3738471804,jessereckner (28/150),179.3,"QB Dak Prescott (134747-31716), RB Javonte Williams (134747-93541), RB Rhamondre Stevenson (134747-111540), WR George Pickens (134747-110246), WR Luther Burden III (134747-166092), WR CeeDee Lamb (134747-86631), TE T.J. Hockenson (134747-71706), RB Kenneth Walker III (134747-103342), D Los Angeles Chargers (134747-12548)"
996,3738471839,jessereckner (56/150),179.3,"QB Dak Prescott (134747-31716), RB Javonte Williams (134747-93541), RB Rhamondre Stevenson (134747-111540), WR George Pickens (134747-110246), WR Luther Burden III (134747-166092), WR CeeDee Lamb (134747-86631), TE T.J. Hockenson (134747-71706), RB Kenneth Walker III (134747-103342), D Los Angeles Chargers (134747-12548)"
996,3738508194,feelinglucky2d (100/150),179.3,"QB Dak Prescott (134747-31716), RB Javonte Williams (134747-93541), RB Aaron Jones Sr. (134747-40442), WR Tee Higgins (134747-89981), WR CeeDee Lamb (134747-86631), WR Nico Collins (134747-91419), TE AJ Barner (134747-137953), TE Brock Bowers (134747-151794), D Miami Dolphins (134747-12539)"
1001,3738921737,timothybeechler (57/150),179.28,"QB C.J. Stroud (134747-129471), RB Tyler Allgeier (134747-90428), RB Kenneth Walker III (134747-103342), WR Zay Flowers (134747-112295), WR Nico Collins (134747-91419), WR Mack Hollins (134747-25267), TE Dalton Kincaid (134747-145558), WR CeeDee Lamb (134747-86631), D Arizona Cardinals (134747-12546)"
1002,3739022691,chewy_ (6/34),179.22,"QB Brock Purdy (134747-85607), RB Javonte Williams (134747-93541), RB Rhamondre Stevenson (134747-111540), WR CeeDee Lamb (134747-86631), WR Tee Higgins (134747-89981), WR Michael Wilson (134747-89612), TE T.J. Hockenson (134747-71706), RB Christian McCaffrey (134747-55050), D Tampa Bay Buccaneers (134747-12551)"
1002,3739373401,kl54kl (103/150),179.22,"QB Josh Allen (134747-62239), RB Ashton Jeanty (134747-167031), RB Omarion Hampton (134747-174215), WR Tyquan Thornton (134747-89220), WR Keon Coleman (134747-157467), WR Tee Higgins (134747-89981), TE George Kittle (134747-39793), RB Kenneth Walker III (134747-103342), D Chicago Bears (134747-12527)"
1002,3739834068,chateezy (4/4),179.22,"QB Josh Allen (134747-62239), RB Emanuel Wilson (134747-185861), RB Aaron Jones Sr. (134747-40442), WR DJ Moore (134747-63043), WR Zay Flowers (134747-112295), WR CeeDee Lamb (134747-86631), TE T.J. Hockenson (134747-71706), WR Malik Nabers (134747-151761), D Seattle Seahawks (134747-12550)"
1005,3739615345,craig8972 (77/150),179.2,"QB Patrick Mahomes (134747-57439), RB Kenneth Walker III (134747-103342), RB Emanuel Wilson (134747-185861), WR CeeDee Lamb (134747-86631), WR Malik Nabers (134747-151761), WR Matthew Golden (134747-166916), TE Travis Kelce (134747-33076), TE Brock Bowers (134747-151794), D New York Giants (134747-12543)"
1005,3739112340,ljrowell (85/150),179.2,"QB Dak Prescott (134747-31716), RB Chase Brown (134747-89493), RB George Holani (134747-114231), WR Jordan Addison (134747-129210), WR CeeDee Lamb (134747-86631), WR Nico Collins (134747-91419), TE T.J. Hockenson (134747-71706), RB Kenneth Walker III (134747-103342), D New York Giants (134747-12543)"
1005,3738859768,grumpster65 (53/150),179.2,"QB Dak Prescott (134747-31716), RB Chase Brown (134747-89493), RB Javonte Williams (134747-93541), WR Nico Collins (134747-91419), WR Luther Burden III (134747-166092), WR CeeDee Lamb (134747-86631), TE T.J. Hockenson (134747-71706), RB Aaron Jones Sr. (134747-40442), D Cincinnati Bengals (134747-12528)"
1008,3739751186,peteg9699 (4/150),179.18,"QB C.J. Stroud (134747-129471), RB Cam Skattebo (134747-183240), RB Christian McCaffrey (134747-55050), WR CeeDee Lamb (134747-86631), WR Nico Collins (134747-91419), WR Zay Flowers (134747-112295), TE Isaiah Likely (134747-87260), RB Emanuel Wilson (134747-185861), D Tampa Bay Buccaneers (134747-12551)"
1008,3739447563,hugepizzamakers (101/150),179.18,"QB C.J. Stroud (134747-129471), RB Braelon Allen (134747-158412), RB Aaron Jones Sr. (134747-40442), WR Michael Wilson (134747-89612), WR Nico Collins (134747-91419), WR CeeDee Lamb (134747-86631), TE Isaiah Likely (134747-87260), RB Kenneth Walker III (134747-103342), D Minnesota Vikings (134747-12540)"
1008,3739361624,gmorphis (77/150),179.18,"QB C.J. Stroud (134747-129471), RB Kenneth Walker III (134747-103342), RB Derrick Henry (134747-39280), WR Carnell Tate (134747-183756), WR CeeDee Lamb (134747-86631), WR Nico Collins (134747-91419), TE Mark Andrews (134747-52436), TE Travis Kelce (134747-33076), D New York Jets (134747-12544)"
1008,3739527860,foldemfastphil (17/150),179.18,"QB C.J. Stroud (134747-129471), RB Kenneth Walker III (134747-103342), RB Aaron Jones Sr. (134747-40442), WR CeeDee Lamb (134747-86631), WR Nico Collins (134747-91419), WR Tee Higgins (134747-89981), TE Travis Kelce (134747-33076), WR Jordan Addison (134747-129210), D Tampa Bay Buccaneers (134747-12551)"
1008,3739532437,pittbulldawg (61/150),179.18,"QB C.J. Stroud (134747-129471), RB Braelon Allen (134747-158412), RB Aaron Jones Sr. (134747-40442), WR CeeDee Lamb (134747-86631), WR Nico Collins (134747-91419), WR Tee Higgins (134747-89981), TE Dalton Schultz (134747-55042), RB Kenneth Walker III (134747-103342), D Tampa Bay Buccaneers (134747-12551)"
1008,3739475050,stats848 (107/150),179.18,"QB C.J. Stroud (134747-129471), RB Aaron Jones Sr. (134747-40442), RB Derrick Henry (134747-39280), WR Zay Flowers (134747-112295), WR Tee Higgins (134747-89981), WR Nico Collins (134747-91419), TE Brock Bowers (134747-151794), RB Emanuel Wilson (134747-185861), D Las Vegas Raiders (134747-12537)"
1008,3739250108,ajtruth33 (132/150),179.18,"QB C.J. Stroud (134747-129471), RB Tyler Allgeier (134747-90428), RB Kenneth Walker III (134747-103342), WR CeeDee Lamb (134747-86631), WR Nico Collins (134747-91419), WR Michael Wilson (134747-89612), TE Brock Bowers (134747-151794), WR Jordan Addison (134747-129210), D Cincinnati Bengals (134747-12528)"
1015,3739439751,boyblu22513 (139/150),179.1,"QB Dak Prescott (134747-31716), RB Emanuel Wilson (134747-185861), RB Chase Brown (134747-89493), WR Luther Burden III (134747-166092), WR Nico Collins (134747-91419), WR Tee Higgins (134747-89981), TE Mark Andrews (134747-52436), WR CeeDee Lamb (134747-86631), D Green Bay Packers (134747-12533)"
1016,3737018364,trvelek (1/1),179.08,"QB C.J. Stroud (134747-129471), RB Kenneth Walker III (134747-103342), RB Braelon Allen (134747-158412), WR Nico Collins (134747-91419), WR CeeDee Lamb (134747-86631), WR Luther Burden III (134747-166092), TE Brock Bowers (134747-151794), RB Aaron Jones Sr. (134747-40442), D Cincinnati Bengals (134747-12528)"
1016,3739025996,rgalexander216 (88/150),179.08,"QB C.J. Stroud (134747-129471), RB Javonte Williams (134747-93541), RB Kenneth Walker III (134747-103342), WR Nico Collins (134747-91419), WR Malik Nabers (134747-151761), WR Matthew Golden (134747-166916), TE George Kittle (134747-39793), WR Jordan Addison (134747-129210), D New York Jets (134747-12544)"
1016,3737749663,racktracker13 (55/150),179.08,"QB C.J. Stroud (134747-129471), RB Chase Brown (134747-89493), RB Kenneth Walker III (134747-103342), WR Khalil Shakir (134747-86518), WR Nico Collins (134747-91419), WR CeeDee Lamb (134747-86631), TE Mark Andrews (134747-52436), TE George Kittle (134747-39793), D Cincinnati Bengals (134747-12528)"
1016,3739245848,gizjag (47/150),179.08,"QB C.J. Stroud (134747-129471), RB Aaron Jones Sr. (134747-40442), RB Braelon Allen (134747-158412), WR Luther Burden III (134747-166092), WR CeeDee Lamb (134747-86631), WR Nico Collins (134747-91419), TE Brock Bowers (134747-151794), RB Kenneth Walker III (134747-103342), D Cincinnati Bengals (134747-12528)"
1016,3739857997,duelingfan802 (85/150),179.08,"QB C.J. Stroud (134747-129471), RB Aaron Jones Sr. (134747-40442), RB Jeremiyah Love (134747-188171), WR CeeDee Lamb (134747-86631), WR Tee Higgins (134747-89981), WR Luther Burden III (134747-166092), TE T.J. Hockenson (134747-71706), RB Kenneth Walker III (134747-103342), D Minnesota Vikings (134747-12540)"
1016,3739532085,pittbulldawg (12/150),179.08,"QB C.J. Stroud (134747-129471), RB Javonte Williams (134747-93541), RB Aaron Jones Sr. (134747-40442), WR Nico Collins (134747-91419), WR Zay Flowers (134747-112295), WR Jaylen Waddle (134747-90573), TE Dalton Schultz (134747-55042), RB Kenneth Walker III (134747-103342), D Chicago Bears (134747-12527)"
1016,3737146030,robyoung03 (8/150),179.08,"QB C.J. Stroud (134747-129471), RB Aaron Jones Sr. (134747-40442), RB Braelon Allen (134747-158412), WR CeeDee Lamb (134747-86631), WR Jaylen Waddle (134747-90573), WR Nico Collins (134747-91419), TE George Kittle (134747-39793), RB Kenneth Walker III (134747-103342), D Los Angeles Chargers (134747-12548)"
1016,3738824207,dorker (114/150),179.08,"QB C.J. Stroud (134747-129471), RB Kyren Williams (134747-104433), RB Rhamondre Stevenson (134747-111540), WR CeeDee Lamb (134747-86631), WR Nico Collins (134747-91419), WR Michael Wilson (134747-89612), TE Travis Kelce (134747-33076), RB Aaron Jones Sr. (134747-40442), D Minnesota Vikings (134747-12540)"
1016,3738666397,caddiekev (42/150),179.08,"QB C.J. Stroud (134747-129471), RB Kenneth Walker III (134747-103342), RB Aaron Jones Sr. (134747-40442), WR Nico Collins (134747-91419), WR CeeDee Lamb (134747-86631), WR Dontayvion Wicks (134747-110457), TE Dalton Schultz (134747-55042), RB Emanuel Wilson (134747-185861), D Minnesota Vikings (134747-12540)"
1016,3737118106,egc2021 (14/71),179.08,"QB Matthew Stafford (134747-6654), RB Kyren Williams (134747-104433), RB Kyle Monangai (134747-144102), WR Puka Nacua (134747-103020), WR Malik Nabers (134747-151761), WR DJ Moore (134747-63043), TE T.J. Hockenson (134747-71706), WR Tee Higgins (134747-89981), D New York Jets (134747-12544)"
1026,3739059201,alethia64 (8/140),179.06,"QB Drake Maye (134747-152316), RB Javonte Williams (134747-93541), RB Christian McCaffrey (134747-55050), WR Romeo Doubs (134747-94370), WR Tee Higgins (134747-89981), WR Jaylen Waddle (134747-90573), TE Mark Andrews (134747-52436), RB Kenneth Walker III (134747-103342), D Chicago Bears (134747-12527)"
1027,3736441342,popflyboy (128/150),179.02,"QB Joe Burrow (134747-63336), RB Rhamondre Stevenson (134747-111540), RB Jeremiyah Love (134747-188171), WR CeeDee Lamb (134747-86631), WR Tee Higgins (134747-89981), WR Malik Nabers (134747-151761), TE T.J. Hockenson (134747-71706), RB Aaron Jones Sr. (134747-40442), D Minnesota Vikings (134747-12540)"
1028,3738893590,anyma719 (127/150),179.0,"QB Dak Prescott (134747-31716), RB Emanuel Wilson (134747-185861), RB Ashton Jeanty (134747-167031), WR Ryan Flournoy (134747-201233), WR Zay Flowers (134747-112295), WR Nico Collins (134747-91419), TE Brock Bowers (134747-151794), RB Kenneth Walker III (134747-103342), D Miami Dolphins (134747-12539)"
1028,3737161550,sr8up (1/1),179.0,"QB Dak Prescott (134747-31716), RB Aaron Jones Sr. (134747-40442), RB Kyle Monangai (134747-144102), WR CeeDee Lamb (134747-86631), WR Zay Flowers (134747-112295), WR Matthew Golden (134747-166916), TE Brock Bowers (134747-151794), WR Malik Nabers (134747-151761), D Las Vegas Raiders (134747-12537)"
1030,3739751543,peteg9699 (79/150),178.98,"QB C.J. Stroud (134747-129471), RB Derrick Henry (134747-39280), RB Cam Skattebo (134747-183240), WR CeeDee Lamb (134747-86631), WR Nico Collins (134747-91419), WR Tee Higgins (134747-89981), TE Isaiah Likely (134747-87260), RB Emanuel Wilson (134747-185861), D Tampa Bay Buccaneers (134747-12551)"
1030,3739743357,atlbravesfan (131/150),178.98,"QB C.J. Stroud (134747-129471), RB Aaron Jones Sr. (134747-40442), RB Bhayshul Tuten (134747-160620), WR CeeDee Lamb (134747-86631), WR Nico Collins (134747-91419), WR Malik Washington (134747-110974), TE George Kittle (134747-39793), RB Kenneth Walker III (134747-103342), D Los Angeles Chargers (134747-12548)"
1030,3739562856,bucknut816 (82/101),178.98,"QB C.J. Stroud (134747-129471), RB Javonte Williams (134747-93541), RB Kenneth Walker III (134747-103342), WR Kalif Raymond (134747-70422), WR Michael Wilson (134747-89612), WR Tee Higgins (134747-89981), TE Brock Bowers (134747-151794), WR Nico Collins (134747-91419), D Los Angeles Chargers (134747-12548)"
1030,3739097678,ravenz50 (1/1),178.98,"QB C.J. Stroud (134747-129471), RB Jeremiyah Love (134747-188171), RB Kyle Monangai (134747-144102), WR Nico Collins (134747-91419), WR Malik Nabers (134747-151761), WR Tee Higgins (134747-89981), TE Dalton Schultz (134747-55042), WR Zay Flowers (134747-112295), D Seattle Seahawks (134747-12550)"
1030,3737390516,parkerrr26 (138/150),178.98,"QB C.J. Stroud (134747-129471), RB Kenneth Walker III (134747-103342), RB Bhayshul Tuten (134747-160620), WR Nico Collins (134747-91419), WR Zay Flowers (134747-112295), WR Christian Watson (134747-169776), TE Brock Bowers (134747-151794), RB Emanuel Wilson (134747-185861), D Miami Dolphins (134747-12539)"
1035,3739295287,cb14 (14/26),178.96,"QB Drake Maye (134747-152316), RB TreVeyon Henderson (134747-152647), RB Kenneth Walker III (134747-103342), WR Nico Collins (134747-91419), WR Matthew Golden (134747-166916), WR CeeDee Lamb (134747-86631), TE Hunter Henry (134747-40845), WR Tee Higgins (134747-89981), D New England Patriots (134747-12541)"
1036,3739039969,jballagh (43/150),178.9,"QB Dak Prescott (134747-31716), RB Christian McCaffrey (134747-55050), RB Aaron Jones Sr. (134747-40442), WR CeeDee Lamb (134747-86631), WR Zay Flowers (134747-112295), WR Nico Collins (134747-91419), TE Mark Andrews (134747-52436), TE T.J. Hockenson (134747-71706), D Tampa Bay Buccaneers (134747-12551)"
1036,3737570180,icemamba (117/150),178.9,"QB Dak Prescott (134747-31716), RB Aaron Jones Sr. (134747-40442), RB Kenneth Walker III (134747-103342), WR Kalif Raymond (134747-70422), WR Zay Flowers (134747-112295), WR Nico Collins (134747-91419), TE Isaiah Likely (134747-87260), WR CeeDee Lamb (134747-86631), D Chicago Bears (134747-12527)"
1038,3739740864,csteved (5/10),178.88,"QB C.J. Stroud (134747-129471), RB Aaron Jones Sr. (134747-40442), RB Bhayshul Tuten (134747-160620), WR Nico Collins (134747-91419), WR CeeDee Lamb (134747-86631), WR Michael Wilson (134747-89612), TE Brock Bowers (134747-151794), WR Tee Higgins (134747-89981), D Chicago Bears (134747-12527)"
1038,3738375386,scottism84 (126/150),178.88,"QB C.J. Stroud (134747-129471), RB Chase Brown (134747-89493), RB Aaron Jones Sr. (134747-40442), WR Puka Nacua (134747-103020), WR Nico Collins (134747-91419), WR Xavier Hutchinson (134747-119788), TE T.J. Hockenson (134747-71706), RB Kenneth Walker III (134747-103342), D Chicago Bears (134747-12527)"
1038,3738293169,runheidi (121/150),178.88,"QB C.J. Stroud (134747-129471), RB Kenneth Walker III (134747-103342), RB Aaron Jones Sr. (134747-40442), WR CeeDee Lamb (134747-86631), WR Nico Collins (134747-91419), WR Parker Washington (134747-137516), TE Travis Kelce (134747-33076), RB Emanuel Wilson (134747-185861), D Arizona Cardinals (134747-12546)"
1041,3738993683,bypirates (131/150),178.86,"QB Drake Maye (134747-152316), RB Kenneth Walker III (134747-103342), RB Kyren Williams (134747-104433), WR Romeo Doubs (134747-94370), WR Michael Wilson (134747-89612), WR Jaylen Waddle (134747-90573), TE Travis Kelce (134747-33076), WR Nico Collins (134747-91419), D Minnesota Vikings (134747-12540)"
1041,3738993694,bypirates (133/150),178.86,"QB Drake Maye (134747-152316), RB Kyren Williams (134747-104433), RB Kenneth Walker III (134747-103342), WR Nico Collins (134747-91419), WR Jaylen Waddle (134747-90573), WR Romeo Doubs (134747-94370), TE Travis Kelce (134747-33076), WR Michael Wilson (134747-89612), D Minnesota Vikings (134747-12540)"
1043,3739826788,xknight360 (126/150),178.82,"QB Josh Allen (134747-62239), RB James Cook III (134747-91626), RB Emanuel Wilson (134747-185861), WR Puka Nacua (134747-103020), WR Khalil Shakir (134747-86518), WR Romeo Doubs (134747-94370), TE T.J. Hockenson (134747-71706), RB Kenneth Walker III (134747-103342), D Chicago Bears (134747-12527)"
1044,3739737400,nafocnorb (35/150),178.8,"QB Dak Prescott (134747-31716), RB Jeremiyah Love (134747-188171), RB Aaron Jones Sr. (134747-40442), WR CeeDee Lamb (134747-86631), WR Nico Collins (134747-91419), WR Zay Flowers (134747-112295), TE T.J. Hockenson (134747-71706), TE Brock Bowers (134747-151794), D Chicago Bears (134747-12527)"
1044,3737194946,skee7533 (1/1),178.8,"QB Jameis Winston (134747-24849), RB Derrick Henry (134747-39280), RB Aaron Jones Sr. (134747-40442), WR Malik Nabers (134747-151761), WR CeeDee Lamb (134747-86631), WR Michael Wilson (134747-89612), TE Brock Bowers (134747-151794), RB Emanuel Wilson (134747-185861), D New York Giants (134747-12543)"
1046,3738912921,delle22 (67/100),178.78,"QB C.J. Stroud (134747-129471), RB Aaron Jones Sr. (134747-40442), RB Kenneth Walker III (134747-103342), WR Jordan Addison (134747-129210), WR Tee Higgins (134747-89981), WR Nico Collins (134747-91419), TE T.J. Hockenson (134747-71706), RB Christian McCaffrey (134747-55050), D Chicago Bears (134747-12527)"
1046,3738243081,bobkatz (6/150),178.78,"QB C.J. Stroud (134747-129471), RB Christian McCaffrey (134747-55050), RB Kenneth Walker III (134747-103342), WR Zay Flowers (134747-112295), WR Nico Collins (134747-91419), WR Jordan Addison (134747-129210), TE Isaiah Likely (134747-87260), RB Emanuel Wilson (134747-185861), D Chicago Bears (134747-12527)"
1046,3739532523,pittbulldawg (73/150),178.78,"QB C.J. Stroud (134747-129471), RB Braelon Allen (134747-158412), RB Aaron Jones Sr. (134747-40442), WR CeeDee Lamb (134747-86631), WR Nico Collins (134747-91419), WR Zay Flowers (134747-112295), TE Dalton Schultz (134747-55042), RB Kenneth Walker III (134747-103342), D Cincinnati Bengals (134747-12528)"
1046,3739312643,drunkdavekc (28/150),178.78,"QB C.J. Stroud (134747-129471), RB James Cook III (134747-91626), RB Kenneth Walker III (134747-103342), WR Nico Collins (134747-91419), WR Ryan Flournoy (134747-201233), WR CeeDee Lamb (134747-86631), TE Brenton Strange (134747-103587), TE Mark Andrews (134747-52436), D Minnesota Vikings (134747-12540)"
1046,3739564677,bk1413 (26/150),178.78,"QB C.J. Stroud (134747-129471), RB Kenneth Walker III (134747-103342), RB Aaron Jones Sr. (134747-40442), WR Nico Collins (134747-91419), WR Tee Higgins (134747-89981), WR Jordan Addison (134747-129210), TE T.J. Hockenson (134747-71706), RB Christian McCaffrey (134747-55050), D Chicago Bears (134747-12527)"
1046,3738327731,slimfigga12 (31/150),178.78,"QB C.J. Stroud (134747-129471), RB Kenneth Walker III (134747-103342), RB Christian McCaffrey (134747-55050), WR Tee Higgins (134747-89981), WR Jordan Addison (134747-129210), WR Nico Collins (134747-91419), TE T.J. Hockenson (134747-71706), RB Aaron Jones Sr. (134747-40442), D Chicago Bears (134747-12527)"
1046,3736892157,clack2319 (143/150),178.78,"QB C.J. Stroud (134747-129471), RB David Montgomery (134747-73273), RB Emanuel Wilson (134747-185861), WR Nico Collins (134747-91419), WR Jakobi Meyers (134747-63634), WR Zay Flowers (134747-112295), TE Brock Bowers (134747-151794), RB Kenneth Walker III (134747-103342), D Seattle Seahawks (134747-12550)"
1046,3738729108,taytaybuga1 (119/150),178.78,"QB C.J. Stroud (134747-129471), RB Derrick Henry (134747-39280), RB Javonte Williams (134747-93541), WR Nico Collins (134747-91419), WR Zay Flowers (134747-112295), WR Tee Higgins (134747-89981), TE Dalton Schultz (134747-55042), WR Romeo Doubs (134747-94370), D Chicago Bears (134747-12527)"
1054,3738580255,onetime12 (117/150),178.72,"QB Joe Burrow (134747-63336), RB Braelon Allen (134747-158412), RB Kenneth Walker III (134747-103342), WR Nico Collins (134747-91419), WR Tee Higgins (134747-89981), WR Malik Washington (134747-110974), TE T.J. Hockenson (134747-71706), RB Christian McCaffrey (134747-55050), D Arizona Cardinals (134747-12546)"
1054,3738122425,aboma10 (126/150),178.72,"QB Joe Burrow (134747-63336), RB Braelon Allen (134747-158412), RB Kyren Williams (134747-104433), WR Jakobi Meyers (134747-63634), WR Tee Higgins (134747-89981), WR Nico Collins (134747-91419), TE Mike Gesicki (134747-56265), WR CeeDee Lamb (134747-86631), D Kansas City Chiefs (134747-12536)"
1054,3738946878,gst1999 (112/150),178.72,"QB Joe Burrow (134747-63336), RB Aaron Jones Sr. (134747-40442), RB Bhayshul Tuten (134747-160620), WR CeeDee Lamb (134747-86631), WR Ja'Marr Chase (134747-85701), WR Tee Higgins (134747-89981), TE T.J. Hockenson (134747-71706), RB Emanuel Wilson (134747-185861), D New York Giants (134747-12543)"
1054,3739299418,hellfong (1/1),178.72,"QB Joe Burrow (134747-63336), RB Kenneth Walker III (134747-103342), RB Kyle Monangai (134747-144102), WR CeeDee Lamb (134747-86631), WR Rome Odunze (134747-120033), WR Christian Watson (134747-169776), TE Travis Kelce (134747-33076), WR Tee Higgins (134747-89981), D Miami Dolphins (134747-12539)"
1058,3738116216,paul1171 (1/1),178.7,"QB Kirk Cousins (134747-22038), RB Jeremiyah Love (134747-188171), RB Kyle Monangai (134747-144102), WR Jaxon Smith-Njigba (134747-129458), WR CeeDee Lamb (134747-86631), WR Tyquan Thornton (134747-89220), TE Brock Bowers (134747-151794), TE Mike Gesicki (134747-56265), D Seattle Seahawks (134747-12550)"
1059,3739580582,mtschmidt84 (111/150),178.68,"QB C.J. Stroud (134747-129471), RB Braelon Allen (134747-158412), RB Jeremiyah Love (134747-188171), WR Tee Higgins (134747-89981), WR CeeDee Lamb (134747-86631), WR Nico Collins (134747-91419), TE Mark Andrews (134747-52436), RB Kenneth Walker III (134747-103342), D Buffalo Bills (134747-12526)"
1059,3737272478,chizzled17 (92/150),178.68,"QB C.J. Stroud (134747-129471), RB Aaron Jones Sr. (134747-40442), RB Emanuel Wilson (134747-185861), WR Nico Collins (134747-91419), WR CeeDee Lamb (134747-86631), WR Zay Flowers (134747-112295), TE Dalton Schultz (134747-55042), RB Christian McCaffrey (134747-55050), D Miami Dolphins (134747-12539)"
1059,3738925763,covid19_5 (1/1),178.68,"QB C.J. Stroud (134747-129471), RB Jeremiyah Love (134747-188171), RB Emanuel Wilson (134747-185861), WR CeeDee Lamb (134747-86631), WR Nico Collins (134747-91419), WR Christian Watson (134747-169776), TE Brock Bowers (134747-151794), WR Tee Higgins (134747-89981), D Chicago Bears (134747-12527)"
1059,3739509003,mike419v (52/150),178.68,"QB C.J. Stroud (134747-129471), RB Derrick Henry (134747-39280), RB Chase Brown (134747-89493), WR CeeDee Lamb (134747-86631), WR Nico Collins (134747-91419), WR Jordan Addison (134747-129210), TE T.J. Hockenson (134747-71706), RB Emanuel Wilson (134747-185861), D Cincinnati Bengals (134747-12528)"
1063,3737032611,nikki123 (1/1),178.62,"QB Sam Darnold (134747-63589), RB Kenneth Walker III (134747-103342), RB Kyren Williams (134747-104433), WR Isaiah Williams (134747-112041), WR Zay Flowers (134747-112295), WR Keon Coleman (134747-157467), TE George Kittle (134747-39793), WR Deebo Samuel Sr. (134747-56018), D Baltimore Ravens (134747-12555)"
1063,3739334233,daily_big_kahuna (42/150),178.62,"QB Joe Burrow (134747-63336), RB Jeremiyah Love (134747-188171), RB Braelon Allen (134747-158412), WR Tee Higgins (134747-89981), WR Luther Burden III (134747-166092), WR CeeDee Lamb (134747-86631), TE T.J. Hockenson (134747-71706), RB Kenneth Walker III (134747-103342), D Seattle Seahawks (134747-12550)"
1063,3738804689,swimbait (26/150),178.62,"QB Joe Burrow (134747-63336), RB Aaron Jones Sr. (134747-40442), RB Braelon Allen (134747-158412), WR CeeDee Lamb (134747-86631), WR Tee Higgins (134747-89981), WR Jaylen Waddle (134747-90573), TE Brenton Strange (134747-103587), RB Kenneth Walker III (134747-103342), D Arizona Cardinals (134747-12546)"
1066,3738729414,cparello (5/150),178.6,"QB Kirk Cousins (134747-22038), RB Kyren Williams (134747-104433), RB Kenneth Walker III (134747-103342), WR Carnell Tate (134747-183756), WR Romeo Doubs (134747-94370), WR Cody White (134747-92890), TE Brock Bowers (134747-151794), RB Derrick Henry (134747-39280), D Chicago Bears (134747-12527)"
1066,3739351897,destructiondealers101 (131/150),178.6,"QB Dak Prescott (134747-31716), RB Kenneth Walker III (134747-103342), RB Emanuel Wilson (134747-185861), WR Matthew Golden (134747-166916), WR CeeDee Lamb (134747-86631), WR Nico Collins (134747-91419), TE Travis Kelce (134747-33076), RB Aaron Jones Sr. (134747-40442), D New York Jets (134747-12544)"
1066,3738743078,rdawson91 (69/150),178.6,"QB Kirk Cousins (134747-22038), RB Kenneth Walker III (134747-103342), RB Kyren Williams (134747-104433), WR Garrett Wilson (134747-103564), WR Nico Collins (134747-91419), WR Luther Burden III (134747-166092), TE T.J. Hockenson (134747-71706), TE Brock Bowers (134747-151794), D Los Angeles Chargers (134747-12548)"
1069,3737332351,flapnuggets (107/150),178.58,"QB C.J. Stroud (134747-129471), RB Braelon Allen (134747-158412), RB Emanuel Wilson (134747-185861), WR Zay Flowers (134747-112295), WR CeeDee Lamb (134747-86631), WR Nico Collins (134747-91419), TE Trey McBride (134747-91750), RB Aaron Jones Sr. (134747-40442), D Chicago Bears (134747-12527)"
1069,3739173012,terrapin710 (3/150),178.58,"QB C.J. Stroud (134747-129471), RB Chase Brown (134747-89493), RB Aaron Jones Sr. (134747-40442), WR Jaxon Smith-Njigba (134747-129458), WR CeeDee Lamb (134747-86631), WR Nico Collins (134747-91419), TE T.J. Hockenson (134747-71706), RB Emanuel Wilson (134747-185861), D Las Vegas Raiders (134747-12537)"
1069,3738585714,alexvansoelen (36/150),178.58,"QB C.J. Stroud (134747-129471), RB Aaron Jones Sr. (134747-40442), RB Kenneth Walker III (134747-103342), WR Nico Collins (134747-91419), WR Tee Higgins (134747-89981), WR CeeDee Lamb (134747-86631), TE Dalton Schultz (134747-55042), WR Jordan Addison (134747-129210), D Tampa Bay Buccaneers (134747-12551)"
1069,3738677897,nitsud05 (148/150),178.58,"QB C.J. Stroud (134747-129471), RB Aaron Jones Sr. (134747-40442), RB Jeremiyah Love (134747-188171), WR Nico Collins (134747-91419), WR Zay Flowers (134747-112295), WR Malik Nabers (134747-151761), TE George Kittle (134747-39793), RB Kenneth Walker III (134747-103342), D Tampa Bay Buccaneers (134747-12551)"
1069,3738726598,evantheo (143/150),178.58,"QB C.J. Stroud (134747-129471), RB Derrick Henry (134747-39280), RB Kenneth Walker III (134747-103342), WR Nico Collins (134747-91419), WR Tee Higgins (134747-89981), WR Ryan Flournoy (134747-201233), TE Mark Andrews (134747-52436), RB Javonte Williams (134747-93541), D Los Angeles Chargers (134747-12548)"
1069,3737120506,badgermanpackernation (1/5),178.58,"QB Matthew Stafford (134747-6654), RB Kenneth Walker III (134747-103342), RB D'Andre Swift (134747-91598), WR Nico Collins (134747-91419), WR Tee Higgins (134747-89981), WR Tre' Harris (134747-129546), TE T.J. Hockenson (134747-71706), RB Kyren Williams (134747-104433), D Arizona Cardinals (134747-12546)"
1069,3739458121,badgermanpackernation (2/5),178.58,"QB Matthew Stafford (134747-6654), RB Kenneth Walker III (134747-103342), RB D'Andre Swift (134747-91598), WR Nico Collins (134747-91419), WR Tee Higgins (134747-89981), WR Tre' Harris (134747-129546), TE T.J. Hockenson (134747-71706), RB Kyren Williams (134747-104433), D Arizona Cardinals (134747-12546)"
1069,3739458275,badgermanpackernation (3/5),178.58,"QB Matthew Stafford (134747-6654), RB Kenneth Walker III (134747-103342), RB D'Andre Swift (134747-91598), WR Nico Collins (134747-91419), WR Tee Higgins (134747-89981), WR Tre' Harris (134747-129546), TE T.J. Hockenson (134747-71706), RB Kyren Williams (134747-104433), D Arizona Cardinals (134747-12546)"
1069,3739458421,badgermanpackernation (4/5),178.58,"QB Matthew Stafford (134747-6654), RB Kenneth Walker III (134747-103342), RB D'Andre Swift (134747-91598), WR Nico Collins (134747-91419), WR Tee Higgins (134747-89981), WR Tre' Harris (134747-129546), TE T.J. Hockenson (134747-71706), RB Kyren Williams (134747-104433), D Arizona Cardinals (134747-12546)"
1069,3739458511,badgermanpackernation (5/5),178.58,"QB Matthew Stafford (134747-6654), RB Kenneth Walker III (134747-103342), RB D'Andre Swift (134747-91598), WR Nico Collins (134747-91419), WR Tee Higgins (134747-89981), WR Tre' Harris (134747-129546), TE T.J. Hockenson (134747-71706), RB Kyren Williams (134747-104433), D Arizona Cardinals (134747-12546)"
1069,3739578231,the_phantom_1 (101/150),178.58,"QB C.J. Stroud (134747-129471), RB Aaron Jones Sr. (134747-40442), RB Kenneth Walker III (134747-103342), WR Jakobi Meyers (134747-63634), WR Zay Flowers (134747-112295), WR Nico Collins (134747-91419), TE Mark Andrews (134747-52436), WR Puka Nacua (134747-103020), D Chicago Bears (134747-12527)"
1080,3739358619,khaint50 (1/1),178.56,"QB Drake Maye (134747-152316), RB Jeremiyah Love (134747-188171), RB Kyle Monangai (134747-144102), WR Zay Flowers (134747-112295), WR Makai Lemon (134747-183380), WR CeeDee Lamb (134747-86631), TE Hunter Henry (134747-40845), RB Kenneth Walker III (134747-103342), D Minnesota Vikings (134747-12540)"
1080,3739818310,conepts123 (124/150),178.56,"QB Drake Maye (134747-152316), RB Javonte Williams (134747-93541), RB Aaron Jones Sr. (134747-40442), WR Dohnte Meyers (134747-241064), WR Nico Collins (134747-91419), WR Mack Hollins (134747-25267), TE Brock Bowers (134747-151794), RB Kenneth Walker III (134747-103342), D Minnesota Vikings (134747-12540)"
1082,3739751800,peteg9699 (138/150),178.54,"QB Jacoby Brissett (134747-30231), RB Cam Skattebo (134747-183240), RB Kenneth Walker III (134747-103342), WR CeeDee Lamb (134747-86631), WR Nico Collins (134747-91419), WR Michael Wilson (134747-89612), TE George Kittle (134747-39793), RB Emanuel Wilson (134747-185861), D Tampa Bay Buccaneers (134747-12551)"
1083,3738501088,hungryhungryhippies (67/150),178.52,"QB Joe Burrow (134747-63336), RB D'Andre Swift (134747-91598), RB Chase Brown (134747-89493), WR Tee Higgins (134747-89981), WR CeeDee Lamb (134747-86631), WR Nico Collins (134747-91419), TE Brenton Strange (134747-103587), RB Emanuel Wilson (134747-185861), D Las Vegas Raiders (134747-12537)"
1083,3739325986,chaps1999 (130/150),178.52,"QB Joe Burrow (134747-63336), RB David Montgomery (134747-73273), RB Emanuel Wilson (134747-185861), WR Zay Flowers (134747-112295), WR Michael Wilson (134747-89612), WR Tee Higgins (134747-89981), TE Brock Bowers (134747-151794), RB Kenneth Walker III (134747-103342), D Chicago Bears (134747-12527)"
1083,3737226622,texn786 (100/150),178.52,"QB Joe Burrow (134747-63336), RB Javonte Williams (134747-93541), RB Bucky Irving (134747-152664), WR Tee Higgins (134747-89981), WR Luther Burden III (134747-166092), WR CeeDee Lamb (134747-86631), TE T.J. Hockenson (134747-71706), RB Bhayshul Tuten (134747-160620), D New York Giants (134747-12543)"
1086,3737132376,litesprof (1/1),178.5,"QB Jameis Winston (134747-24849), RB Javonte Williams (134747-93541), RB Kenneth Walker III (134747-103342), WR Malik Nabers (134747-151761), WR Nico Collins (134747-91419), WR DJ Moore (134747-63043), TE Brenton Strange (134747-103587), RB Chase Brown (134747-89493), D New York Giants (134747-12543)"
1087,3739841844,dub1007 (1/3),178.48,"QB C.J. Stroud (134747-129471), RB Bucky Irving (134747-152664), RB Kyle Monangai (134747-144102), WR Nico Collins (134747-91419), WR Zay Flowers (134747-112295), WR Dontayvion Wicks (134747-110457), TE Brock Bowers (134747-151794), WR CeeDee Lamb (134747-86631), D Los Angeles Chargers (134747-12548)"
1087,3737189657,rosay20 (1/1),178.48,"QB C.J. Stroud (134747-129471), RB Kenneth Walker III (134747-103342), RB Aaron Jones Sr. (134747-40442), WR CeeDee Lamb (134747-86631), WR Nico Collins (134747-91419), WR Michael Wilson (134747-89612), TE Travis Kelce (134747-33076), TE Brock Bowers (134747-151794), D Tampa Bay Buccaneers (134747-12551)"
1087,3739198120,brothermanfredy (42/101),178.48,"QB C.J. Stroud (134747-129471), RB Kenneth Walker III (134747-103342), RB James Cook III (134747-91626), WR George Pickens (134747-110246), WR Nico Collins (134747-91419), WR Tee Higgins (134747-89981), TE Mark Andrews (134747-52436), RB Emanuel Wilson (134747-185861), D Cincinnati Bengals (134747-12528)"
1087,3739053224,danielson105 (89/150),178.48,"QB C.J. Stroud (134747-129471), RB Christian McCaffrey (134747-55050), RB Kenneth Walker III (134747-103342), WR CeeDee Lamb (134747-86631), WR Nico Collins (134747-91419), WR Ryan Flournoy (134747-201233), TE Brenton Strange (134747-103587), WR Dohnte Meyers (134747-241064), D Green Bay Packers (134747-12533)"
1087,3739857128,duelingfan802 (26/150),178.48,"QB C.J. Stroud (134747-129471), RB Aaron Jones Sr. (134747-40442), RB Braelon Allen (134747-158412), WR Jordan Addison (134747-129210), WR CeeDee Lamb (134747-86631), WR Tee Higgins (134747-89981), TE T.J. Hockenson (134747-71706), RB Kenneth Walker III (134747-103342), D Minnesota Vikings (134747-12540)"
1087,3738056442,jbank727 (31/103),178.48,"QB C.J. Stroud (134747-129471), RB RJ Harvey (134747-110484), RB Jeremiyah Love (134747-188171), WR Nico Collins (134747-91419), WR CeeDee Lamb (134747-86631), WR Tee Higgins (134747-89981), TE George Kittle (134747-39793), RB Aaron Jones Sr. (134747-40442), D Seattle Seahawks (134747-12550)"
1087,3738056541,jbank727 (76/103),178.48,"QB C.J. Stroud (134747-129471), RB RJ Harvey (134747-110484), RB Jeremiyah Love (134747-188171), WR Nico Collins (134747-91419), WR CeeDee Lamb (134747-86631), WR Tee Higgins (134747-89981), TE George Kittle (134747-39793), RB Aaron Jones Sr. (134747-40442), D Seattle Seahawks (134747-12550)"
1087,3738823017,walshpt17 (6/9),178.48,"QB C.J. Stroud (134747-129471), RB Kenneth Walker III (134747-103342), RB Aaron Jones Sr. (134747-40442), WR CeeDee Lamb (134747-86631), WR Nico Collins (134747-91419), WR Michael Wilson (134747-89612), TE Travis Kelce (134747-33076), TE Brock Bowers (134747-151794), D Tampa Bay Buccaneers (134747-12551)"
1087,3739351921,destructiondealers101 (136/150),178.48,"QB C.J. Stroud (134747-129471), RB Kenneth Walker III (134747-103342), RB Aaron Jones Sr. (134747-40442), WR CeeDee Lamb (134747-86631), WR Michael Wilson (134747-89612), WR Nico Collins (134747-91419), TE Brock Bowers (134747-151794), TE Travis Kelce (134747-33076), D Tampa Bay Buccaneers (134747-12551)"
1087,3737027215,mimmos (1/1),178.48,"QB C.J. Stroud (134747-129471), RB Kyle Monangai (134747-144102), RB TreVeyon Henderson (134747-152647), WR Zay Flowers (134747-112295), WR Nico Collins (134747-91419), WR CeeDee Lamb (134747-86631), TE Brock Bowers (134747-151794), WR DJ Moore (134747-63043), D Chicago Bears (134747-12527)"
1087,3739564146,bsmithheresy (2/2),178.48,"QB C.J. Stroud (134747-129471), RB Kenneth Walker III (134747-103342), RB Aaron Jones Sr. (134747-40442), WR CeeDee Lamb (134747-86631), WR Nico Collins (134747-91419), WR Michael Wilson (134747-89612), TE Travis Kelce (134747-33076), TE Brock Bowers (134747-151794), D Tampa Bay Buccaneers (134747-12551)"
1087,3738128316,grantgoupil (115/150),178.48,"QB C.J. Stroud (134747-129471), RB Derrick Henry (134747-39280), RB Jeremiyah Love (134747-188171), WR CeeDee Lamb (134747-86631), WR Nico Collins (134747-91419), WR Tee Higgins (134747-89981), TE T.J. Hockenson (134747-71706), RB Aaron Jones Sr. (134747-40442), D New York Jets (134747-12544)"
1087,3738860207,daherzog17 (2/4),178.48,"QB C.J. Stroud (134747-129471), RB Kenneth Walker III (134747-103342), RB Aaron Jones Sr. (134747-40442), WR CeeDee Lamb (134747-86631), WR Nico Collins (134747-91419), WR Michael Wilson (134747-89612), TE Travis Kelce (134747-33076), TE Brock Bowers (134747-151794), D New York Jets (134747-12544)"
1087,3738860398,daherzog17 (3/4),178.48,"QB C.J. Stroud (134747-129471), RB Kenneth Walker III (134747-103342), RB Aaron Jones Sr. (134747-40442), WR CeeDee Lamb (134747-86631), WR Nico Collins (134747-91419), WR Michael Wilson (134747-89612), TE Travis Kelce (134747-33076), TE Brock Bowers (134747-151794), D New York Jets (134747-12544)"
1101,3738356099,kaibathedon (116/150),178.42,"QB Joe Burrow (134747-63336), RB Aaron Jones Sr. (134747-40442), RB Jeremiyah Love (134747-188171), WR CeeDee Lamb (134747-86631), WR Tee Higgins (134747-89981), WR Jordan Addison (134747-129210), TE T.J. Hockenson (134747-71706), RB Kenneth Walker III (134747-103342), D Chicago Bears (134747-12527)"
1101,3739262654,hill1978 (80/150),178.42,"QB Joe Burrow (134747-63336), RB Aaron Jones Sr. (134747-40442), RB Jeremiyah Love (134747-188171), WR CeeDee Lamb (134747-86631), WR Tee Higgins (134747-89981), WR Jordan Addison (134747-129210), TE T.J. Hockenson (134747-71706), RB Kenneth Walker III (134747-103342), D Chicago Bears (134747-12527)"
1101,3739059298,alethia64 (33/140),178.42,"QB Joe Burrow (134747-63336), RB Emanuel Wilson (134747-185861), RB George Holani (134747-114231), WR Makai Lemon (134747-183380), WR Nico Collins (134747-91419), WR Tee Higgins (134747-89981), TE Brock Bowers (134747-151794), RB Kenneth Walker III (134747-103342), D Seattle Seahawks (134747-12550)"
1104,3739751849,peteg9699 (147/150),178.38,"QB C.J. Stroud (134747-129471), RB James Cook III (134747-91626), RB Kenneth Walker III (134747-103342), WR George Pickens (134747-110246), WR Nico Collins (134747-91419), WR Tee Higgins (134747-89981), TE Isaiah Likely (134747-87260), RB Emanuel Wilson (134747-185861), D Tampa Bay Buccaneers (134747-12551)"
1104,3739068037,clonejerry (105/150),178.38,"QB C.J. Stroud (134747-129471), RB Derrick Henry (134747-39280), RB Javonte Williams (134747-93541), WR CeeDee Lamb (134747-86631), WR Nico Collins (134747-91419), WR Zay Flowers (134747-112295), TE Foster Moreau (134747-60712), TE Isaiah Likely (134747-87260), D Jacksonville Jaguars (134747-12554)"
1104,3739140984,sugnice72 (14/150),178.38,"QB C.J. Stroud (134747-129471), RB James Cook III (134747-91626), RB Javonte Williams (134747-93541), WR CeeDee Lamb (134747-86631), WR Nico Collins (134747-91419), WR Zay Flowers (134747-112295), TE Dalton Schultz (134747-55042), WR Jaylin Noel (134747-152007), D Tampa Bay Buccaneers (134747-12551)"
1104,3739350325,smcc716 (45/150),178.38,"QB C.J. Stroud (134747-129471), RB Javonte Williams (134747-93541), RB George Holani (134747-114231), WR Parker Washington (134747-137516), WR Tee Higgins (134747-89981), WR Nico Collins (134747-91419), TE Brock Bowers (134747-151794), RB Kenneth Walker III (134747-103342), D New York Giants (134747-12543)"
1104,3738375197,scottism84 (29/150),178.38,"QB C.J. Stroud (134747-129471), RB James Cook III (134747-91626), RB Kenneth Walker III (134747-103342), WR Michael Wilson (134747-89612), WR Matthew Golden (134747-166916), WR Nico Collins (134747-91419), TE Brock Bowers (134747-151794), RB Emanuel Wilson (134747-185861), D Chicago Bears (134747-12527)"
1109,3736802944,sdesmith (3/11),178.36,"QB Drake Maye (134747-152316), RB Aaron Jones Sr. (134747-40442), RB Jeremiyah Love (134747-188171), WR Nico Collins (134747-91419), WR Zay Flowers (134747-112295), WR Tee Higgins (134747-89981), TE Hunter Henry (134747-40845), RB Kenneth Walker III (134747-103342), D Arizona Cardinals (134747-12546)"
1110,3739542039,dfsg0dsent (21/150),178.32,"QB Joe Burrow (134747-63336), RB Emanuel Wilson (134747-185861), RB D'Andre Swift (134747-91598), WR Jakobi Meyers (134747-63634), WR Nico Collins (134747-91419), WR Tee Higgins (134747-89981), TE Brock Bowers (134747-151794), WR CeeDee Lamb (134747-86631), D Tampa Bay Buccaneers (134747-12551)"
1111,3738976300,purplhazeytv (83/150),178.3,"QB Dak Prescott (134747-31716), RB Javonte Williams (134747-93541), RB Aaron Jones Sr. (134747-40442), WR Tee Higgins (134747-89981), WR Ryan Flournoy (134747-201233), WR Nico Collins (134747-91419), TE George Kittle (134747-39793), RB Kenneth Walker III (134747-103342), D Tampa Bay Buccaneers (134747-12551)"
1112,3737031005,westinw12 (140/150),178.28,"QB C.J. Stroud (134747-129471), RB Aaron Jones Sr. (134747-40442), RB James Cook III (134747-91626), WR Zay Flowers (134747-112295), WR Nico Collins (134747-91419), WR CeeDee Lamb (134747-86631), TE Tyler Higbee (134747-47870), TE George Kittle (134747-39793), D Chicago Bears (134747-12527)"
1112,3736436922,cbms36 (74/150),178.28,"QB C.J. Stroud (134747-129471), RB Jeremiyah Love (134747-188171), RB Javonte Williams (134747-93541), WR Nico Collins (134747-91419), WR Zay Flowers (134747-112295), WR Mack Hollins (134747-25267), TE Isaiah Likely (134747-87260), RB Kenneth Walker III (134747-103342), D Seattle Seahawks (134747-12550)"
1112,3739630023,livejack (3/3),178.28,"QB C.J. Stroud (134747-129471), RB Derrick Henry (134747-39280), RB James Cook III (134747-91626), WR Nico Collins (134747-91419), WR CeeDee Lamb (134747-86631), WR Tyquan Thornton (134747-89220), TE Dalton Schultz (134747-55042), TE T.J. Hockenson (134747-71706), D Buffalo Bills (134747-12526)"
1112,3739244774,littlemonsters614 (130/150),178.28,"QB C.J. Stroud (134747-129471), RB Kenneth Walker III (134747-103342), RB Aaron Jones Sr. (134747-40442), WR Nico Collins (134747-91419), WR Tee Higgins (134747-89981), WR Michael Wilson (134747-89612), TE T.J. Hockenson (134747-71706), WR Jaxon Smith-Njigba (134747-129458), D Tampa Bay Buccaneers (134747-12551)"
1112,3737130466,greatestbrit (42/150),178.28,"QB C.J. Stroud (134747-129471), RB Aaron Jones Sr. (134747-40442), RB Kenneth Walker III (134747-103342), WR Nico Collins (134747-91419), WR Xavier Hutchinson (134747-119788), WR CeeDee Lamb (134747-86631), TE Brock Bowers (134747-151794), WR Matthew Golden (134747-166916), D Los Angeles Chargers (134747-12548)"
1117,3739796403,rowdygopher (141/150),178.22,"QB Joe Burrow (134747-63336), RB Kenneth Walker III (134747-103342), RB Emanuel Wilson (134747-185861), WR Tee Higgins (134747-89981), WR Michael Wilson (134747-89612), WR Puka Nacua (134747-103020), TE Brenton Strange (134747-103587), WR Matthew Golden (134747-166916), D Buffalo Bills (134747-12526)"
1118,3739580752,ronhoncho (33/34),178.2,"QB Dak Prescott (134747-31716), RB Javonte Williams (134747-93541), RB Aaron Jones Sr. (134747-40442), WR George Pickens (134747-110246), WR Nico Collins (134747-91419), WR Tee Higgins (134747-89981), TE Brenton Strange (134747-103587), RB Emanuel Wilson (134747-185861), D Seattle Seahawks (134747-12550)"
1119,3739646455,collarcity (5/6),178.18,"QB C.J. Stroud (134747-129471), RB Emanuel Wilson (134747-185861), RB Kenneth Walker III (134747-103342), WR CeeDee Lamb (134747-86631), WR Jakobi Meyers (134747-63634), WR Nico Collins (134747-91419), TE Kenyon Sadiq (134747-184873), RB James Cook III (134747-91626), D Jacksonville Jaguars (134747-12554)"
1119,3738711096,gexdt (1/1),178.18,"QB C.J. Stroud (134747-129471), RB Braelon Allen (134747-158412), RB Derrick Henry (134747-39280), WR Dontayvion Wicks (134747-110457), WR Nico Collins (134747-91419), WR CeeDee Lamb (134747-86631), TE T.J. Hockenson (134747-71706), RB Kyren Williams (134747-104433), D Chicago Bears (134747-12527)"
1119,3738997398,dnd916 (118/150),178.18,"QB C.J. Stroud (134747-129471), RB Javonte Williams (134747-93541), RB D'Andre Swift (134747-91598), WR CeeDee Lamb (134747-86631), WR Mack Hollins (134747-25267), WR Nico Collins (134747-91419), TE T.J. Hockenson (134747-71706), RB Chase Brown (134747-89493), D Arizona Cardinals (134747-12546)"
1119,3738583645,sixbeersin (149/150),178.18,"QB C.J. Stroud (134747-129471), RB Kenneth Walker III (134747-103342), RB Kyren Williams (134747-104433), WR Wan'Dale Robinson (134747-103539), WR Nico Collins (134747-91419), WR CeeDee Lamb (134747-86631), TE Dalton Schultz (134747-55042), WR Quentin Johnston (134747-120639), D Los Angeles Rams (134747-12538)"
1119,3737030927,westinw12 (105/150),178.18,"QB C.J. Stroud (134747-129471), RB Kyren Williams (134747-104433), RB Chase Brown (134747-89493), WR Zay Flowers (134747-112295), WR George Pickens (134747-110246), WR Nico Collins (134747-91419), TE T.J. Hockenson (134747-71706), RB Aaron Jones Sr. (134747-40442), D Chicago Bears (134747-12527)"
1119,3739162782,scm1331 (19/150),178.18,"QB C.J. Stroud (134747-129471), RB D'Andre Swift (134747-91598), RB Javonte Williams (134747-93541), WR Matthew Golden (134747-166916), WR Nico Collins (134747-91419), WR Zay Flowers (134747-112295), TE Mark Andrews (134747-52436), RB Kenneth Walker III (134747-103342), D Chicago Bears (134747-12527)"
1125,3739040793,jwest0321 (104/150),178.12,"QB Josh Allen (134747-62239), RB David Montgomery (134747-73273), RB Aaron Jones Sr. (134747-40442), WR Malik Nabers (134747-151761), WR Tee Higgins (134747-89981), WR Nico Collins (134747-91419), TE T.J. Hockenson (134747-71706), RB Kenneth Walker III (134747-103342), D Chicago Bears (134747-12527)"
1125,3738940262,heatfluck (4/8),178.12,"QB Jalon Daniels (134747-135811), RB Kyren Williams (134747-104433), RB Javonte Williams (134747-93541), WR CeeDee Lamb (134747-86631), WR Christian Watson (134747-169776), WR Nico Collins (134747-91419), TE Isaiah Likely (134747-87260), RB Aaron Jones Sr. (134747-40442), D Chicago Bears (134747-12527)"
1127,3738296085,micvicious215 (118/150),178.1,"QB Dak Prescott (134747-31716), RB Braelon Allen (134747-158412), RB Derrick Henry (134747-39280), WR Luther Burden III (134747-166092), WR CeeDee Lamb (134747-86631), WR Nico Collins (134747-91419), TE T.J. Hockenson (134747-71706), RB Emanuel Wilson (134747-185861), D Seattle Seahawks (134747-12550)"
1127,3736906763,uncool_19 (146/150),178.1,"QB Dak Prescott (134747-31716), RB Kenneth Walker III (134747-103342), RB Emanuel Wilson (134747-185861), WR CeeDee Lamb (134747-86631), WR Nico Collins (134747-91419), WR Matthew Golden (134747-166916), TE Jake Ferguson (134747-89680), TE Mark Andrews (134747-52436), D Minnesota Vikings (134747-12540)"
1127,3738302752,jwerk (5/18),178.1,"QB Dak Prescott (134747-31716), RB Jeremiyah Love (134747-188171), RB Javonte Williams (134747-93541), WR Nico Collins (134747-91419), WR CeeDee Lamb (134747-86631), WR Tee Higgins (134747-89981), TE Isaiah Likely (134747-87260), RB Aaron Jones Sr. (134747-40442), D Chicago Bears (134747-12527)"
1127,3738832054,mykaahhhh (121/150),178.1,"QB Dak Prescott (134747-31716), RB Chase Brown (134747-89493), RB Kenneth Walker III (134747-103342), WR Luther Burden III (134747-166092), WR Isaiah Williams (134747-112041), WR CeeDee Lamb (134747-86631), TE Mark Andrews (134747-52436), WR Nico Collins (134747-91419), D Arizona Cardinals (134747-12546)"
1131,3739751535,peteg9699 (77/150),178.08,"QB C.J. Stroud (134747-129471), RB Derrick Henry (134747-39280), RB Kenneth Walker III (134747-103342), WR George Pickens (134747-110246), WR Nico Collins (134747-91419), WR Michael Wilson (134747-89612), TE T.J. Hockenson (134747-71706), RB Emanuel Wilson (134747-185861), D Tampa Bay Buccaneers (134747-12551)"
1131,3739740305,keithpotter21 (140/150),178.08,"QB C.J. Stroud (134747-129471), RB Javonte Williams (134747-93541), RB Rhamondre Stevenson (134747-111540), WR CeeDee Lamb (134747-86631), WR Nico Collins (134747-91419), WR Carnell Tate (134747-183756), TE Dalton Schultz (134747-55042), RB James Cook III (134747-91626), D San Francisco 49ers (134747-12549)"
1131,3739447728,hugepizzamakers (132/150),178.08,"QB C.J. Stroud (134747-129471), RB Jeremiyah Love (134747-188171), RB Aaron Jones Sr. (134747-40442), WR Tee Higgins (134747-89981), WR Nico Collins (134747-91419), WR CeeDee Lamb (134747-86631), TE Travis Kelce (134747-33076), RB Kenneth Walker III (134747-103342), D Tampa Bay Buccaneers (134747-12551)"
1131,3739199315,brothermanfredy (64/101),178.08,"QB C.J. Stroud (134747-129471), RB Kenneth Walker III (134747-103342), RB Jeremiyah Love (134747-188171), WR CeeDee Lamb (134747-86631), WR Nico Collins (134747-91419), WR Tee Higgins (134747-89981), TE Travis Kelce (134747-33076), RB Aaron Jones Sr. (134747-40442), D Tampa Bay Buccaneers (134747-12551)"
1131,3739098285,scruffymcgruffy (85/150),178.08,"QB C.J. Stroud (134747-129471), RB Jeremiyah Love (134747-188171), RB Kenneth Walker III (134747-103342), WR CeeDee Lamb (134747-86631), WR Nico Collins (134747-91419), WR Tee Higgins (134747-89981), TE Mark Andrews (134747-52436), WR Jordan Addison (134747-129210), D Cincinnati Bengals (134747-12528)"
1131,3737267818,ragekage420 (1/1),178.08,"QB C.J. Stroud (134747-129471), RB Kenneth Walker III (134747-103342), RB Aaron Jones Sr. (134747-40442), WR Nico Collins (134747-91419), WR Tee Higgins (134747-89981), WR CeeDee Lamb (134747-86631), TE Travis Kelce (134747-33076), RB Jeremiyah Love (134747-188171), D New York Jets (134747-12544)"
1131,3739558530,baltimorebirds (40/55),178.08,"QB C.J. Stroud (134747-129471), RB Aaron Jones Sr. (134747-40442), RB Jeremiyah Love (134747-188171), WR Nico Collins (134747-91419), WR CeeDee Lamb (134747-86631), WR Tee Higgins (134747-89981), TE Travis Kelce (134747-33076), RB Kenneth Walker III (134747-103342), D Tampa Bay Buccaneers (134747-12551)"
1131,3737807212,mrpatterson (4/5),178.08,"QB C.J. Stroud (134747-129471), RB Aaron Jones Sr. (134747-40442), RB Jeremiyah Love (134747-188171), WR Nico Collins (134747-91419), WR CeeDee Lamb (134747-86631), WR Tee Higgins (134747-89981), TE Travis Kelce (134747-33076), RB Kenneth Walker III (134747-103342), D New York Jets (134747-12544)"
1131,3739270631,piper316 (5/5),178.08,"QB C.J. Stroud (134747-129471), RB Kenneth Walker III (134747-103342), RB Aaron Jones Sr. (134747-40442), WR Nico Collins (134747-91419), WR Michael Wilson (134747-89612), WR Christian Watson (134747-169776), TE Mike Gesicki (134747-56265), WR CeeDee Lamb (134747-86631), D Chicago Bears (134747-12527)"
1131,3739483892,idontknow3211 (1/1),178.08,"QB C.J. Stroud (134747-129471), RB Kenneth Walker III (134747-103342), RB Jeremiyah Love (134747-188171), WR CeeDee Lamb (134747-86631), WR Nico Collins (134747-91419), WR Tee Higgins (134747-89981), TE Travis Kelce (134747-33076), RB Aaron Jones Sr. (134747-40442), D New York Jets (134747-12544)"
1131,3739413977,flyingcircus (48/150),178.08,"QB C.J. Stroud (134747-129471), RB James Cook III (134747-91626), RB Jeremiyah Love (134747-188171), WR Tee Higgins (134747-89981), WR Nico Collins (134747-91419), WR Luther Burden III (134747-166092), TE T.J. Hockenson (134747-71706), RB Kenneth Walker III (134747-103342), D Seattle Seahawks (134747-12550)"
1131,3738682786,grantmeyourfavor (73/150),178.08,"QB C.J. Stroud (134747-129471), RB Aaron Jones Sr. (134747-40442), RB Cam Skattebo (134747-183240), WR CeeDee Lamb (134747-86631), WR Nico Collins (134747-91419), WR DJ Moore (134747-63043), TE T.J. Hockenson (134747-71706), RB Kenneth Walker III (134747-103342), D Chicago Bears (134747-12527)"
1131,3739032211,pdx_don (5/14),178.08,"QB C.J. Stroud (134747-129471), RB Jeremiyah Love (134747-188171), RB Aaron Jones Sr. (134747-40442), WR Nico Collins (134747-91419), WR CeeDee Lamb (134747-86631), WR Tee Higgins (134747-89981), TE Travis Kelce (134747-33076), RB Kenneth Walker III (134747-103342), D Tampa Bay Buccaneers (134747-12551)"
1131,3737403311,lfryo (24/150),178.08,"QB C.J. Stroud (134747-129471), RB Jeremiyah Love (134747-188171), RB Aaron Jones Sr. (134747-40442), WR CeeDee Lamb (134747-86631), WR Nico Collins (134747-91419), WR Tee Higgins (134747-89981), TE T.J. Hockenson (134747-71706), RB Christian McCaffrey (134747-55050), D Tampa Bay Buccaneers (134747-12551)"
1145,3736858880,thephenix (47/150),178.02,"QB Joe Burrow (134747-63336), RB Jeremiyah Love (134747-188171), RB Kenneth Walker III (134747-103342), WR Tee Higgins (134747-89981), WR Carnell Tate (134747-183756), WR Zay Flowers (134747-112295), TE T.J. Hockenson (134747-71706), RB Christian McCaffrey (134747-55050), D Tampa Bay Buccaneers (134747-12551)"
1146,3738787029,cbc113 (2/22),178.0,"QB Dak Prescott (134747-31716), RB Emanuel Wilson (134747-185861), RB Kyren Williams (134747-104433), WR CeeDee Lamb (134747-86631), WR Tee Higgins (134747-89981), WR Zay Flowers (134747-112295), TE Dalton Schultz (134747-55042), RB Jeremiyah Love (134747-188171), D Chicago Bears (134747-12527)"
1146,3739832100,cbc113 (19/22),178.0,"QB Dak Prescott (134747-31716), RB Emanuel Wilson (134747-185861), RB Kyren Williams (134747-104433), WR CeeDee Lamb (134747-86631), WR Tee Higgins (134747-89981), WR Zay Flowers (134747-112295), TE Dalton Schultz (134747-55042), RB Jeremiyah Love (134747-188171), D Chicago Bears (134747-12527)"
1146,3737455240,tigglet (52/150),178.0,"QB Jameis Winston (134747-24849), RB Kyren Williams (134747-104433), RB Javonte Williams (134747-93541), WR Malik Nabers (134747-151761), WR Michael Wilson (134747-89612), WR Garrett Wilson (134747-103564), TE Brock Bowers (134747-151794), RB Emanuel Wilson (134747-185861), D New York Giants (134747-12543)"
1149,3737332435,flapnuggets (122/150),177.98,"QB C.J. Stroud (134747-129471), RB Braelon Allen (134747-158412), RB Emanuel Wilson (134747-185861), WR Tee Higgins (134747-89981), WR CeeDee Lamb (134747-86631), WR Nico Collins (134747-91419), TE Trey McBride (134747-91750), RB Aaron Jones Sr. (134747-40442), D Chicago Bears (134747-12527)"
1149,3737649479,bears456 (30/150),177.98,"QB C.J. Stroud (134747-129471), RB D'Andre Swift (134747-91598), RB Aaron Jones Sr. (134747-40442), WR Michael Wilson (134747-89612), WR CeeDee Lamb (134747-86631), WR Nico Collins (134747-91419), TE Mark Andrews (134747-52436), RB Kenneth Walker III (134747-103342), D Chicago Bears (134747-12527)"
1149,3738069456,hwwof (120/150),177.98,"QB C.J. Stroud (134747-129471), RB Kenneth Walker III (134747-103342), RB Jeremiyah Love (134747-188171), WR Puka Nacua (134747-103020), WR Nico Collins (134747-91419), WR Malik Nabers (134747-151761), TE Brenton Strange (134747-103587), RB Aaron Jones Sr. (134747-40442), D New York Jets (134747-12544)"
1149,3739573395,dvstreezy (146/150),177.98,"QB C.J. Stroud (134747-129471), RB Jeremiyah Love (134747-188171), RB Javonte Williams (134747-93541), WR Nico Collins (134747-91419), WR Malik Nabers (134747-151761), WR Matthew Golden (134747-166916), TE George Kittle (134747-39793), RB Kenneth Walker III (134747-103342), D New York Jets (134747-12544)"
1149,3737412268,nebual2203 (1/1),177.98,"QB Matthew Stafford (134747-6654), RB Kyren Williams (134747-104433), RB Kenneth Walker III (134747-103342), WR Puka Nacua (134747-103020), WR Keon Coleman (134747-157467), WR Cody White (134747-92890), TE Brock Bowers (134747-151794), TE Michael Mayer (134747-138998), D Seattle Seahawks (134747-12550)"
1149,3738843180,snackking123 (14/150),177.98,"QB Kyler Murray (134747-63484), RB Javonte Williams (134747-93541), RB Aaron Jones Sr. (134747-40442), WR Zay Flowers (134747-112295), WR Tee Higgins (134747-89981), WR Jordan Addison (134747-129210), TE T.J. Hockenson (134747-71706), RB Kenneth Walker III (134747-103342), D Seattle Seahawks (134747-12550)"
1149,3737125741,joalmighty (23/150),177.98,"QB Kyler Murray (134747-63484), RB Javonte Williams (134747-93541), RB Aaron Jones Sr. (134747-40442), WR Zay Flowers (134747-112295), WR Tee Higgins (134747-89981), WR Jordan Addison (134747-129210), TE T.J. Hockenson (134747-71706), RB Kenneth Walker III (134747-103342), D Seattle Seahawks (134747-12550)"
1149,3738765371,tswift98 (149/150),177.98,"QB C.J. Stroud (134747-129471), RB Javonte Williams (134747-93541), RB Rhamondre Stevenson (134747-111540), WR Zay Flowers (134747-112295), WR Christian Watson (134747-169776), WR Nico Collins (134747-91419), TE Travis Kelce (134747-33076), RB Kenneth Walker III (134747-103342), D Arizona Cardinals (134747-12546)"
1149,3739518176,tampateddy (23/150),177.98,"QB C.J. Stroud (134747-129471), RB Kenneth Walker III (134747-103342), RB Aaron Jones Sr. (134747-40442), WR Nico Collins (134747-91419), WR Tee Higgins (134747-89981), WR DJ Moore (134747-63043), TE Brock Bowers (134747-151794), TE T.J. Hockenson (134747-71706), D Minnesota Vikings (134747-12540)"
1158,3739641698,dptdawg (140/150),177.92,"QB Joe Burrow (134747-63336), RB Derrick Henry (134747-39280), RB Rhamondre Stevenson (134747-111540), WR CeeDee Lamb (134747-86631), WR Tee Higgins (134747-89981), WR Zay Flowers (134747-112295), TE T.J. Hockenson (134747-71706), WR Matthew Golden (134747-166916), D Las Vegas Raiders (134747-12537)"
1159,3739384827,atxsooner (125/150),177.9,"QB Kirk Cousins (134747-22038), RB Kyren Williams (134747-104433), RB Rhamondre Stevenson (134747-111540), WR Tre Tucker (134747-103619), WR Zay Flowers (134747-112295), WR CeeDee Lamb (134747-86631), TE Hunter Henry (134747-40845), TE George Kittle (134747-39793), D Seattle Seahawks (134747-12550)"
1160,3738823455,bum_mahoney (1/1),177.88,"QB C.J. Stroud (134747-129471), RB Kenneth Walker III (134747-103342), RB Derrick Henry (134747-39280), WR Nico Collins (134747-91419), WR CeeDee Lamb (134747-86631), WR Dontayvion Wicks (134747-110457), TE T.J. Hockenson (134747-71706), WR Marvin Harrison Jr. (134747-152651), D New York Jets (134747-12544)"
1160,3738911307,flimflamman (94/150),177.88,"QB C.J. Stroud (134747-129471), RB Derrick Henry (134747-39280), RB Javonte Williams (134747-93541), WR Nico Collins (134747-91419), WR Tee Higgins (134747-89981), WR Kayshon Boutte (134747-119653), TE Isaiah Likely (134747-87260), RB Kenneth Walker III (134747-103342), D Tampa Bay Buccaneers (134747-12551)"
1162,3739454674,markpiechowski (19/21),177.86,"QB Drake Maye (134747-152316), RB Derrick Henry (134747-39280), RB Kenneth Walker III (134747-103342), WR Romeo Doubs (134747-94370), WR Darius Cooper (134747-226859), WR CeeDee Lamb (134747-86631), TE Hunter Henry (134747-40845), RB James Cook III (134747-91626), D New York Jets (134747-12544)"
1163,3737398527,canesfreak6 (4/150),177.82,"QB Joe Burrow (134747-63336), RB Aaron Jones Sr. (134747-40442), RB James Cook III (134747-91626), WR Zay Flowers (134747-112295), WR Tee Higgins (134747-89981), WR Matthew Golden (134747-166916), TE T.J. Hockenson (134747-71706), RB Kenneth Walker III (134747-103342), D New York Jets (134747-12544)"
1164,3738498567,jlaforce11 (2/2),177.8,"QB Kirk Cousins (134747-22038), RB Kenneth Walker III (134747-103342), RB Aaron Jones Sr. (134747-40442), WR CeeDee Lamb (134747-86631), WR Jakobi Meyers (134747-63634), WR Romeo Doubs (134747-94370), TE Brock Bowers (134747-151794), TE George Kittle (134747-39793), D Arizona Cardinals (134747-12546)"
1165,3738356098,kaibathedon (115/150),177.78,"QB C.J. Stroud (134747-129471), RB Aaron Jones Sr. (134747-40442), RB Kenneth Walker III (134747-103342), WR Nico Collins (134747-91419), WR Malik Nabers (134747-151761), WR Jordan Addison (134747-129210), TE T.J. Hockenson (134747-71706), RB Christian McCaffrey (134747-55050), D Chicago Bears (134747-12527)"
1165,3738837160,getsum122 (3/4),177.78,"QB C.J. Stroud (134747-129471), RB Kenneth Walker III (134747-103342), RB Derrick Henry (134747-39280), WR CeeDee Lamb (134747-86631), WR Nico Collins (134747-91419), WR Jordan Addison (134747-129210), TE Brenton Strange (134747-103587), TE Michael Mayer (134747-138998), D New York Jets (134747-12544)"
1165,3737165593,ghsfy53 (129/150),177.78,"QB C.J. Stroud (134747-129471), RB Braelon Allen (134747-158412), RB Aaron Jones Sr. (134747-40442), WR Khalil Shakir (134747-86518), WR CeeDee Lamb (134747-86631), WR Nico Collins (134747-91419), TE George Kittle (134747-39793), RB Kenneth Walker III (134747-103342), D Los Angeles Rams (134747-12538)"
1168,3739193888,greenbay7450 (9/150),177.76,"QB Justin Herbert (134747-69189), RB Javonte Williams (134747-93541), RB Chase Brown (134747-89493), WR Nico Collins (134747-91419), WR Tee Higgins (134747-89981), WR Malik Nabers (134747-151761), TE Hunter Henry (134747-40845), RB Kenneth Walker III (134747-103342), D Los Angeles Chargers (134747-12548)"
1169,3737352943,tjskoog (82/150),177.72,"QB Josh Allen (134747-62239), RB James Cook III (134747-91626), RB Emanuel Wilson (134747-185861), WR Zay Flowers (134747-112295), WR Khalil Shakir (134747-86518), WR Nico Collins (134747-91419), TE Michael Mayer (134747-138998), RB Kenneth Walker III (134747-103342), D Chicago Bears (134747-12527)"
1169,3739555513,jerryb1960 (1/1),177.72,"QB Joe Burrow (134747-63336), RB Kenneth Walker III (134747-103342), RB Aaron Jones Sr. (134747-40442), WR Matthew Golden (134747-166916), WR Luther Burden III (134747-166092), WR Tee Higgins (134747-89981), TE Tyler Higbee (134747-47870), WR CeeDee Lamb (134747-86631), D Seattle Seahawks (134747-12550)"
1171,3737027227,trashpanda1979 (1/1),177.7,"QB Dak Prescott (134747-31716), RB Kenneth Walker III (134747-103342), RB Ollie Gordon II (134747-166112), WR Michael Wilson (134747-89612), WR Carnell Tate (134747-183756), WR CeeDee Lamb (134747-86631), TE Isaiah Likely (134747-87260), RB James Cook III (134747-91626), D Arizona Cardinals (134747-12546)"
1172,3736433930,popflyboy (64/150),177.68,"QB C.J. Stroud (134747-129471), RB Rhamondre Stevenson (134747-111540), RB Derrick Henry (134747-39280), WR Matthew Golden (134747-166916), WR Nico Collins (134747-91419), WR Tee Higgins (134747-89981), TE Brock Bowers (134747-151794), RB Emanuel Wilson (134747-185861), D Seattle Seahawks (134747-12550)"
1172,3739684855,resonator (68/150),177.68,"QB C.J. Stroud (134747-129471), RB Javonte Williams (134747-93541), RB Cam Skattebo (134747-183240), WR Nico Collins (134747-91419), WR Zay Flowers (134747-112295), WR Malik Nabers (134747-151761), TE Brock Bowers (134747-151794), RB Aaron Jones Sr. (134747-40442), D New York Jets (134747-12544)"
1172,3739595172,macwack (132/150),177.68,"QB C.J. Stroud (134747-129471), RB Aaron Jones Sr. (134747-40442), RB Javonte Williams (134747-93541), WR Kalif Raymond (134747-70422), WR Nico Collins (134747-91419), WR CeeDee Lamb (134747-86631), TE Dalton Schultz (134747-55042), RB Kenneth Walker III (134747-103342), D Tampa Bay Buccaneers (134747-12551)"
1172,3738267506,mrday419 (78/93),177.68,"QB C.J. Stroud (134747-129471), RB Bhayshul Tuten (134747-160620), RB Kenneth Walker III (134747-103342), WR Nico Collins (134747-91419), WR CeeDee Lamb (134747-86631), WR Zay Flowers (134747-112295), TE Travis Kelce (134747-33076), WR Khalil Shakir (134747-86518), D New York Jets (134747-12544)"
1172,3739098452,scruffymcgruffy (118/150),177.68,"QB C.J. Stroud (134747-129471), RB Jeremiyah Love (134747-188171), RB Aaron Jones Sr. (134747-40442), WR CeeDee Lamb (134747-86631), WR Nico Collins (134747-91419), WR Zay Flowers (134747-112295), TE T.J. Hockenson (134747-71706), RB Christian McCaffrey (134747-55050), D Los Angeles Chargers (134747-12548)"
1172,3737030831,westinw12 (53/150),177.68,"QB C.J. Stroud (134747-129471), RB Kyren Williams (134747-104433), RB Aaron Jones Sr. (134747-40442), WR Jordan Addison (134747-129210), WR Zay Flowers (134747-112295), WR Nico Collins (134747-91419), TE T.J. Hockenson (134747-71706), RB Christian McCaffrey (134747-55050), D Chicago Bears (134747-12527)"
1172,3738181990,uwant2bdaddy (83/150),177.68,"QB C.J. Stroud (134747-129471), RB Javonte Williams (134747-93541), RB Christian McCaffrey (134747-55050), WR Nico Collins (134747-91419), WR Zay Flowers (134747-112295), WR Matthew Golden (134747-166916), TE Tucker Kraft (134747-160303), RB Emanuel Wilson (134747-185861), D Buffalo Bills (134747-12526)"
1172,3739145548,djrokmuzik (1/1),177.68,"QB C.J. Stroud (134747-129471), RB Kyren Williams (134747-104433), RB Aaron Jones Sr. (134747-40442), WR Nico Collins (134747-91419), WR Jordan Addison (134747-129210), WR Zay Flowers (134747-112295), TE Travis Kelce (134747-33076), RB Kenneth Walker III (134747-103342), D Chicago Bears (134747-12527)"
1172,3739193937,greenbay7450 (33/150),177.68,"QB Kyler Murray (134747-63484), RB Javonte Williams (134747-93541), RB Chase Brown (134747-89493), WR Nico Collins (134747-91419), WR Tee Higgins (134747-89981), WR Malik Nabers (134747-151761), TE Hunter Henry (134747-40845), RB Kenneth Walker III (134747-103342), D Los Angeles Chargers (134747-12548)"
1172,3739193980,greenbay7450 (57/150),177.68,"QB Kyler Murray (134747-63484), RB Javonte Williams (134747-93541), RB Chase Brown (134747-89493), WR Nico Collins (134747-91419), WR Tee Higgins (134747-89981), WR Malik Nabers (134747-151761), TE Hunter Henry (134747-40845), RB Kenneth Walker III (134747-103342), D Los Angeles Chargers (134747-12548)"
1172,3739609508,blastfurness (94/112),177.68,"QB C.J. Stroud (134747-129471), RB Jeremiyah Love (134747-188171), RB Rhamondre Stevenson (134747-111540), WR CeeDee Lamb (134747-86631), WR Nico Collins (134747-91419), WR Jordan Addison (134747-129210), TE Isaiah Likely (134747-87260), RB Kenneth Walker III (134747-103342), D Seattle Seahawks (134747-12550)"
1172,3739410573,bradlygovek (44/80),177.68,"QB C.J. Stroud (134747-129471), RB Javonte Williams (134747-93541), RB Aaron Jones Sr. (134747-40442), WR Ja'Marr Chase (134747-85701), WR CeeDee Lamb (134747-86631), WR Nico Collins (134747-91419), TE Mark Andrews (134747-52436), RB Emanuel Wilson (134747-185861), D Las Vegas Raiders (134747-12537)"
1172,3738670803,fred7474 (5/22),177.68,"QB Matthew Stafford (134747-6654), RB Kenneth Walker III (134747-103342), RB Aaron Jones Sr. (134747-40442), WR Malik Nabers (134747-151761), WR CeeDee Lamb (134747-86631), WR Mack Hollins (134747-25267), TE Tucker Kraft (134747-160303), RB Kyle Monangai (134747-144102), D Philadelphia Eagles (134747-12545)"
1172,3736385872,endlesslight (73/150),177.68,"QB C.J. Stroud (134747-129471), RB Aaron Jones Sr. (134747-40442), RB Jeremiyah Love (134747-188171), WR CeeDee Lamb (134747-86631), WR Nico Collins (134747-91419), WR Zay Flowers (134747-112295), TE T.J. Hockenson (134747-71706), RB Christian McCaffrey (134747-55050), D Los Angeles Chargers (134747-12548)"
1172,3739080151,stevenratiu (2/150),177.68,"QB C.J. Stroud (134747-129471), RB Kenneth Walker III (134747-103342), RB David Montgomery (134747-73273), WR CeeDee Lamb (134747-86631), WR Nico Collins (134747-91419), WR Jordan Addison (134747-129210), TE Mark Andrews (134747-52436), RB Emanuel Wilson (134747-185861), D Kansas City Chiefs (134747-12536)"
1172,3739080540,stevenratiu (86/150),177.68,"QB Lamar Jackson (134747-63115), RB Javonte Williams (134747-93541), RB Kenneth Walker III (134747-103342), WR Carnell Tate (134747-183756), WR Dontayvion Wicks (134747-110457), WR Zay Flowers (134747-112295), TE Mark Andrews (134747-52436), WR Nico Collins (134747-91419), D Chicago Bears (134747-12527)"
1172,3738235091,packattack97502 (33/150),177.68,"QB C.J. Stroud (134747-129471), RB Aaron Jones Sr. (134747-40442), RB Jeremiyah Love (134747-188171), WR CeeDee Lamb (134747-86631), WR Nico Collins (134747-91419), WR Zay Flowers (134747-112295), TE T.J. Hockenson (134747-71706), RB Christian McCaffrey (134747-55050), D Los Angeles Chargers (134747-12548)"
1172,3737953921,tony2458 (1/1),177.68,"QB Lamar Jackson (134747-63115), RB Kyren Williams (134747-104433), RB Chase Brown (134747-89493), WR CeeDee Lamb (134747-86631), WR Zay Flowers (134747-112295), WR Tee Higgins (134747-89981), TE Zach Ertz (134747-29780), TE T.J. Hockenson (134747-71706), D Tampa Bay Buccaneers (134747-12551)"
1190,3739744667,arsle (1/1),177.66,"QB Drake Maye (134747-152316), RB Kenneth Walker III (134747-103342), RB James Cook III (134747-91626), WR Nico Collins (134747-91419), WR Tee Higgins (134747-89981), WR Kendrick Bourne (134747-80289), TE Tucker Kraft (134747-160303), RB Javonte Williams (134747-93541), D New York Jets (134747-12544)"
1191,3737848189,zsharrett (1/2),177.62,"QB Joe Burrow (134747-63336), RB Kenneth Walker III (134747-103342), RB Cam Skattebo (134747-183240), WR Michael Wilson (134747-89612), WR Wan'Dale Robinson (134747-103539), WR Tyquan Thornton (134747-89220), TE Tucker Kraft (134747-160303), WR CeeDee Lamb (134747-86631), D Minnesota Vikings (134747-12540)"
1191,3738879150,markt22 (103/150),177.62,"QB Joe Burrow (134747-63336), RB Derrick Henry (134747-39280), RB Javonte Williams (134747-93541), WR Zay Flowers (134747-112295), WR Tee Higgins (134747-89981), WR Michael Wilson (134747-89612), TE T.J. Hockenson (134747-71706), RB Aaron Jones Sr. (134747-40442), D Chicago Bears (134747-12527)"
1193,3738783292,reynolds18 (142/150),177.6,"QB Jameis Winston (134747-24849), RB Braelon Allen (134747-158412), RB James Cook III (134747-91626), WR Nico Collins (134747-91419), WR CeeDee Lamb (134747-86631), WR Carnell Tate (134747-183756), TE Isaiah Likely (134747-87260), RB Kenneth Walker III (134747-103342), D Los Angeles Rams (134747-12538)"
1193,3739433962,hova733 (5/10),177.6,"QB Jameis Winston (134747-24849), RB Kenneth Walker III (134747-103342), RB Jeremiyah Love (134747-188171), WR Malik Nabers (134747-151761), WR CeeDee Lamb (134747-86631), WR Nico Collins (134747-91419), TE Isaiah Likely (134747-87260), RB Aaron Jones Sr. (134747-40442), D Buffalo Bills (134747-12526)"
1193,3738182475,enniskar (112/150),177.6,"QB Dak Prescott (134747-31716), RB Aaron Jones Sr. (134747-40442), RB Javonte Williams (134747-93541), WR Jordan Addison (134747-129210), WR CeeDee Lamb (134747-86631), WR Matthew Golden (134747-166916), TE T.J. Hockenson (134747-71706), RB Kenneth Walker III (134747-103342), D New York Jets (134747-12544)"
1196,3739657336,theattack (15/150),177.58,"QB C.J. Stroud (134747-129471), RB Braelon Allen (134747-158412), RB Chase Brown (134747-89493), WR Malik Nabers (134747-151761), WR CeeDee Lamb (134747-86631), WR Nico Collins (134747-91419), TE T.J. Hockenson (134747-71706), RB Christian McCaffrey (134747-55050), D Tampa Bay Buccaneers (134747-12551)"
1196,3739447515,hugepizzamakers (95/150),177.58,"QB C.J. Stroud (134747-129471), RB Emanuel Wilson (134747-185861), RB Aaron Jones Sr. (134747-40442), WR Nico Collins (134747-91419), WR CeeDee Lamb (134747-86631), WR Garrett Wilson (134747-103564), TE Travis Kelce (134747-33076), RB Kenneth Walker III (134747-103342), D Tampa Bay Buccaneers (134747-12551)"
1196,3739796240,oilymoily (1/1),177.58,"QB C.J. Stroud (134747-129471), RB Braelon Allen (134747-158412), RB Jeremiyah Love (134747-188171), WR Nico Collins (134747-91419), WR CeeDee Lamb (134747-86631), WR Puka Nacua (134747-103020), TE George Kittle (134747-39793), RB Emanuel Wilson (134747-185861), D New York Jets (134747-12544)"
1196,3736712047,stocko (17/26),177.58,"QB Jordan Love (134747-69017), RB Kyren Williams (134747-104433), RB Kyle Monangai (134747-144102), WR Zay Flowers (134747-112295), WR CeeDee Lamb (134747-86631), WR Matthew Golden (134747-166916), TE Tucker Kraft (134747-160303), WR Michael Wilson (134747-89612), D Buffalo Bills (134747-12526)"
1196,3739351915,destructiondealers101 (135/150),177.58,"QB C.J. Stroud (134747-129471), RB Kenneth Walker III (134747-103342), RB Aaron Jones Sr. (134747-40442), WR Courtland Sutton (134747-57403), WR CeeDee Lamb (134747-86631), WR Nico Collins (134747-91419), TE Travis Kelce (134747-33076), RB Javonte Williams (134747-93541), D Tampa Bay Buccaneers (134747-12551)"
1196,3737142509,pmacc0603 (1/1),177.58,"QB C.J. Stroud (134747-129471), RB Kenneth Walker III (134747-103342), RB Aaron Jones Sr. (134747-40442), WR CeeDee Lamb (134747-86631), WR Tee Higgins (134747-89981), WR Michael Wilson (134747-89612), TE Brock Bowers (134747-151794), RB Braelon Allen (134747-158412), D New York Jets (134747-12544)"
1202,3739684634,resonator (38/150),177.56,"QB Drake Maye (134747-152316), RB Derrick Henry (134747-39280), RB Aaron Jones Sr. (134747-40442), WR Nico Collins (134747-91419), WR Zay Flowers (134747-112295), WR Mack Hollins (134747-25267), TE T.J. Hockenson (134747-71706), RB Kenneth Walker III (134747-103342), D Los Angeles Chargers (134747-12548)"
1202,3739571504,sunshine33 (103/106),177.56,"QB Geno Smith (134747-26483), RB Aaron Jones Sr. (134747-40442), RB Kenneth Walker III (134747-103342), WR Isaiah Williams (134747-112041), WR CeeDee Lamb (134747-86631), WR Tee Higgins (134747-89981), TE Tucker Kraft (134747-160303), WR Zay Flowers (134747-112295), D Green Bay Packers (134747-12533)"
1204,3739363824,eeforrest (1/6),177.52,"QB Joe Burrow (134747-63336), RB Derrick Henry (134747-39280), RB Kenneth Walker III (134747-103342), WR CeeDee Lamb (134747-86631), WR Xavier Worthy (134747-158974), WR Nico Collins (134747-91419), TE Tyler Higbee (134747-47870), TE Michael Mayer (134747-138998), D Cincinnati Bengals (134747-12528)"
1204,3739363833,eeforrest (2/6),177.52,"QB Joe Burrow (134747-63336), RB Derrick Henry (134747-39280), RB Kenneth Walker III (134747-103342), WR CeeDee Lamb (134747-86631), WR Xavier Worthy (134747-158974), WR Nico Collins (134747-91419), TE Tyler Higbee (134747-47870), TE Michael Mayer (134747-138998), D Cincinnati Bengals (134747-12528)"
1204,3739368009,eeforrest (3/6),177.52,"QB Joe Burrow (134747-63336), RB Derrick Henry (134747-39280), RB Kenneth Walker III (134747-103342), WR CeeDee Lamb (134747-86631), WR Xavier Worthy (134747-158974), WR Nico Collins (134747-91419), TE Tyler Higbee (134747-47870), TE Michael Mayer (134747-138998), D Cincinnati Bengals (134747-12528)"
1204,3739368012,eeforrest (4/6),177.52,"QB Joe Burrow (134747-63336), RB Derrick Henry (134747-39280), RB Kenneth Walker III (134747-103342), WR CeeDee Lamb (134747-86631), WR Xavier Worthy (134747-158974), WR Nico Collins (134747-91419), TE Tyler Higbee (134747-47870), TE Michael Mayer (134747-138998), D Cincinnati Bengals (134747-12528)"
1204,3737331349,holm201 (1/1),177.52,"QB Sam Darnold (134747-63589), RB Kenneth Walker III (134747-103342), RB Kyren Williams (134747-104433), WR CeeDee Lamb (134747-86631), WR Tee Higgins (134747-89981), WR Jakobi Meyers (134747-63634), TE Isaiah Likely (134747-87260), TE Mark Andrews (134747-52436), D Seattle Seahawks (134747-12550)"
1209,3737900850,islapyou (108/150),177.5,"QB Kirk Cousins (134747-22038), RB Kenneth Walker III (134747-103342), RB Javonte Williams (134747-93541), WR Zay Flowers (134747-112295), WR Tre Tucker (134747-103619), WR Malik Nabers (134747-151761), TE Brock Bowers (134747-151794), RB Braelon Allen (134747-158412), D Arizona Cardinals (134747-12546)"
1209,3737440730,nasgof (7/12),177.5,"QB Dak Prescott (134747-31716), RB Kyle Monangai (134747-144102), RB Javonte Williams (134747-93541), WR Tee Higgins (134747-89981), WR CeeDee Lamb (134747-86631), WR Jaylen Waddle (134747-90573), TE Mike Gesicki (134747-56265), TE Trey McBride (134747-91750), D Jacksonville Jaguars (134747-12554)"
1209,3739829276,teerav15 (11/150),177.5,"QB Dak Prescott (134747-31716), RB Kenneth Walker III (134747-103342), RB Aaron Jones Sr. (134747-40442), WR CeeDee Lamb (134747-86631), WR Nico Collins (134747-91419), WR Parker Washington (134747-137516), TE Isaiah Likely (134747-87260), RB Emanuel Wilson (134747-185861), D Tampa Bay Buccaneers (134747-12551)"
1212,3739751261,peteg9699 (18/150),177.48,"QB C.J. Stroud (134747-129471), RB Cam Skattebo (134747-183240), RB Kenneth Walker III (134747-103342), WR CeeDee Lamb (134747-86631), WR Garrett Wilson (134747-103564), WR Nico Collins (134747-91419), TE Isaiah Likely (134747-87260), RB Emanuel Wilson (134747-185861), D Tampa Bay Buccaneers (134747-12551)"
1212,3738912829,delle22 (14/100),177.48,"QB C.J. Stroud (134747-129471), RB Aaron Jones Sr. (134747-40442), RB James Cook III (134747-91626), WR Carnell Tate (134747-183756), WR Nico Collins (134747-91419), WR Michael Wilson (134747-89612), TE Brock Bowers (134747-151794), RB Kenneth Walker III (134747-103342), D Chicago Bears (134747-12527)"
1212,3738759561,mikejets15 (34/150),177.48,"QB C.J. Stroud (134747-129471), RB Cam Skattebo (134747-183240), RB D'Andre Swift (134747-91598), WR Michael Wilson (134747-89612), WR Nico Collins (134747-91419), WR CeeDee Lamb (134747-86631), TE T.J. Hockenson (134747-71706), RB Kenneth Walker III (134747-103342), D Los Angeles Chargers (134747-12548)"
1212,3739803666,adriff (2/2),177.48,"QB C.J. Stroud (134747-129471), RB Christian McCaffrey (134747-55050), RB Kenneth Walker III (134747-103342), WR Nico Collins (134747-91419), WR CeeDee Lamb (134747-86631), WR Dontayvion Wicks (134747-110457), TE T.J. Hockenson (134747-71706), RB Braelon Allen (134747-158412), D New York Jets (134747-12544)"
1212,3739779486,drtm1689 (33/150),177.48,"QB C.J. Stroud (134747-129471), RB Javonte Williams (134747-93541), RB Aaron Jones Sr. (134747-40442), WR Zay Flowers (134747-112295), WR Nico Collins (134747-91419), WR Garrett Wilson (134747-103564), TE Isaiah Likely (134747-87260), RB Kenneth Walker III (134747-103342), D Miami Dolphins (134747-12539)"
1212,3737612088,mxd333 (89/150),177.48,"QB C.J. Stroud (134747-129471), RB Aaron Jones Sr. (134747-40442), RB Javonte Williams (134747-93541), WR Nico Collins (134747-91419), WR Parker Washington (134747-137516), WR Carnell Tate (134747-183756), TE Brock Bowers (134747-151794), RB Kenneth Walker III (134747-103342), D Tampa Bay Buccaneers (134747-12551)"
1212,3738084915,cusplove (45/150),177.48,"QB C.J. Stroud (134747-129471), RB Bhayshul Tuten (134747-160620), RB Aaron Jones Sr. (134747-40442), WR CeeDee Lamb (134747-86631), WR Nico Collins (134747-91419), WR Zay Flowers (134747-112295), TE Brock Bowers (134747-151794), WR Michael Wilson (134747-89612), D New York Jets (134747-12544)"
1219,3737024471,ambervandy1 (1/1),177.4,"QB Patrick Mahomes (134747-57439), RB Kenneth Walker III (134747-103342), RB Rhamondre Stevenson (134747-111540), WR CeeDee Lamb (134747-86631), WR Tre' Harris (134747-129546), WR Tee Higgins (134747-89981), TE Brock Bowers (134747-151794), TE Brenton Strange (134747-103587), D Seattle Seahawks (134747-12550)"
1219,3739133572,steelermom5 (1/2),177.4,"QB Dak Prescott (134747-31716), RB Aaron Jones Sr. (134747-40442), RB Tony Pollard (134747-63759), WR CeeDee Lamb (134747-86631), WR Tee Higgins (134747-89981), WR Jaylen Waddle (134747-90573), TE George Kittle (134747-39793), RB Kyle Monangai (134747-144102), D Seattle Seahawks (134747-12550)"
1219,3739424038,adamd08 (1/1),177.4,"QB Dak Prescott (134747-31716), RB Braelon Allen (134747-158412), RB Emanuel Wilson (134747-185861), WR George Pickens (134747-110246), WR CeeDee Lamb (134747-86631), WR Nico Collins (134747-91419), TE Isaiah Likely (134747-87260), RB Kenneth Walker III (134747-103342), D New York Jets (134747-12544)"
1222,3739656051,manbeast (96/150),177.38,"QB C.J. Stroud (134747-129471), RB Javonte Williams (134747-93541), RB Braelon Allen (134747-158412), WR Nico Collins (134747-91419), WR Christian Watson (134747-169776), WR Deebo Samuel Sr. (134747-56018), TE T.J. Hockenson (134747-71706), RB Kenneth Walker III (134747-103342), D Green Bay Packers (134747-12533)"
1222,3738170420,rubbsy (62/150),177.38,"QB C.J. Stroud (134747-129471), RB Aaron Jones Sr. (134747-40442), RB Kenneth Walker III (134747-103342), WR Nico Collins (134747-91419), WR Zay Flowers (134747-112295), WR Jordan Addison (134747-129210), TE T.J. Hockenson (134747-71706), RB Christian McCaffrey (134747-55050), D Tampa Bay Buccaneers (134747-12551)"
1222,3738135712,virgo827 (144/150),177.38,"QB C.J. Stroud (134747-129471), RB Kenneth Walker III (134747-103342), RB Derrick Henry (134747-39280), WR Nico Collins (134747-91419), WR Michael Wilson (134747-89612), WR Tee Higgins (134747-89981), TE T.J. Hockenson (134747-71706), WR Jordan Addison (134747-129210), D Chicago Bears (134747-12527)"
1222,3738079941,dvstreezy (13/150),177.38,"QB C.J. Stroud (134747-129471), RB Aaron Jones Sr. (134747-40442), RB Kenneth Walker III (134747-103342), WR Nico Collins (134747-91419), WR Zay Flowers (134747-112295), WR Jordan Addison (134747-129210), TE T.J. Hockenson (134747-71706), RB Christian McCaffrey (134747-55050), D New York Jets (134747-12544)"
1222,3738824248,scooternobeans (60/150),177.38,"QB C.J. Stroud (134747-129471), RB Kenneth Walker III (134747-103342), RB Aaron Jones Sr. (134747-40442), WR Davante Adams (134747-45889), WR Nico Collins (134747-91419), WR Tee Higgins (134747-89981), TE T.J. Hockenson (134747-71706), TE George Kittle (134747-39793), D Chicago Bears (134747-12527)"
1222,3738677782,nitsud05 (76/150),177.38,"QB C.J. Stroud (134747-129471), RB Aaron Jones Sr. (134747-40442), RB Kenneth Walker III (134747-103342), WR Nico Collins (134747-91419), WR Zay Flowers (134747-112295), WR Jordan Addison (134747-129210), TE T.J. Hockenson (134747-71706), RB Christian McCaffrey (134747-55050), D New York Jets (134747-12544)"
1222,3738048506,quietthunder06 (85/150),177.38,"QB C.J. Stroud (134747-129471), RB Aaron Jones Sr. (134747-40442), RB Kenneth Walker III (134747-103342), WR Nico Collins (134747-91419), WR Zay Flowers (134747-112295), WR Jordan Addison (134747-129210), TE T.J. Hockenson (134747-71706), RB Christian McCaffrey (134747-55050), D Tampa Bay Buccaneers (134747-12551)"
1222,3739205974,bearddon811 (96/150),177.38,"QB C.J. Stroud (134747-129471), RB Aaron Jones Sr. (134747-40442), RB Kenneth Walker III (134747-103342), WR Nico Collins (134747-91419), WR Zay Flowers (134747-112295), WR Jordan Addison (134747-129210), TE T.J. Hockenson (134747-71706), RB Christian McCaffrey (134747-55050), D Tampa Bay Buccaneers (134747-12551)"
1222,3739481842,ajc02 (25/150),177.38,"QB C.J. Stroud (134747-129471), RB Aaron Jones Sr. (134747-40442), RB Kenneth Walker III (134747-103342), WR Nico Collins (134747-91419), WR Zay Flowers (134747-112295), WR Jordan Addison (134747-129210), TE T.J. Hockenson (134747-71706), RB Christian McCaffrey (134747-55050), D Tampa Bay Buccaneers (134747-12551)"
1222,3737676181,fatchewbacca69 (7/150),177.38,"QB C.J. Stroud (134747-129471), RB Aaron Jones Sr. (134747-40442), RB Kenneth Walker III (134747-103342), WR Nico Collins (134747-91419), WR Zay Flowers (134747-112295), WR Jordan Addison (134747-129210), TE T.J. Hockenson (134747-71706), RB Christian McCaffrey (134747-55050), D Tampa Bay Buccaneers (134747-12551)"
1232,3738048563,quietthunder06 (136/150),177.3,"QB Dak Prescott (134747-31716), RB Aaron Jones Sr. (134747-40442), RB Jeremiyah Love (134747-188171), WR CeeDee Lamb (134747-86631), WR Zay Flowers (134747-112295), WR Michael Wilson (134747-89612), TE T.J. Hockenson (134747-71706), RB Kenneth Walker III (134747-103342), D Chicago Bears (134747-12527)"
1232,3739107260,pantherfan1824 (23/150),177.3,"QB Dak Prescott (134747-31716), RB Jeremiyah Love (134747-188171), RB Aaron Jones Sr. (134747-40442), WR CeeDee Lamb (134747-86631), WR Zay Flowers (134747-112295), WR Michael Wilson (134747-89612), TE T.J. Hockenson (134747-71706), RB Kenneth Walker III (134747-103342), D Chicago Bears (134747-12527)"
1232,3739647315,iceberg794 (49/150),177.3,"QB Kirk Cousins (134747-22038), RB Kenneth Walker III (134747-103342), RB Aaron Jones Sr. (134747-40442), WR Nico Collins (134747-91419), WR Puka Nacua (134747-103020), WR Kyle Williams (134747-136538), TE T.J. Hockenson (134747-71706), TE Brock Bowers (134747-151794), D Chicago Bears (134747-12527)"
1232,3738182493,enniskar (127/150),177.3,"QB Dak Prescott (134747-31716), RB Aaron Jones Sr. (134747-40442), RB Jeremiyah Love (134747-188171), WR CeeDee Lamb (134747-86631), WR Zay Flowers (134747-112295), WR Michael Wilson (134747-89612), TE T.J. Hockenson (134747-71706), RB Kenneth Walker III (134747-103342), D Chicago Bears (134747-12527)"
1236,3737520516,furtat923 (83/150),177.28,"QB Lamar Jackson (134747-63115), RB Javonte Williams (134747-93541), RB Braelon Allen (134747-158412), WR CeeDee Lamb (134747-86631), WR Nico Collins (134747-91419), WR Zay Flowers (134747-112295), TE Mark Andrews (134747-52436), RB Aaron Jones Sr. (134747-40442), D Tampa Bay Buccaneers (134747-12551)"
1236,3739250603,navarro2590 (64/150),177.28,"QB C.J. Stroud (134747-129471), RB Christian McCaffrey (134747-55050), RB Jeremiyah Love (134747-188171), WR Malik Nabers (134747-151761), WR Nico Collins (134747-91419), WR Michael Wilson (134747-89612), TE T.J. Hockenson (134747-71706), WR CeeDee Lamb (134747-86631), D Chicago Bears (134747-12527)"
1236,3738838830,the_gapper (35/35),177.28,"QB Lamar Jackson (134747-63115), RB Kenneth Walker III (134747-103342), RB Emanuel Wilson (134747-185861), WR Rashod Bateman (134747-85845), WR Zay Flowers (134747-112295), WR Nico Collins (134747-91419), TE Mark Andrews (134747-52436), RB Chase Brown (134747-89493), D New York Giants (134747-12543)"
1239,3739592279,bigneil20m (8/8),177.24,"QB Jacoby Brissett (134747-30231), RB Kyle Monangai (134747-144102), RB Chase Brown (134747-89493), WR Puka Nacua (134747-103020), WR CeeDee Lamb (134747-86631), WR Tee Higgins (134747-89981), TE Oronde Gadsden II (134747-158438), WR Malik Nabers (134747-151761), D Cincinnati Bengals (134747-12528)"
1239,3738106708,antiobama (21/43),177.24,"QB Jacoby Brissett (134747-30231), RB Kyren Williams (134747-104433), RB Javonte Williams (134747-93541), WR CeeDee Lamb (134747-86631), WR Christian Watson (134747-169776), WR Pat Bryant (134747-155551), TE Brock Bowers (134747-151794), RB Kyle Monangai (134747-144102), D Chicago Bears (134747-12527)"
1241,3739770602,genericusername11386 (148/150),177.22,"QB Brock Purdy (134747-85607), RB Kyle Monangai (134747-144102), RB Emanuel Wilson (134747-185861), WR Garrett Wilson (134747-103564), WR Zay Flowers (134747-112295), WR CeeDee Lamb (134747-86631), TE George Kittle (134747-39793), RB Aaron Jones Sr. (134747-40442), D Chicago Bears (134747-12527)"
1242,3737011586,fantasy2381 (2/2),177.2,"QB Dak Prescott (134747-31716), RB Kenneth Walker III (134747-103342), RB Aaron Jones Sr. (134747-40442), WR Tee Higgins (134747-89981), WR Zay Flowers (134747-112295), WR Nico Collins (134747-91419), TE Mike Gesicki (134747-56265), RB Bhayshul Tuten (134747-160620), D Chicago Bears (134747-12527)"
1242,3738708193,fillyfloater (114/150),177.2,"QB Jameis Winston (134747-24849), RB Derrick Henry (134747-39280), RB Kyren Williams (134747-104433), WR Nico Collins (134747-91419), WR Malik Nabers (134747-151761), WR Isaiah Williams (134747-112041), TE Brenton Strange (134747-103587), WR Zay Flowers (134747-112295), D Tampa Bay Buccaneers (134747-12551)"
1242,3738821356,dlars1502 (138/150),177.2,"QB Jameis Winston (134747-24849), RB Aaron Jones Sr. (134747-40442), RB Christian McCaffrey (134747-55050), WR Nico Collins (134747-91419), WR Zay Flowers (134747-112295), WR Malik Nabers (134747-151761), TE Tyler Higbee (134747-47870), RB Kenneth Walker III (134747-103342), D Chicago Bears (134747-12527)"
1245,3737176852,iam12fear (85/150),177.18,"QB C.J. Stroud (134747-129471), RB Aaron Jones Sr. (134747-40442), RB Braelon Allen (134747-158412), WR CeeDee Lamb (134747-86631), WR Michael Wilson (134747-89612), WR Nico Collins (134747-91419), TE Isaiah Likely (134747-87260), RB Kenneth Walker III (134747-103342), D Baltimore Ravens (134747-12555)"
1245,3739255848,mrbailey (20/150),177.18,"QB C.J. Stroud (134747-129471), RB Derrick Henry (134747-39280), RB Aaron Jones Sr. (134747-40442), WR Nico Collins (134747-91419), WR Tee Higgins (134747-89981), WR Jordan Addison (134747-129210), TE T.J. Hockenson (134747-71706), RB Kenneth Walker III (134747-103342), D New York Jets (134747-12544)"
1245,3737017614,trayj1 (77/150),177.18,"QB C.J. Stroud (134747-129471), RB Aaron Jones Sr. (134747-40442), RB Cam Skattebo (134747-183240), WR Jaxon Smith-Njigba (134747-129458), WR Nico Collins (134747-91419), WR Carnell Tate (134747-183756), TE T.J. Hockenson (134747-71706), RB Kenneth Walker III (134747-103342), D New York Giants (134747-12543)"
1245,3738183545,omegaman28 (87/150),177.18,"QB C.J. Stroud (134747-129471), RB Aaron Jones Sr. (134747-40442), RB Isaiah Davis (134747-160213), WR CeeDee Lamb (134747-86631), WR Nico Collins (134747-91419), WR Matthew Golden (134747-166916), TE Brock Bowers (134747-151794), RB Kenneth Walker III (134747-103342), D Arizona Cardinals (134747-12546)"
1245,3738910822,onemanband17 (26/150),177.18,"QB C.J. Stroud (134747-129471), RB Kenneth Walker III (134747-103342), RB Aaron Jones Sr. (134747-40442), WR Nico Collins (134747-91419), WR Zay Flowers (134747-112295), WR Matthew Golden (134747-166916), TE Brock Bowers (134747-151794), TE George Kittle (134747-39793), D New York Jets (134747-12544)"
1245,3737570192,icemamba (126/150),177.18,"QB C.J. Stroud (134747-129471), RB Braelon Allen (134747-158412), RB Aaron Jones Sr. (134747-40442), WR Michael Wilson (134747-89612), WR Nico Collins (134747-91419), WR CeeDee Lamb (134747-86631), TE Isaiah Likely (134747-87260), RB Kenneth Walker III (134747-103342), D Baltimore Ravens (134747-12555)"
1245,3739780354,drtm1689 (135/150),177.18,"QB C.J. Stroud (134747-129471), RB Braelon Allen (134747-158412), RB Aaron Jones Sr. (134747-40442), WR Michael Wilson (134747-89612), WR Nico Collins (134747-91419), WR CeeDee Lamb (134747-86631), TE Isaiah Likely (134747-87260), RB Kenneth Walker III (134747-103342), D Baltimore Ravens (134747-12555)"
1245,3739815445,dmystery (1/1),177.18,"QB C.J. Stroud (134747-129471), RB Derrick Henry (134747-39280), RB Aaron Jones Sr. (134747-40442), WR Nico Collins (134747-91419), WR Tee Higgins (134747-89981), WR Jordan Addison (134747-129210), TE T.J. Hockenson (134747-71706), RB Kenneth Walker III (134747-103342), D New York Jets (134747-12544)"
1253,3739173213,terrapin710 (59/150),177.12,"QB Joe Burrow (134747-63336), RB Chase Brown (134747-89493), RB Kyren Williams (134747-104433), WR Jordan Addison (134747-129210), WR Michael Wilson (134747-89612), WR Tee Higgins (134747-89981), TE T.J. Hockenson (134747-71706), RB Kenneth Walker III (134747-103342), D Cincinnati Bengals (134747-12528)"
1254,3737035115,bicster (1/1),177.1,"QB Dak Prescott (134747-31716), RB Kyren Williams (134747-104433), RB Rhamondre Stevenson (134747-111540), WR CeeDee Lamb (134747-86631), WR Zay Flowers (134747-112295), WR Jordan Addison (134747-129210), TE Travis Kelce (134747-33076), WR Malik Nabers (134747-151761), D New York Giants (134747-12543)"
1255,3738070947,dealermon (3/3),177.08,"QB C.J. Stroud (134747-129471), RB Kenneth Walker III (134747-103342), RB Braelon Allen (134747-158412), WR CeeDee Lamb (134747-86631), WR Matthew Golden (134747-166916), WR Tee Higgins (134747-89981), TE Isaiah Likely (134747-87260), TE Brock Bowers (134747-151794), D Seattle Seahawks (134747-12550)"
1256,3739215893,loggieboy (1/1),177.02,"QB Josh Allen (134747-62239), RB Braelon Allen (134747-158412), RB Emanuel Wilson (134747-185861), WR Luther Burden III (134747-166092), WR CeeDee Lamb (134747-86631), WR Tee Higgins (134747-89981), TE Brock Bowers (134747-151794), WR Nico Collins (134747-91419), D Jacksonville Jaguars (134747-12554)"
1256,3738356072,kaibathedon (99/150),177.02,"QB Joe Burrow (134747-63336), RB Aaron Jones Sr. (134747-40442), RB Ashton Jeanty (134747-167031), WR Zay Flowers (134747-112295), WR Tee Higgins (134747-89981), WR Jordan Addison (134747-129210), TE T.J. Hockenson (134747-71706), RB Kenneth Walker III (134747-103342), D Chicago Bears (134747-12527)"
1256,3737676382,fatchewbacca69 (146/150),177.02,"QB Joe Burrow (134747-63336), RB Kenneth Walker III (134747-103342), RB Jeremiyah Love (134747-188171), WR Zay Flowers (134747-112295), WR Tee Higgins (134747-89981), WR Carnell Tate (134747-183756), TE T.J. Hockenson (134747-71706), RB Christian McCaffrey (134747-55050), D Los Angeles Chargers (134747-12548)"
1259,3738748377,seriously222 (35/150),177.0,"QB Jameis Winston (134747-24849), RB Kyle Monangai (134747-144102), RB Christian McCaffrey (134747-55050), WR Malik Nabers (134747-151761), WR CeeDee Lamb (134747-86631), WR Khalil Shakir (134747-86518), TE Isaiah Likely (134747-87260), WR Puka Nacua (134747-103020), D Chicago Bears (134747-12527)"
1259,3738711860,ginnjuicejedi (111/150),177.0,"QB Dak Prescott (134747-31716), RB Javonte Williams (134747-93541), RB D'Andre Swift (134747-91598), WR CeeDee Lamb (134747-86631), WR Nico Collins (134747-91419), WR Zay Flowers (134747-112295), TE Isaiah Likely (134747-87260), WR Ryan Flournoy (134747-201233), D New York Giants (134747-12543)"
1261,3737256367,yankeenotify (1/1),176.98,"QB Lamar Jackson (134747-63115), RB Kenneth Walker III (134747-103342), RB Aaron Jones Sr. (134747-40442), WR Zay Flowers (134747-112295), WR Rome Odunze (134747-120033), WR Deebo Samuel Sr. (134747-56018), TE T.J. Hockenson (134747-71706), RB Javonte Williams (134747-93541), D Chicago Bears (134747-12527)"
1261,3736325303,nloc98 (13/18),176.98,"QB C.J. Stroud (134747-129471), RB Bhayshul Tuten (134747-160620), RB Emanuel Wilson (134747-185861), WR Nico Collins (134747-91419), WR Romeo Doubs (134747-94370), WR Jaxon Smith-Njigba (134747-129458), TE Hunter Henry (134747-40845), RB Kenneth Walker III (134747-103342), D Seattle Seahawks (134747-12550)"
1261,3738645786,lee121503 (115/150),176.98,"QB C.J. Stroud (134747-129471), RB Aaron Jones Sr. (134747-40442), RB Kenneth Walker III (134747-103342), WR CeeDee Lamb (134747-86631), WR Garrett Wilson (134747-103564), WR Nico Collins (134747-91419), TE Dalton Schultz (134747-55042), RB Emanuel Wilson (134747-185861), D Tampa Bay Buccaneers (134747-12551)"
1261,3739142523,jmwins (10/21),176.98,"QB Lamar Jackson (134747-63115), RB Kyle Monangai (134747-144102), RB Kenneth Walker III (134747-103342), WR Nico Collins (134747-91419), WR CeeDee Lamb (134747-86631), WR Luther Burden III (134747-166092), TE Cade Otton (134747-86811), RB Jeremiyah Love (134747-188171), D Chicago Bears (134747-12527)"
1261,3738301014,byronn5 (150/150),176.98,"QB Kyler Murray (134747-63484), RB Cam Skattebo (134747-183240), RB Aaron Jones Sr. (134747-40442), WR Malik Nabers (134747-151761), WR CeeDee Lamb (134747-86631), WR Zay Flowers (134747-112295), TE T.J. Hockenson (134747-71706), RB Kenneth Walker III (134747-103342), D Tampa Bay Buccaneers (134747-12551)"
1261,3738243688,cjcashing (124/150),176.98,"QB C.J. Stroud (134747-129471), RB Aaron Jones Sr. (134747-40442), RB Javonte Williams (134747-93541), WR Jaxon Smith-Njigba (134747-129458), WR Nico Collins (134747-91419), WR Kayshon Boutte (134747-119653), TE T.J. Hockenson (134747-71706), RB Kenneth Walker III (134747-103342), D Chicago Bears (134747-12527)"
1261,3738765306,tswift98 (107/150),176.98,"QB C.J. Stroud (134747-129471), RB Jeremiyah Love (134747-188171), RB Kyren Williams (134747-104433), WR Luther Burden III (134747-166092), WR Christian Watson (134747-169776), WR CeeDee Lamb (134747-86631), TE T.J. Hockenson (134747-71706), RB Kenneth Walker III (134747-103342), D Chicago Bears (134747-12527)"
1261,3739276284,tnegron427 (100/150),176.98,"QB C.J. Stroud (134747-129471), RB Braelon Allen (134747-158412), RB Emanuel Wilson (134747-185861), WR Nico Collins (134747-91419), WR CeeDee Lamb (134747-86631), WR Zay Flowers (134747-112295), TE Dalton Kincaid (134747-145558), TE Brock Bowers (134747-151794), D Minnesota Vikings (134747-12540)"
1269,3739328244,kingtja (28/31),176.9,"QB Dak Prescott (134747-31716), RB Aaron Jones Sr. (134747-40442), RB Kenneth Walker III (134747-103342), WR Ryan Flournoy (134747-201233), WR Nico Collins (134747-91419), WR CeeDee Lamb (134747-86631), TE Mark Andrews (134747-52436), TE Brock Bowers (134747-151794), D Chicago Bears (134747-12527)"
1269,3739483875,john567855 (1/1),176.9,"QB Dak Prescott (134747-31716), RB Ollie Gordon II (134747-166112), RB Braelon Allen (134747-158412), WR CeeDee Lamb (134747-86631), WR Zay Flowers (134747-112295), WR Tee Higgins (134747-89981), TE Isaiah Likely (134747-87260), WR Puka Nacua (134747-103020), D Chicago Bears (134747-12527)"
1269,3738186660,tavius5 (84/150),176.9,"QB Dak Prescott (134747-31716), RB Braelon Allen (134747-158412), RB Christian McCaffrey (134747-55050), WR Carnell Tate (134747-183756), WR CeeDee Lamb (134747-86631), WR Nico Collins (134747-91419), TE George Kittle (134747-39793), RB Emanuel Wilson (134747-185861), D Chicago Bears (134747-12527)"
1269,3738876028,kevthedegen (53/150),176.9,"QB Dak Prescott (134747-31716), RB Kenneth Walker III (134747-103342), RB Aaron Jones Sr. (134747-40442), WR Ryan Flournoy (134747-201233), WR CeeDee Lamb (134747-86631), WR Nico Collins (134747-91419), TE Mark Andrews (134747-52436), TE Brock Bowers (134747-151794), D Chicago Bears (134747-12527)"
1269,3736968824,johnb11995 (119/150),176.9,"QB Dak Prescott (134747-31716), RB Kenneth Walker III (134747-103342), RB Aaron Jones Sr. (134747-40442), WR CeeDee Lamb (134747-86631), WR Nico Collins (134747-91419), WR Ryan Flournoy (134747-201233), TE Brock Bowers (134747-151794), TE Mark Andrews (134747-52436), D Chicago Bears (134747-12527)"
1274,3736441297,popflyboy (116/150),176.88,"QB C.J. Stroud (134747-129471), RB Jeremiyah Love (134747-188171), RB Ashton Jeanty (134747-167031), WR Zay Flowers (134747-112295), WR Carnell Tate (134747-183756), WR Nico Collins (134747-91419), TE Hunter Henry (134747-40845), RB Kenneth Walker III (134747-103342), D Seattle Seahawks (134747-12550)"
1274,3738824723,porkaholics (140/150),176.88,"QB C.J. Stroud (134747-129471), RB Christian McCaffrey (134747-55050), RB Aaron Jones Sr. (134747-40442), WR CeeDee Lamb (134747-86631), WR Nico Collins (134747-91419), WR Carnell Tate (134747-183756), TE Dalton Schultz (134747-55042), RB Emanuel Wilson (134747-185861), D Minnesota Vikings (134747-12540)"
1274,3739447031,hugepizzamakers (8/150),176.88,"QB C.J. Stroud (134747-129471), RB Aaron Jones Sr. (134747-40442), RB Kenneth Walker III (134747-103342), WR Luther Burden III (134747-166092), WR Nico Collins (134747-91419), WR CeeDee Lamb (134747-86631), TE Travis Kelce (134747-33076), TE Brock Bowers (134747-151794), D Chicago Bears (134747-12527)"
1274,3739348145,hockeycardsplus (35/150),176.88,"QB C.J. Stroud (134747-129471), RB D'Andre Swift (134747-91598), RB Aaron Jones Sr. (134747-40442), WR Nico Collins (134747-91419), WR Michael Wilson (134747-89612), WR CeeDee Lamb (134747-86631), TE Isaiah Likely (134747-87260), RB Kenneth Walker III (134747-103342), D Chicago Bears (134747-12527)"
1274,3738965025,aphinfan (1/1),176.88,"QB C.J. Stroud (134747-129471), RB Kenneth Walker III (134747-103342), RB Aaron Jones Sr. (134747-40442), WR CeeDee Lamb (134747-86631), WR Luther Burden III (134747-166092), WR Nico Collins (134747-91419), TE Travis Kelce (134747-33076), TE Brock Bowers (134747-151794), D Chicago Bears (134747-12527)"
1274,3739163503,cndukwe21 (63/150),176.88,"QB C.J. Stroud (134747-129471), RB Kenneth Walker III (134747-103342), RB Aaron Jones Sr. (134747-40442), WR Ja'Marr Chase (134747-85701), WR Nico Collins (134747-91419), WR Carnell Tate (134747-183756), TE Brock Bowers (134747-151794), RB Emanuel Wilson (134747-185861), D New York Jets (134747-12544)"
1274,3738080092,dvstreezy (83/150),176.88,"QB C.J. Stroud (134747-129471), RB Aaron Jones Sr. (134747-40442), RB Jeremiyah Love (134747-188171), WR CeeDee Lamb (134747-86631), WR Nico Collins (134747-91419), WR Jaylen Waddle (134747-90573), TE Tucker Kraft (134747-160303), RB Kenneth Walker III (134747-103342), D New York Jets (134747-12544)"
1274,3739623344,hhoang529 (80/150),176.88,"QB C.J. Stroud (134747-129471), RB Aaron Jones Sr. (134747-40442), RB D'Andre Swift (134747-91598), WR Nico Collins (134747-91419), WR Puka Nacua (134747-103020), WR Romeo Doubs (134747-94370), TE Mike Gesicki (134747-56265), RB Javonte Williams (134747-93541), D Seattle Seahawks (134747-12550)"
1274,3738251904,nosaint912 (12/150),176.88,"QB C.J. Stroud (134747-129471), RB D'Andre Swift (134747-91598), RB Cam Skattebo (134747-183240), WR Luther Burden III (134747-166092), WR CeeDee Lamb (134747-86631), WR Nico Collins (134747-91419), TE T.J. Hockenson (134747-71706), RB Kenneth Walker III (134747-103342), D Chicago Bears (134747-12527)"
1274,3738821065,dlars1502 (54/150),176.88,"QB C.J. Stroud (134747-129471), RB D'Andre Swift (134747-91598), RB Aaron Jones Sr. (134747-40442), WR CeeDee Lamb (134747-86631), WR Nico Collins (134747-91419), WR Michael Wilson (134747-89612), TE Isaiah Likely (134747-87260), RB Kenneth Walker III (134747-103342), D Chicago Bears (134747-12527)"
1284,3737511735,voltzwagon (145/150),176.86,"QB Drake Maye (134747-152316), RB James Cook III (134747-91626), RB Aaron Jones Sr. (134747-40442), WR Romeo Doubs (134747-94370), WR Nico Collins (134747-91419), WR CeeDee Lamb (134747-86631), TE Dalton Kincaid (134747-145558), RB Emanuel Wilson (134747-185861), D Baltimore Ravens (134747-12555)"
1285,3739098022,scruffymcgruffy (14/150),176.82,"QB Joe Burrow (134747-63336), RB James Cook III (134747-91626), RB Aaron Jones Sr. (134747-40442), WR Zay Flowers (134747-112295), WR Tee Higgins (134747-89981), WR Matthew Golden (134747-166916), TE T.J. Hockenson (134747-71706), RB Kenneth Walker III (134747-103342), D Cincinnati Bengals (134747-12528)"
1285,3738876233,kevthedegen (121/150),176.82,"QB Joe Burrow (134747-63336), RB Derrick Henry (134747-39280), RB Emanuel Wilson (134747-185861), WR Zay Flowers (134747-112295), WR Matthew Golden (134747-166916), WR Tee Higgins (134747-89981), TE Isaiah Likely (134747-87260), RB Kenneth Walker III (134747-103342), D Miami Dolphins (134747-12539)"
1287,3739501654,heastout (19/150),176.8,"QB Patrick Mahomes (134747-57439), RB Christian McCaffrey (134747-55050), RB Ollie Gordon II (134747-166112), WR CeeDee Lamb (134747-86631), WR Nico Collins (134747-91419), WR Zay Flowers (134747-112295), TE T.J. Hockenson (134747-71706), WR Xavier Worthy (134747-158974), D Cincinnati Bengals (134747-12528)"
1287,3738341631,willbrown820 (1/1),176.8,"QB Dak Prescott (134747-31716), RB Emanuel Wilson (134747-185861), RB Ollie Gordon II (134747-166112), WR Jordan Addison (134747-129210), WR Malik Washington (134747-110974), WR Puka Nacua (134747-103020), TE Brock Bowers (134747-151794), WR CeeDee Lamb (134747-86631), D New York Giants (134747-12543)"
1287,3738851285,tashaslau (93/150),176.8,"QB Dak Prescott (134747-31716), RB Chase Brown (134747-89493), RB Aaron Jones Sr. (134747-40442), WR CeeDee Lamb (134747-86631), WR Tee Higgins (134747-89981), WR Nico Collins (134747-91419), TE Travis Kelce (134747-33076), RB Emanuel Wilson (134747-185861), D Arizona Cardinals (134747-12546)"
1287,3739215115,benji200989 (1/2),176.8,"QB Dak Prescott (134747-31716), RB D'Andre Swift (134747-91598), RB Emanuel Wilson (134747-185861), WR George Pickens (134747-110246), WR Nico Collins (134747-91419), WR Malik Nabers (134747-151761), TE T.J. Hockenson (134747-71706), RB Kenneth Walker III (134747-103342), D Chicago Bears (134747-12527)"
1287,3739055040,kingsall88 (19/22),176.8,"QB Dak Prescott (134747-31716), RB Tony Pollard (134747-63759), RB Javonte Williams (134747-93541), WR CeeDee Lamb (134747-86631), WR George Pickens (134747-110246), WR Keon Coleman (134747-157467), TE Brock Bowers (134747-151794), TE T.J. Hockenson (134747-71706), D Green Bay Packers (134747-12533)"
1287,3739055427,kingsall88 (20/22),176.8,"QB Dak Prescott (134747-31716), RB Tony Pollard (134747-63759), RB Javonte Williams (134747-93541), WR CeeDee Lamb (134747-86631), WR George Pickens (134747-110246), WR Keon Coleman (134747-157467), TE Brock Bowers (134747-151794), TE T.J. Hockenson (134747-71706), D Green Bay Packers (134747-12533)"
1293,3739243056,cmgifford (22/150),176.78,"QB C.J. Stroud (134747-129471), RB Chase Brown (134747-89493), RB Aaron Jones Sr. (134747-40442), WR Nico Collins (134747-91419), WR Zay Flowers (134747-112295), WR Tee Higgins (134747-89981), TE Jake Ferguson (134747-89680), RB Kenneth Walker III (134747-103342), D Chicago Bears (134747-12527)"
1293,3737235362,fact74 (12/58),176.78,"QB C.J. Stroud (134747-129471), RB Christian McCaffrey (134747-55050), RB Kenneth Walker III (134747-103342), WR Nico Collins (134747-91419), WR Michael Wilson (134747-89612), WR Luther Burden III (134747-166092), TE Brock Bowers (134747-151794), RB Emanuel Wilson (134747-185861), D Chicago Bears (134747-12527)"
1293,3737244730,trip8 (33/150),176.78,"QB C.J. Stroud (134747-129471), RB Emanuel Wilson (134747-185861), RB Jeremiyah Love (134747-188171), WR Jaxon Smith-Njigba (134747-129458), WR CeeDee Lamb (134747-86631), WR Nico Collins (134747-91419), TE T.J. Hockenson (134747-71706), TE Brock Bowers (134747-151794), D Cincinnati Bengals (134747-12528)"
1293,3739298122,bap11243 (1/1),176.78,"QB C.J. Stroud (134747-129471), RB Kyle Monangai (134747-144102), RB Kyren Williams (134747-104433), WR Malik Nabers (134747-151761), WR Davante Adams (134747-45889), WR CeeDee Lamb (134747-86631), TE Travis Kelce (134747-33076), RB Aaron Jones Sr. (134747-40442), D Chicago Bears (134747-12527)"
1293,3739034888,wmnoah (14/150),176.78,"QB C.J. Stroud (134747-129471), RB Ashton Jeanty (134747-167031), RB James Cook III (134747-91626), WR Ryan Flournoy (134747-201233), WR CeeDee Lamb (134747-86631), WR Nico Collins (134747-91419), TE T.J. Hockenson (134747-71706), TE Brock Bowers (134747-151794), D Arizona Cardinals (134747-12546)"
1293,3739693515,jam1mcd (1/1),176.78,"QB C.J. Stroud (134747-129471), RB Derrick Henry (134747-39280), RB Emanuel Wilson (134747-185861), WR Nico Collins (134747-91419), WR Jordan Addison (134747-129210), WR CeeDee Lamb (134747-86631), TE T.J. Hockenson (134747-71706), RB Braelon Allen (134747-158412), D Minnesota Vikings (134747-12540)"
1299,3739442510,jfarley05 (43/150),176.72,"QB Joe Burrow (134747-63336), RB Aaron Jones Sr. (134747-40442), RB Kyren Williams (134747-104433), WR Jordan Addison (134747-129210), WR Luther Burden III (134747-166092), WR Tee Higgins (134747-89981), TE T.J. Hockenson (134747-71706), RB Kenneth Walker III (134747-103342), D Baltimore Ravens (134747-12555)"
1299,3738866632,tjdavis24 (142/150),176.72,"QB Joe Burrow (134747-63336), RB D'Andre Swift (134747-91598), RB Kyle Monangai (134747-144102), WR Nico Collins (134747-91419), WR Tee Higgins (134747-89981), WR Carnell Tate (134747-183756), TE George Kittle (134747-39793), TE Brock Bowers (134747-151794), D Kansas City Chiefs (134747-12536)"
1299,3739729910,dock27 (1/1),176.72,"QB Josh Allen (134747-62239), RB Kyle Monangai (134747-144102), RB Aaron Jones Sr. (134747-40442), WR CeeDee Lamb (134747-86631), WR Tee Higgins (134747-89981), WR Romeo Doubs (134747-94370), TE Mike Gesicki (134747-56265), RB Ashton Jeanty (134747-167031), D Kansas City Chiefs (134747-12536)"
1299,3738763772,youngboss0310 (150/150),176.72,"QB Joe Burrow (134747-63336), RB Cam Skattebo (134747-183240), RB Chase Brown (134747-89493), WR Michael Wilson (134747-89612), WR Tee Higgins (134747-89981), WR Nico Collins (134747-91419), TE T.J. Hockenson (134747-71706), RB Kenneth Walker III (134747-103342), D Tampa Bay Buccaneers (134747-12551)"
1299,3739543093,jdeivert (4/4),176.72,"QB Joe Burrow (134747-63336), RB Christian McCaffrey (134747-55050), RB Emanuel Wilson (134747-185861), WR CeeDee Lamb (134747-86631), WR Michael Wilson (134747-89612), WR Tee Higgins (134747-89981), TE Isaiah Likely (134747-87260), RB Rhamondre Stevenson (134747-111540), D Green Bay Packers (134747-12533)"
1299,3739798823,init2winit502 (17/40),176.72,"QB Joe Burrow (134747-63336), RB Kenneth Walker III (134747-103342), RB Aaron Jones Sr. (134747-40442), WR Nico Collins (134747-91419), WR Tee Higgins (134747-89981), WR Michael Wilson (134747-89612), TE Brock Bowers (134747-151794), RB Braelon Allen (134747-158412), D Chicago Bears (134747-12527)"
1305,3736963254,gregv28 (131/150),176.7,"QB Patrick Mahomes (134747-57439), RB Aaron Jones Sr. (134747-40442), RB Emanuel Wilson (134747-185861), WR Zay Flowers (134747-112295), WR CeeDee Lamb (134747-86631), WR Rashee Rice (134747-111311), TE T.J. Hockenson (134747-71706), RB Kenneth Walker III (134747-103342), D Cincinnati Bengals (134747-12528)"
1305,3736306921,cdabeast02 (134/150),176.7,"QB Dak Prescott (134747-31716), RB Braelon Allen (134747-158412), RB Aaron Jones Sr. (134747-40442), WR CeeDee Lamb (134747-86631), WR Makai Lemon (134747-183380), WR Nico Collins (134747-91419), TE T.J. Hockenson (134747-71706), RB Kenneth Walker III (134747-103342), D Minnesota Vikings (134747-12540)"
1305,3739187715,bkshockers (115/150),176.7,"QB Dak Prescott (134747-31716), RB Javonte Williams (134747-93541), RB Jeremiyah Love (134747-188171), WR Nico Collins (134747-91419), WR Matthew Golden (134747-166916), WR CeeDee Lamb (134747-86631), TE George Kittle (134747-39793), RB Emanuel Wilson (134747-185861), D Cincinnati Bengals (134747-12528)"
1308,3739751329,peteg9699 (30/150),176.68,"QB C.J. Stroud (134747-129471), RB Christian McCaffrey (134747-55050), RB Kenneth Walker III (134747-103342), WR George Pickens (134747-110246), WR Nico Collins (134747-91419), WR Jaylen Waddle (134747-90573), TE T.J. Hockenson (134747-71706), RB Emanuel Wilson (134747-185861), D Tampa Bay Buccaneers (134747-12551)"
1308,3738728100,mello610 (56/150),176.68,"QB C.J. Stroud (134747-129471), RB Aaron Jones Sr. (134747-40442), RB Kenneth Walker III (134747-103342), WR Nico Collins (134747-91419), WR Zay Flowers (134747-112295), WR Tee Higgins (134747-89981), TE Travis Kelce (134747-33076), RB Ashton Jeanty (134747-167031), D Tampa Bay Buccaneers (134747-12551)"
1308,3739594604,macwack (14/150),176.68,"QB C.J. Stroud (134747-129471), RB Aaron Jones Sr. (134747-40442), RB Javonte Williams (134747-93541), WR Kalif Raymond (134747-70422), WR Nico Collins (134747-91419), WR CeeDee Lamb (134747-86631), TE Dalton Schultz (134747-55042), RB Kenneth Walker III (134747-103342), D Cincinnati Bengals (134747-12528)"
1308,3739511263,assman26 (41/150),176.68,"QB C.J. Stroud (134747-129471), RB Javonte Williams (134747-93541), RB Emanuel Wilson (134747-185861), WR Tee Higgins (134747-89981), WR Nico Collins (134747-91419), WR Zay Flowers (134747-112295), TE Dalton Schultz (134747-55042), WR Jaxon Smith-Njigba (134747-129458), D Tampa Bay Buccaneers (134747-12551)"
1308,3738576806,jdiettel (56/150),176.68,"QB C.J. Stroud (134747-129471), RB Christian McCaffrey (134747-55050), RB Kenneth Walker III (134747-103342), WR CeeDee Lamb (134747-86631), WR Malik Nabers (134747-151761), WR Dontayvion Wicks (134747-110457), TE T.J. Hockenson (134747-71706), RB Tony Pollard (134747-63759), D Jacksonville Jaguars (134747-12554)"
1308,3738897872,phd_aggie (54/150),176.68,"QB C.J. Stroud (134747-129471), RB Aaron Jones Sr. (134747-40442), RB Kenneth Walker III (134747-103342), WR Nico Collins (134747-91419), WR Tee Higgins (134747-89981), WR Zay Flowers (134747-112295), TE Travis Kelce (134747-33076), RB Ashton Jeanty (134747-167031), D Tampa Bay Buccaneers (134747-12551)"
1308,3739137812,joeyk423 (85/150),176.68,"QB C.J. Stroud (134747-129471), RB Braelon Allen (134747-158412), RB James Cook III (134747-91626), WR Michael Wilson (134747-89612), WR Nico Collins (134747-91419), WR CeeDee Lamb (134747-86631), TE Isaiah Likely (134747-87260), RB Kenneth Walker III (134747-103342), D New York Jets (134747-12544)"
1308,3738371884,rooneyj88 (38/90),176.68,"QB C.J. Stroud (134747-129471), RB Kenneth Walker III (134747-103342), RB Aaron Jones Sr. (134747-40442), WR Nico Collins (134747-91419), WR CeeDee Lamb (134747-86631), WR Jakobi Meyers (134747-63634), TE Tyler Higbee (134747-47870), RB James Cook III (134747-91626), D Chicago Bears (134747-12527)"
1308,3738424224,cowboyscordova (23/150),176.68,"QB C.J. Stroud (134747-129471), RB Aaron Jones Sr. (134747-40442), RB Ashton Jeanty (134747-167031), WR Nico Collins (134747-91419), WR Zay Flowers (134747-112295), WR CeeDee Lamb (134747-86631), TE Isaiah Likely (134747-87260), TE Mark Andrews (134747-52436), D Minnesota Vikings (134747-12540)"
1317,3736872763,benwills774 (82/150),176.66,"QB Drake Maye (134747-152316), RB Kyren Williams (134747-104433), RB Rhamondre Stevenson (134747-111540), WR CeeDee Lamb (134747-86631), WR Nico Collins (134747-91419), WR Makai Lemon (134747-183380), TE Hunter Henry (134747-40845), RB Derrick Henry (134747-39280), D Chicago Bears (134747-12527)"
1318,3739801815,kfaudiophile (7/7),176.62,"QB Joe Burrow (134747-63336), RB James Cook III (134747-91626), RB Kenneth Walker III (134747-103342), WR Nico Collins (134747-91419), WR Christian Watson (134747-169776), WR Zay Flowers (134747-112295), TE T.J. Hockenson (134747-71706), TE Mike Gesicki (134747-56265), D New York Jets (134747-12544)"
1318,3736490090,bill3261 (44/150),176.62,"QB Joe Burrow (134747-63336), RB Derrick Henry (134747-39280), RB Aaron Jones Sr. (134747-40442), WR Nico Collins (134747-91419), WR CeeDee Lamb (134747-86631), WR Malik Nabers (134747-151761), TE T.J. Hockenson (134747-71706), TE Travis Kelce (134747-33076), D Tampa Bay Buccaneers (134747-12551)"
1320,3739023326,dragonvk (146/146),176.6,"QB Dak Prescott (134747-31716), RB James Cook III (134747-91626), RB Emanuel Wilson (134747-185861), WR CeeDee Lamb (134747-86631), WR Zay Flowers (134747-112295), WR Nico Collins (134747-91419), TE Jake Ferguson (134747-89680), TE Tyler Higbee (134747-47870), D Seattle Seahawks (134747-12550)"
1321,3738245875,aprentice27 (10/43),176.58,"QB C.J. Stroud (134747-129471), RB Kenneth Walker III (134747-103342), RB Aaron Jones Sr. (134747-40442), WR Nico Collins (134747-91419), WR CeeDee Lamb (134747-86631), WR Zay Flowers (134747-112295), TE Travis Kelce (134747-33076), TE Dalton Schultz (134747-55042), D Chicago Bears (134747-12527)"
1321,3738044886,davidvanrheenen (114/150),176.58,"QB C.J. Stroud (134747-129471), RB Ashton Jeanty (134747-167031), RB Jeremiyah Love (134747-188171), WR Jaylen Waddle (134747-90573), WR Zay Flowers (134747-112295), WR Nico Collins (134747-91419), TE T.J. Hockenson (134747-71706), RB Kenneth Walker III (134747-103342), D Chicago Bears (134747-12527)"
1321,3737599590,cablebe (23/36),176.58,"QB C.J. Stroud (134747-129471), RB Aaron Jones Sr. (134747-40442), RB Kenneth Walker III (134747-103342), WR Nico Collins (134747-91419), WR Tee Higgins (134747-89981), WR Malik Nabers (134747-151761), TE Brock Bowers (134747-151794), RB Jeremiyah Love (134747-188171), D Las Vegas Raiders (134747-12537)"
1321,3739623488,hhoang529 (134/150),176.58,"QB C.J. Stroud (134747-129471), RB Aaron Jones Sr. (134747-40442), RB Ashton Jeanty (134747-167031), WR Nico Collins (134747-91419), WR CeeDee Lamb (134747-86631), WR Kalif Raymond (134747-70422), TE Hunter Henry (134747-40845), RB Kyren Williams (134747-104433), D Seattle Seahawks (134747-12550)"
1321,3739119503,everest977 (29/150),176.58,"QB C.J. Stroud (134747-129471), RB James Cook III (134747-91626), RB Braelon Allen (134747-158412), WR CeeDee Lamb (134747-86631), WR Nico Collins (134747-91419), WR Carnell Tate (134747-183756), TE Brock Bowers (134747-151794), RB Aaron Jones Sr. (134747-40442), D Arizona Cardinals (134747-12546)"
1321,3738251875,nosaint912 (1/150),176.58,"QB C.J. Stroud (134747-129471), RB D'Andre Swift (134747-91598), RB Jeremiyah Love (134747-188171), WR Matthew Golden (134747-166916), WR CeeDee Lamb (134747-86631), WR Nico Collins (134747-91419), TE T.J. Hockenson (134747-71706), RB Kenneth Walker III (134747-103342), D Chicago Bears (134747-12527)"
1321,3738393900,rooneyj88 (47/90),176.58,"QB C.J. Stroud (134747-129471), RB Derrick Henry (134747-39280), RB Kyren Williams (134747-104433), WR Nico Collins (134747-91419), WR CeeDee Lamb (134747-86631), WR Jakobi Meyers (134747-63634), TE Travis Kelce (134747-33076), RB Emanuel Wilson (134747-185861), D Tampa Bay Buccaneers (134747-12551)"
1328,3738276160,mdicicco32 (134/150),176.56,"QB Drake Maye (134747-152316), RB Kenneth Walker III (134747-103342), RB D'Andre Swift (134747-91598), WR Tee Higgins (134747-89981), WR Nico Collins (134747-91419), WR Romeo Doubs (134747-94370), TE Hunter Henry (134747-40845), TE Brock Bowers (134747-151794), D Green Bay Packers (134747-12533)"
1329,3738153954,mellymel06 (24/57),176.52,"QB Joe Burrow (134747-63336), RB Kyle Monangai (134747-144102), RB Jeremiyah Love (134747-188171), WR Jaylen Waddle (134747-90573), WR Zay Flowers (134747-112295), WR Tee Higgins (134747-89981), TE Tucker Kraft (134747-160303), RB Javonte Williams (134747-93541), D Minnesota Vikings (134747-12540)"
1329,3738154084,mellymel06 (25/57),176.52,"QB Joe Burrow (134747-63336), RB Kyle Monangai (134747-144102), RB Jeremiyah Love (134747-188171), WR Jaylen Waddle (134747-90573), WR Zay Flowers (134747-112295), WR Tee Higgins (134747-89981), TE Tucker Kraft (134747-160303), RB Javonte Williams (134747-93541), D Minnesota Vikings (134747-12540)"
1329,3738154098,mellymel06 (26/57),176.52,"QB Joe Burrow (134747-63336), RB Kyle Monangai (134747-144102), RB Jeremiyah Love (134747-188171), WR Jaylen Waddle (134747-90573), WR Zay Flowers (134747-112295), WR Tee Higgins (134747-89981), TE Tucker Kraft (134747-160303), RB Javonte Williams (134747-93541), D Minnesota Vikings (134747-12540)"
1329,3737454465,skup (97/150),176.52,"QB Josh Allen (134747-62239), RB Kenneth Walker III (134747-103342), RB Tyler Allgeier (134747-90428), WR Zay Flowers (134747-112295), WR Christian Watson (134747-169776), WR Keon Coleman (134747-157467), TE Brock Bowers (134747-151794), RB Kyle Monangai (134747-144102), D Arizona Cardinals (134747-12546)"
1329,3739813053,gopackgo127 (1/1),176.52,"QB Joe Burrow (134747-63336), RB Kenneth Walker III (134747-103342), RB James Cook III (134747-91626), WR Jordan Addison (134747-129210), WR Tee Higgins (134747-89981), WR Romeo Doubs (134747-94370), TE Mark Andrews (134747-52436), RB Javonte Williams (134747-93541), D Chicago Bears (134747-12527)"
1334,3736441355,popflyboy (138/150),176.5,"QB Dak Prescott (134747-31716), RB Aaron Jones Sr. (134747-40442), RB Emanuel Wilson (134747-185861), WR George Pickens (134747-110246), WR Nico Collins (134747-91419), WR CeeDee Lamb (134747-86631), TE T.J. Hockenson (134747-71706), WR Jordan Addison (134747-129210), D Seattle Seahawks (134747-12550)"
1334,3739417670,kingsley319 (7/7),176.5,"QB Dak Prescott (134747-31716), RB J.K. Dobbins (134747-87787), RB Kyle Monangai (134747-144102), WR CeeDee Lamb (134747-86631), WR Nico Collins (134747-91419), WR Michael Wilson (134747-89612), TE Brock Bowers (134747-151794), TE George Kittle (134747-39793), D Chicago Bears (134747-12527)"
1334,3739785677,stratocast71 (3/4),176.5,"QB Dak Prescott (134747-31716), RB Kyren Williams (134747-104433), RB Kyle Monangai (134747-144102), WR CeeDee Lamb (134747-86631), WR Puka Nacua (134747-103020), WR Dohnte Meyers (134747-241064), TE Tucker Kraft (134747-160303), TE Drew Sample (134747-56711), D Baltimore Ravens (134747-12555)"
1334,3738754824,ufgator1973 (132/150),176.5,"QB Dak Prescott (134747-31716), RB Emanuel Wilson (134747-185861), RB Aaron Jones Sr. (134747-40442), WR George Pickens (134747-110246), WR Nico Collins (134747-91419), WR CeeDee Lamb (134747-86631), TE T.J. Hockenson (134747-71706), WR Jordan Addison (134747-129210), D Seattle Seahawks (134747-12550)"
1338,3738234442,dasportsguru (15/150),176.48,"QB C.J. Stroud (134747-129471), RB Emanuel Wilson (134747-185861), RB Braelon Allen (134747-158412), WR Jordan Addison (134747-129210), WR Nico Collins (134747-91419), WR CeeDee Lamb (134747-86631), TE Trey McBride (134747-91750), RB Kenneth Walker III (134747-103342), D Cincinnati Bengals (134747-12528)"
1338,3739129630,fr33bird (77/143),176.48,"QB C.J. Stroud (134747-129471), RB D'Andre Swift (134747-91598), RB Aaron Jones Sr. (134747-40442), WR Nico Collins (134747-91419), WR Tee Higgins (134747-89981), WR CeeDee Lamb (134747-86631), TE Brock Bowers (134747-151794), RB RJ Harvey (134747-110484), D Chicago Bears (134747-12527)"
1338,3738202439,thesportsgurus (66/150),176.48,"QB C.J. Stroud (134747-129471), RB Aaron Jones Sr. (134747-40442), RB Jeremiyah Love (134747-188171), WR CeeDee Lamb (134747-86631), WR Nico Collins (134747-91419), WR Tee Higgins (134747-89981), TE Dalton Schultz (134747-55042), RB Kenneth Walker III (134747-103342), D Los Angeles Chargers (134747-12548)"
1338,3738579806,onetime12 (22/150),176.48,"QB C.J. Stroud (134747-129471), RB Aaron Jones Sr. (134747-40442), RB Jeremiyah Love (134747-188171), WR CeeDee Lamb (134747-86631), WR Nico Collins (134747-91419), WR Tee Higgins (134747-89981), TE Dalton Schultz (134747-55042), RB Kenneth Walker III (134747-103342), D Los Angeles Chargers (134747-12548)"
1338,3739286517,keithd1978 (71/150),176.48,"QB C.J. Stroud (134747-129471), RB Cam Skattebo (134747-183240), RB Ashton Jeanty (134747-167031), WR Nico Collins (134747-91419), WR Tee Higgins (134747-89981), WR Romeo Doubs (134747-94370), TE George Kittle (134747-39793), RB Kenneth Walker III (134747-103342), D Los Angeles Chargers (134747-12548)"
1338,3737143860,shaban08 (2/150),176.48,"QB C.J. Stroud (134747-129471), RB Aaron Jones Sr. (134747-40442), RB Javonte Williams (134747-93541), WR Nico Collins (134747-91419), WR Luther Burden III (134747-166092), WR Zay Flowers (134747-112295), TE Dalton Schultz (134747-55042), RB Kenneth Walker III (134747-103342), D Chicago Bears (134747-12527)"
1338,3739394116,daveassini (149/150),176.48,"QB C.J. Stroud (134747-129471), RB Aaron Jones Sr. (134747-40442), RB Jeremiyah Love (134747-188171), WR CeeDee Lamb (134747-86631), WR Nico Collins (134747-91419), WR Tee Higgins (134747-89981), TE Dalton Schultz (134747-55042), RB Kenneth Walker III (134747-103342), D Los Angeles Chargers (134747-12548)"
1338,3737602035,sirchosen (6/150),176.48,"QB C.J. Stroud (134747-129471), RB Kenneth Walker III (134747-103342), RB Derrick Henry (134747-39280), WR Zay Flowers (134747-112295), WR Parker Washington (134747-137516), WR Nico Collins (134747-91419), TE Isaiah Likely (134747-87260), TE T.J. Hockenson (134747-71706), D New York Giants (134747-12543)"
1338,3739039911,jballagh (12/150),176.48,"QB C.J. Stroud (134747-129471), RB Bhayshul Tuten (134747-160620), RB Aaron Jones Sr. (134747-40442), WR Tee Higgins (134747-89981), WR Nico Collins (134747-91419), WR Michael Wilson (134747-89612), TE Brock Bowers (134747-151794), RB Kenneth Walker III (134747-103342), D Chicago Bears (134747-12527)"
1338,3738045244,rice0025 (1/3),176.48,"QB C.J. Stroud (134747-129471), RB Kaelon Black (134747-167881), RB Aaron Jones Sr. (134747-40442), WR Michael Wilson (134747-89612), WR CeeDee Lamb (134747-86631), WR Tee Higgins (134747-89981), TE Brock Bowers (134747-151794), RB Kyren Williams (134747-104433), D Seattle Seahawks (134747-12550)"
1338,3738375319,scottism84 (81/150),176.48,"QB C.J. Stroud (134747-129471), RB Christian McCaffrey (134747-55050), RB Kenneth Walker III (134747-103342), WR Xavier Hutchinson (134747-119788), WR CeeDee Lamb (134747-86631), WR Nico Collins (134747-91419), TE T.J. Hockenson (134747-71706), TE Dalton Schultz (134747-55042), D Chicago Bears (134747-12527)"
1338,3737169647,beachman2105 (47/150),176.48,"QB C.J. Stroud (134747-129471), RB Derrick Henry (134747-39280), RB Kenneth Walker III (134747-103342), WR Nico Collins (134747-91419), WR Zay Flowers (134747-112295), WR Michael Wilson (134747-89612), TE Isaiah Likely (134747-87260), RB Rhamondre Stevenson (134747-111540), D Chicago Bears (134747-12527)"
1338,3738235097,packattack97502 (38/150),176.48,"QB C.J. Stroud (134747-129471), RB Aaron Jones Sr. (134747-40442), RB Jeremiyah Love (134747-188171), WR CeeDee Lamb (134747-86631), WR Nico Collins (134747-91419), WR Malik Nabers (134747-151761), TE Dalton Schultz (134747-55042), RB Kenneth Walker III (134747-103342), D New York Jets (134747-12544)"
1338,3738115849,whoodle2022 (19/150),176.48,"QB C.J. Stroud (134747-129471), RB Javonte Williams (134747-93541), RB Braelon Allen (134747-158412), WR Nico Collins (134747-91419), WR Luther Burden III (134747-166092), WR CeeDee Lamb (134747-86631), TE Kenyon Sadiq (134747-184873), RB Kenneth Walker III (134747-103342), D Los Angeles Rams (134747-12538)"
1352,3737190902,skup (47/150),176.42,"QB Tyson Bagent (134747-185776), RB Kenneth Walker III (134747-103342), RB James Cook III (134747-91626), WR CeeDee Lamb (134747-86631), WR Nico Collins (134747-91419), WR Kalif Raymond (134747-70422), TE T.J. Hockenson (134747-71706), WR Zay Flowers (134747-112295), D Cincinnati Bengals (134747-12528)"
1353,3739516801,pokrfce (65/150),176.4,"QB Dak Prescott (134747-31716), RB Kenneth Walker III (134747-103342), RB James Cook III (134747-91626), WR Chris Godwin Jr. (134747-55635), WR Zay Flowers (134747-112295), WR CeeDee Lamb (134747-86631), TE Tucker Kraft (134747-160303), TE T.J. Hockenson (134747-71706), D Tampa Bay Buccaneers (134747-12551)"
1353,3738742324,jakeduncan11 (68/150),176.4,"QB Dak Prescott (134747-31716), RB Aaron Jones Sr. (134747-40442), RB Kenneth Walker III (134747-103342), WR CeeDee Lamb (134747-86631), WR Malik Nabers (134747-151761), WR George Pickens (134747-110246), TE Mark Andrews (134747-52436), TE T.J. Hockenson (134747-71706), D Chicago Bears (134747-12527)"
1353,3737858898,inyoface388 (1/1),176.4,"QB Patrick Mahomes (134747-57439), RB Kenneth Walker III (134747-103342), RB Bhayshul Tuten (134747-160620), WR CeeDee Lamb (134747-86631), WR Matthew Golden (134747-166916), WR Michael Wilson (134747-89612), TE T.J. Hockenson (134747-71706), RB Kyle Monangai (134747-144102), D Philadelphia Eagles (134747-12545)"
1353,3739248866,chucknorrisneverloses (6/15),176.4,"QB Dak Prescott (134747-31716), RB Kenneth Walker III (134747-103342), RB Kyle Monangai (134747-144102), WR Mack Hollins (134747-25267), WR CeeDee Lamb (134747-86631), WR George Pickens (134747-110246), TE Mike Gesicki (134747-56265), RB Aaron Jones Sr. (134747-40442), D New York Giants (134747-12543)"
1353,3737346690,renson93 (1/1),176.4,"QB Dak Prescott (134747-31716), RB Kyren Williams (134747-104433), RB Aaron Jones Sr. (134747-40442), WR Tee Higgins (134747-89981), WR CeeDee Lamb (134747-86631), WR Zay Flowers (134747-112295), TE George Kittle (134747-39793), RB Jawhar Jordan (134747-103308), D Arizona Cardinals (134747-12546)"
1358,3736433043,popflyboy (26/150),176.38,"QB C.J. Stroud (134747-129471), RB Braelon Allen (134747-158412), RB Aaron Jones Sr. (134747-40442), WR CeeDee Lamb (134747-86631), WR Matthew Golden (134747-166916), WR Nico Collins (134747-91419), TE Isaiah Likely (134747-87260), RB Kenneth Walker III (134747-103342), D Minnesota Vikings (134747-12540)"
1358,3739511369,assman26 (58/150),176.38,"QB C.J. Stroud (134747-129471), RB Kenneth Walker III (134747-103342), RB Emanuel Wilson (134747-185861), WR CeeDee Lamb (134747-86631), WR Christian Watson (134747-169776), WR Nico Collins (134747-91419), TE Dalton Schultz (134747-55042), WR Matthew Golden (134747-166916), D Chicago Bears (134747-12527)"
1358,3738149862,winnercircle30 (23/39),176.38,"QB Lamar Jackson (134747-63115), RB Aaron Jones Sr. (134747-40442), RB Javonte Williams (134747-93541), WR Zay Flowers (134747-112295), WR Mack Hollins (134747-25267), WR Nico Collins (134747-91419), TE Mark Andrews (134747-52436), WR CeeDee Lamb (134747-86631), D Tampa Bay Buccaneers (134747-12551)"
1358,3738817756,thesprucebruce (65/150),176.38,"QB C.J. Stroud (134747-129471), RB Braelon Allen (134747-158412), RB Kenneth Walker III (134747-103342), WR CeeDee Lamb (134747-86631), WR Michael Wilson (134747-89612), WR Tee Higgins (134747-89981), TE Dalton Schultz (134747-55042), WR Nico Collins (134747-91419), D Buffalo Bills (134747-12526)"
1358,3738623769,ga33 (30/150),176.38,"QB C.J. Stroud (134747-129471), RB Jeremiyah Love (134747-188171), RB Kyren Williams (134747-104433), WR CeeDee Lamb (134747-86631), WR Nico Collins (134747-91419), WR Zay Flowers (134747-112295), TE Dalton Schultz (134747-55042), RB Aaron Jones Sr. (134747-40442), D Tampa Bay Buccaneers (134747-12551)"
1358,3738854195,bryantronnie (16/150),176.38,"QB C.J. Stroud (134747-129471), RB Aaron Jones Sr. (134747-40442), RB Kenneth Walker III (134747-103342), WR Nico Collins (134747-91419), WR Zay Flowers (134747-112295), WR Jordan Addison (134747-129210), TE T.J. Hockenson (134747-71706), RB Christian McCaffrey (134747-55050), D Los Angeles Chargers (134747-12548)"
1364,3738947360,kcidykcirt (42/150),176.32,"QB Joe Burrow (134747-63336), RB Rhamondre Stevenson (134747-111540), RB James Cook III (134747-91626), WR Tee Higgins (134747-89981), WR Nico Collins (134747-91419), WR CeeDee Lamb (134747-86631), TE Brenton Strange (134747-103587), WR Jordan Addison (134747-129210), D New York Jets (134747-12544)"
1364,3739633479,excel77 (1/3),176.32,"QB Josh Allen (134747-62239), RB Kyren Williams (134747-104433), RB Kyle Monangai (134747-144102), WR Khalil Shakir (134747-86518), WR Nico Collins (134747-91419), WR Xavier Worthy (134747-158974), TE Brock Bowers (134747-151794), RB Ollie Gordon II (134747-166112), D Minnesota Vikings (134747-12540)"
1364,3739657608,excel77 (2/3),176.32,"QB Josh Allen (134747-62239), RB Kyren Williams (134747-104433), RB Kyle Monangai (134747-144102), WR Khalil Shakir (134747-86518), WR Nico Collins (134747-91419), WR Xavier Worthy (134747-158974), TE Brock Bowers (134747-151794), RB Ollie Gordon II (134747-166112), D Minnesota Vikings (134747-12540)"
1364,3738200594,thunder2012 (150/150),176.32,"QB Joe Burrow (134747-63336), RB Kyle Monangai (134747-144102), RB Bhayshul Tuten (134747-160620), WR CeeDee Lamb (134747-86631), WR Tee Higgins (134747-89981), WR Jaylen Waddle (134747-90573), TE Dalton Kincaid (134747-145558), RB Javonte Williams (134747-93541), D New York Jets (134747-12544)"
1364,3739421513,slimjimsteelerz (42/150),176.32,"QB Joe Burrow (134747-63336), RB Aaron Jones Sr. (134747-40442), RB Emanuel Wilson (134747-185861), WR Ja'Marr Chase (134747-85701), WR Nico Collins (134747-91419), WR Tee Higgins (134747-89981), TE T.J. Hockenson (134747-71706), WR Malik Nabers (134747-151761), D Kansas City Chiefs (134747-12536)"
1369,3737404244,aprey225 (5/25),176.3,"QB Kirk Cousins (134747-22038), RB Kenneth Walker III (134747-103342), RB Kyren Williams (134747-104433), WR CeeDee Lamb (134747-86631), WR Michael Wilson (134747-89612), WR Malik Washington (134747-110974), TE Brock Bowers (134747-151794), RB Braelon Allen (134747-158412), D Las Vegas Raiders (134747-12537)"
1369,3739522009,b14moore (15/20),176.3,"QB Dak Prescott (134747-31716), RB Bhayshul Tuten (134747-160620), RB Aaron Jones Sr. (134747-40442), WR Tee Higgins (134747-89981), WR CeeDee Lamb (134747-86631), WR Nico Collins (134747-91419), TE Travis Kelce (134747-33076), RB Emanuel Wilson (134747-185861), D Seattle Seahawks (134747-12550)"
1369,3738049304,stackson_1998 (1/1),176.3,"QB Jameis Winston (134747-24849), RB Christian McCaffrey (134747-55050), RB Kyle Monangai (134747-144102), WR Zay Flowers (134747-112295), WR Davante Adams (134747-45889), WR Malik Nabers (134747-151761), TE T.J. Hockenson (134747-71706), RB Kyren Williams (134747-104433), D Tampa Bay Buccaneers (134747-12551)"
1369,3737151973,danimal1919 (1/1),176.3,"QB Jameis Winston (134747-24849), RB Derrick Henry (134747-39280), RB Emanuel Wilson (134747-185861), WR Malik Nabers (134747-151761), WR CeeDee Lamb (134747-86631), WR Tee Higgins (134747-89981), TE Isaiah Likely (134747-87260), RB Ashton Jeanty (134747-167031), D Chicago Bears (134747-12527)"
1373,3739215669,beefsupreme (10/150),176.28,"QB C.J. Stroud (134747-129471), RB Jeremiyah Love (134747-188171), RB Aaron Jones Sr. (134747-40442), WR CeeDee Lamb (134747-86631), WR Nico Collins (134747-91419), WR Parker Washington (134747-137516), TE T.J. Hockenson (134747-71706), RB Kenneth Walker III (134747-103342), D Chicago Bears (134747-12527)"
1373,3739124993,good_times (63/150),176.28,"QB C.J. Stroud (134747-129471), RB Aaron Jones Sr. (134747-40442), RB Jeremiyah Love (134747-188171), WR CeeDee Lamb (134747-86631), WR Nico Collins (134747-91419), WR Parker Washington (134747-137516), TE T.J. Hockenson (134747-71706), RB Kenneth Walker III (134747-103342), D Chicago Bears (134747-12527)"
1373,3739724401,jeffkeola (71/150),176.28,"QB C.J. Stroud (134747-129471), RB Emanuel Wilson (134747-185861), RB Jeremiyah Love (134747-188171), WR DJ Moore (134747-63043), WR CeeDee Lamb (134747-86631), WR Nico Collins (134747-91419), TE George Kittle (134747-39793), RB Kenneth Walker III (134747-103342), D Tennessee Titans (134747-12534)"
1373,3737597292,laudyn (49/150),176.28,"QB C.J. Stroud (134747-129471), RB Aaron Jones Sr. (134747-40442), RB Jeremiyah Love (134747-188171), WR CeeDee Lamb (134747-86631), WR Nico Collins (134747-91419), WR Parker Washington (134747-137516), TE T.J. Hockenson (134747-71706), RB Kenneth Walker III (134747-103342), D Chicago Bears (134747-12527)"
1373,3739561593,brewerssuck (46/150),176.28,"QB C.J. Stroud (134747-129471), RB Aaron Jones Sr. (134747-40442), RB Jeremiyah Love (134747-188171), WR CeeDee Lamb (134747-86631), WR Nico Collins (134747-91419), WR Parker Washington (134747-137516), TE T.J. Hockenson (134747-71706), RB Kenneth Walker III (134747-103342), D Chicago Bears (134747-12527)"
1373,3737049286,theboss23 (1/1),176.28,"QB C.J. Stroud (134747-129471), RB Jeremiyah Love (134747-188171), RB Aaron Jones Sr. (134747-40442), WR CeeDee Lamb (134747-86631), WR Nico Collins (134747-91419), WR Parker Washington (134747-137516), TE T.J. Hockenson (134747-71706), RB Kenneth Walker III (134747-103342), D Chicago Bears (134747-12527)"
1373,3738606200,winningtehfoozeball (37/150),176.28,"QB C.J. Stroud (134747-129471), RB Chase Brown (134747-89493), RB Aaron Jones Sr. (134747-40442), WR CeeDee Lamb (134747-86631), WR Malik Nabers (134747-151761), WR Nico Collins (134747-91419), TE T.J. Hockenson (134747-71706), WR Jordan Addison (134747-129210), D Buffalo Bills (134747-12526)"
1373,3739528584,foldemfastphil (147/150),176.28,"QB C.J. Stroud (134747-129471), RB Kenneth Walker III (134747-103342), RB Jeremiyah Love (134747-188171), WR CeeDee Lamb (134747-86631), WR Nico Collins (134747-91419), WR Parker Washington (134747-137516), TE T.J. Hockenson (134747-71706), RB Aaron Jones Sr. (134747-40442), D Chicago Bears (134747-12527)"
1373,3736962979,gregv28 (7/150),176.28,"QB C.J. Stroud (134747-129471), RB James Cook III (134747-91626), RB Woody Marks (134747-138774), WR Romeo Doubs (134747-94370), WR CeeDee Lamb (134747-86631), WR Zay Flowers (134747-112295), TE T.J. Hockenson (134747-71706), RB Derrick Henry (134747-39280), D Arizona Cardinals (134747-12546)"
1373,3739199310,brothermanfredy (60/101),176.28,"QB C.J. Stroud (134747-129471), RB Kenneth Walker III (134747-103342), RB Jeremiyah Love (134747-188171), WR CeeDee Lamb (134747-86631), WR Nico Collins (134747-91419), WR Parker Washington (134747-137516), TE T.J. Hockenson (134747-71706), RB Aaron Jones Sr. (134747-40442), D Chicago Bears (134747-12527)"
1373,3739134754,realfreddyfredd (110/150),176.28,"QB C.J. Stroud (134747-129471), RB Aaron Jones Sr. (134747-40442), RB Jeremiyah Love (134747-188171), WR CeeDee Lamb (134747-86631), WR Nico Collins (134747-91419), WR Parker Washington (134747-137516), TE T.J. Hockenson (134747-71706), RB Kenneth Walker III (134747-103342), D Chicago Bears (134747-12527)"
1373,3739638784,irish1977 (42/150),176.28,"QB C.J. Stroud (134747-129471), RB Kenneth Walker III (134747-103342), RB Aaron Jones Sr. (134747-40442), WR Nico Collins (134747-91419), WR CeeDee Lamb (134747-86631), WR Luther Burden III (134747-166092), TE Dalton Schultz (134747-55042), TE Brock Bowers (134747-151794), D Chicago Bears (134747-12527)"
1373,3738202389,thesportsgurus (20/150),176.28,"QB C.J. Stroud (134747-129471), RB Aaron Jones Sr. (134747-40442), RB Jeremiyah Love (134747-188171), WR CeeDee Lamb (134747-86631), WR Nico Collins (134747-91419), WR Parker Washington (134747-137516), TE T.J. Hockenson (134747-71706), RB Kenneth Walker III (134747-103342), D Chicago Bears (134747-12527)"
1373,3738243255,bobkatz (86/150),176.28,"QB C.J. Stroud (134747-129471), RB Javonte Williams (134747-93541), RB Kenneth Walker III (134747-103342), WR Matthew Golden (134747-166916), WR Nico Collins (134747-91419), WR Rashee Rice (134747-111311), TE George Kittle (134747-39793), RB Emanuel Wilson (134747-185861), D Chicago Bears (134747-12527)"
1373,3738824450,scooternobeans (122/150),176.28,"QB C.J. Stroud (134747-129471), RB James Cook III (134747-91626), RB Aaron Jones Sr. (134747-40442), WR CeeDee Lamb (134747-86631), WR Nico Collins (134747-91419), WR Deebo Samuel Sr. (134747-56018), TE T.J. Hockenson (134747-71706), RB Bhayshul Tuten (134747-160620), D Chicago Bears (134747-12527)"
1373,3738613504,reboshua (37/150),176.28,"QB C.J. Stroud (134747-129471), RB Aaron Jones Sr. (134747-40442), RB Jeremiyah Love (134747-188171), WR CeeDee Lamb (134747-86631), WR Nico Collins (134747-91419), WR Parker Washington (134747-137516), TE T.J. Hockenson (134747-71706), RB Kenneth Walker III (134747-103342), D Chicago Bears (134747-12527)"
1373,3738991101,pacelli929 (27/46),176.28,"QB C.J. Stroud (134747-129471), RB Aaron Jones Sr. (134747-40442), RB Jeremiyah Love (134747-188171), WR CeeDee Lamb (134747-86631), WR Nico Collins (134747-91419), WR Parker Washington (134747-137516), TE T.J. Hockenson (134747-71706), RB Kenneth Walker III (134747-103342), D Chicago Bears (134747-12527)"
1373,3739822898,bloodbathnbeyond (11/150),176.28,"QB C.J. Stroud (134747-129471), RB Jeremiyah Love (134747-188171), RB Aaron Jones Sr. (134747-40442), WR CeeDee Lamb (134747-86631), WR Nico Collins (134747-91419), WR Parker Washington (134747-137516), TE T.J. Hockenson (134747-71706), RB Kenneth Walker III (134747-103342), D Chicago Bears (134747-12527)"
1373,3737175987,fnmoneduel (34/150),176.28,"QB C.J. Stroud (134747-129471), RB Braelon Allen (134747-158412), RB Bhayshul Tuten (134747-160620), WR Tee Higgins (134747-89981), WR Malik Nabers (134747-151761), WR Nico Collins (134747-91419), TE George Kittle (134747-39793), RB Kyren Williams (134747-104433), D Green Bay Packers (134747-12533)"
1373,3739784357,sngngal68 (27/75),176.28,"QB C.J. Stroud (134747-129471), RB Aaron Jones Sr. (134747-40442), RB Jeremiyah Love (134747-188171), WR Nico Collins (134747-91419), WR Parker Washington (134747-137516), WR CeeDee Lamb (134747-86631), TE T.J. Hockenson (134747-71706), RB Kenneth Walker III (134747-103342), D Chicago Bears (134747-12527)"
1373,3737102050,dalamingo (2/9),176.28,"QB C.J. Stroud (134747-129471), RB Kenneth Walker III (134747-103342), RB Kyle Monangai (134747-144102), WR Jaxon Smith-Njigba (134747-129458), WR CeeDee Lamb (134747-86631), WR Matthew Golden (134747-166916), TE T.J. Hockenson (134747-71706), WR Cooper Kupp (134747-79970), D Jacksonville Jaguars (134747-12554)"
1373,3739718482,gtthumper (12/23),176.28,"QB C.J. Stroud (134747-129471), RB Kenneth Walker III (134747-103342), RB Jeremiyah Love (134747-188171), WR CeeDee Lamb (134747-86631), WR Parker Washington (134747-137516), WR Nico Collins (134747-91419), TE T.J. Hockenson (134747-71706), RB Aaron Jones Sr. (134747-40442), D Chicago Bears (134747-12527)"
1373,3739065810,pop_tart1 (80/150),176.28,"QB C.J. Stroud (134747-129471), RB Jeremiyah Love (134747-188171), RB Aaron Jones Sr. (134747-40442), WR CeeDee Lamb (134747-86631), WR Nico Collins (134747-91419), WR Parker Washington (134747-137516), TE T.J. Hockenson (134747-71706), RB Kenneth Walker III (134747-103342), D Chicago Bears (134747-12527)"
1373,3737168463,dkirnn (1/2),176.28,"QB C.J. Stroud (134747-129471), RB Jeremiyah Love (134747-188171), RB Aaron Jones Sr. (134747-40442), WR Nico Collins (134747-91419), WR CeeDee Lamb (134747-86631), WR Parker Washington (134747-137516), TE T.J. Hockenson (134747-71706), RB Kenneth Walker III (134747-103342), D Chicago Bears (134747-12527)"
1373,3739359068,shanev32 (1/1),176.28,"QB C.J. Stroud (134747-129471), RB Jeremiyah Love (134747-188171), RB Aaron Jones Sr. (134747-40442), WR Nico Collins (134747-91419), WR CeeDee Lamb (134747-86631), WR Parker Washington (134747-137516), TE T.J. Hockenson (134747-71706), RB Kenneth Walker III (134747-103342), D Chicago Bears (134747-12527)"
1373,3739112254,ljrowell (51/150),176.28,"QB C.J. Stroud (134747-129471), RB Kenneth Walker III (134747-103342), RB Emanuel Wilson (134747-185861), WR Zay Flowers (134747-112295), WR Christian Watson (134747-169776), WR CeeDee Lamb (134747-86631), TE Dalton Schultz (134747-55042), TE Brock Bowers (134747-151794), D Miami Dolphins (134747-12539)"
1373,3738775940,stroudisking (35/150),176.28,"QB C.J. Stroud (134747-129471), RB Kenneth Walker III (134747-103342), RB Jeremiyah Love (134747-188171), WR CeeDee Lamb (134747-86631), WR Nico Collins (134747-91419), WR Parker Washington (134747-137516), TE T.J. Hockenson (134747-71706), RB Aaron Jones Sr. (134747-40442), D Chicago Bears (134747-12527)"
1400,3739549074,illkill1 (78/150),176.2,"QB Dak Prescott (134747-31716), RB Aaron Jones Sr. (134747-40442), RB Kenneth Walker III (134747-103342), WR Michael Wilson (134747-89612), WR CeeDee Lamb (134747-86631), WR Nico Collins (134747-91419), TE Isaiah Likely (134747-87260), WR Ryan Flournoy (134747-201233), D Seattle Seahawks (134747-12550)"
1400,3739107627,finallyalive (56/59),176.2,"QB Kirk Cousins (134747-22038), RB Kenneth Walker III (134747-103342), RB Chase Brown (134747-89493), WR Luther Burden III (134747-166092), WR CeeDee Lamb (134747-86631), WR Michael Wilson (134747-89612), TE Isaiah Likely (134747-87260), WR Nico Collins (134747-91419), D Los Angeles Chargers (134747-12548)"
1400,3739403753,wlsc (59/68),176.2,"QB Dak Prescott (134747-31716), RB Javonte Williams (134747-93541), RB Emanuel Wilson (134747-185861), WR CeeDee Lamb (134747-86631), WR Nico Collins (134747-91419), WR Luther Burden III (134747-166092), TE Travis Kelce (134747-33076), RB Aaron Jones Sr. (134747-40442), D Minnesota Vikings (134747-12540)"
1403,3739857723,duelingfan802 (67/150),176.18,"QB C.J. Stroud (134747-129471), RB Aaron Jones Sr. (134747-40442), RB D'Andre Swift (134747-91598), WR Jordan Addison (134747-129210), WR CeeDee Lamb (134747-86631), WR Tee Higgins (134747-89981), TE T.J. Hockenson (134747-71706), RB Kenneth Walker III (134747-103342), D Chicago Bears (134747-12527)"
1403,3738083965,bookyboon (96/150),176.18,"QB Trevor Lawrence (134747-89951), RB Kenneth Walker III (134747-103342), RB Aaron Jones Sr. (134747-40442), WR Nico Collins (134747-91419), WR Zay Flowers (134747-112295), WR Tee Higgins (134747-89981), TE Brenton Strange (134747-103587), TE Brock Bowers (134747-151794), D New York Jets (134747-12544)"
1403,3739482386,ajc02 (140/150),176.18,"QB C.J. Stroud (134747-129471), RB Aaron Jones Sr. (134747-40442), RB Cam Skattebo (134747-183240), WR CeeDee Lamb (134747-86631), WR Nico Collins (134747-91419), WR Tee Higgins (134747-89981), TE T.J. Hockenson (134747-71706), RB Christian McCaffrey (134747-55050), D Tennessee Titans (134747-12534)"
1406,3737097696,jasonk82 (1/1),176.16,"QB Drake Maye (134747-152316), RB Kyren Williams (134747-104433), RB Kenneth Walker III (134747-103342), WR Malik Nabers (134747-151761), WR Khalil Shakir (134747-86518), WR Romeo Doubs (134747-94370), TE Colston Loveland (134747-166588), RB Christian McCaffrey (134747-55050), D Chicago Bears (134747-12527)"
1406,3738804225,digphx (97/150),176.16,"QB Drake Maye (134747-152316), RB Derrick Henry (134747-39280), RB Emanuel Wilson (134747-185861), WR Nico Collins (134747-91419), WR Dontayvion Wicks (134747-110457), WR Carnell Tate (134747-183756), TE Brock Bowers (134747-151794), RB Kenneth Walker III (134747-103342), D Cincinnati Bengals (134747-12528)"
1408,3738277309,bigdnoe (149/150),176.12,"QB Josh Allen (134747-62239), RB James Cook III (134747-91626), RB Kyren Williams (134747-104433), WR Zay Flowers (134747-112295), WR Tee Higgins (134747-89981), WR Malik Nabers (134747-151761), TE T.J. Hockenson (134747-71706), RB Tony Pollard (134747-63759), D Los Angeles Chargers (134747-12548)"
1408,3738269502,bigdawgbana (45/150),176.12,"QB Josh Allen (134747-62239), RB Tony Pollard (134747-63759), RB Kenneth Walker III (134747-103342), WR Nico Collins (134747-91419), WR Tee Higgins (134747-89981), WR Zay Flowers (134747-112295), TE Isaiah Likely (134747-87260), RB Aaron Jones Sr. (134747-40442), D Chicago Bears (134747-12527)"
1410,3738296146,micvicious215 (143/150),176.1,"QB Dak Prescott (134747-31716), RB Kyren Williams (134747-104433), RB James Cook III (134747-91626), WR Matthew Golden (134747-166916), WR CeeDee Lamb (134747-86631), WR Romeo Doubs (134747-94370), TE T.J. Hockenson (134747-71706), RB Aaron Jones Sr. (134747-40442), D Los Angeles Rams (134747-12538)"
1410,3739799135,phoreal (1/1),176.1,"QB Jameis Winston (134747-24849), RB Javonte Williams (134747-93541), RB Aaron Jones Sr. (134747-40442), WR Zay Flowers (134747-112295), WR Tee Higgins (134747-89981), WR Nico Collins (134747-91419), TE George Kittle (134747-39793), WR Matthew Golden (134747-166916), D Minnesota Vikings (134747-12540)"
1410,3737373781,jsal561 (105/150),176.1,"QB Jameis Winston (134747-24849), RB Aaron Jones Sr. (134747-40442), RB Kenneth Walker III (134747-103342), WR Zay Flowers (134747-112295), WR Tee Higgins (134747-89981), WR Malik Nabers (134747-151761), TE Isaiah Likely (134747-87260), TE Brock Bowers (134747-151794), D Minnesota Vikings (134747-12540)"
1410,3736868595,ugabruins (60/150),176.1,"QB Kirk Cousins (134747-22038), RB Omarion Hampton (134747-174215), RB Kenneth Walker III (134747-103342), WR CeeDee Lamb (134747-86631), WR Rome Odunze (134747-120033), WR Zay Flowers (134747-112295), TE Brock Bowers (134747-151794), TE Michael Mayer (134747-138998), D Las Vegas Raiders (134747-12537)"
1410,3738706832,maxiteresa (42/150),176.1,"QB Jameis Winston (134747-24849), RB Aaron Jones Sr. (134747-40442), RB Kenneth Walker III (134747-103342), WR Zay Flowers (134747-112295), WR Malik Nabers (134747-151761), WR Nico Collins (134747-91419), TE Isaiah Likely (134747-87260), RB Christian McCaffrey (134747-55050), D Tampa Bay Buccaneers (134747-12551)"
1415,3739595125,macwack (126/150),176.08,"QB C.J. Stroud (134747-129471), RB Aaron Jones Sr. (134747-40442), RB Javonte Williams (134747-93541), WR Chris Bell (134747-170825), WR Nico Collins (134747-91419), WR CeeDee Lamb (134747-86631), TE Dalton Schultz (134747-55042), RB Kenneth Walker III (134747-103342), D Los Angeles Rams (134747-12538)"
1415,3737169923,cspowell (129/150),176.08,"QB C.J. Stroud (134747-129471), RB Aaron Jones Sr. (134747-40442), RB Javonte Williams (134747-93541), WR Nico Collins (134747-91419), WR Jordan Addison (134747-129210), WR Michael Wilson (134747-89612), TE Brock Bowers (134747-151794), RB Kenneth Walker III (134747-103342), D Tampa Bay Buccaneers (134747-12551)"
1415,3738845377,jeffylube (69/150),176.08,"QB C.J. Stroud (134747-129471), RB Braelon Allen (134747-158412), RB Javonte Williams (134747-93541), WR Ja'Marr Chase (134747-85701), WR Nico Collins (134747-91419), WR CeeDee Lamb (134747-86631), TE T.J. Hockenson (134747-71706), RB Aaron Jones Sr. (134747-40442), D Chicago Bears (134747-12527)"
1415,3739225222,implayinforchubs22 (138/150),176.08,"QB C.J. Stroud (134747-129471), RB Jeremiyah Love (134747-188171), RB Aaron Jones Sr. (134747-40442), WR CeeDee Lamb (134747-86631), WR Khalil Shakir (134747-86518), WR Nico Collins (134747-91419), TE George Kittle (134747-39793), RB Kenneth Walker III (134747-103342), D Tampa Bay Buccaneers (134747-12551)"
1415,3739474141,deemac757 (69/71),176.08,"QB C.J. Stroud (134747-129471), RB David Montgomery (134747-73273), RB Javonte Williams (134747-93541), WR Jordan Addison (134747-129210), WR CeeDee Lamb (134747-86631), WR Nico Collins (134747-91419), TE T.J. Hockenson (134747-71706), RB James Cook III (134747-91626), D Chicago Bears (134747-12527)"
1415,3739148993,charlieussle (48/150),176.08,"QB C.J. Stroud (134747-129471), RB Aaron Jones Sr. (134747-40442), RB Javonte Williams (134747-93541), WR Nico Collins (134747-91419), WR Jordan Addison (134747-129210), WR Michael Wilson (134747-89612), TE Brock Bowers (134747-151794), RB Kenneth Walker III (134747-103342), D Tampa Bay Buccaneers (134747-12551)"
1415,3739584450,boodah1069 (55/150),176.08,"QB C.J. Stroud (134747-129471), RB Aaron Jones Sr. (134747-40442), RB Christian McCaffrey (134747-55050), WR Tee Higgins (134747-89981), WR CeeDee Lamb (134747-86631), WR Zay Flowers (134747-112295), TE T.J. Hockenson (134747-71706), TE Travis Kelce (134747-33076), D Seattle Seahawks (134747-12550)"
1415,3737073735,bmoneyyy026 (1/2),176.08,"QB C.J. Stroud (134747-129471), RB Aaron Jones Sr. (134747-40442), RB Braelon Allen (134747-158412), WR CeeDee Lamb (134747-86631), WR Nico Collins (134747-91419), WR Malik Nabers (134747-151761), TE Trey McBride (134747-91750), TE Brock Bowers (134747-151794), D New York Giants (134747-12543)"
1423,3737246850,trip8 (128/150),176.06,"QB Drake Maye (134747-152316), RB Derrick Henry (134747-39280), RB Ashton Jeanty (134747-167031), WR Zay Flowers (134747-112295), WR Michael Wilson (134747-89612), WR Romeo Doubs (134747-94370), TE T.J. Hockenson (134747-71706), RB Kenneth Walker III (134747-103342), D New York Jets (134747-12544)"
1423,3736855672,buster3131 (65/150),176.06,"QB Drake Maye (134747-152316), RB RJ Harvey (134747-110484), RB Ashton Jeanty (134747-167031), WR Nico Collins (134747-91419), WR CeeDee Lamb (134747-86631), WR Malik Nabers (134747-151761), TE Hunter Henry (134747-40845), WR Michael Wilson (134747-89612), D Minnesota Vikings (134747-12540)"
1425,3739034993,wmnoah (46/150),176.02,"QB Sam Darnold (134747-63589), RB Kenneth Walker III (134747-103342), RB Emanuel Wilson (134747-185861), WR Jaxon Smith-Njigba (134747-129458), WR Luther Burden III (134747-166092), WR Nico Collins (134747-91419), TE T.J. Hockenson (134747-71706), TE Brock Bowers (134747-151794), D New York Giants (134747-12543)"
1425,3737168490,chriddybo (6/6),176.02,"QB Joe Burrow (134747-63336), RB Kyle Monangai (134747-144102), RB Ashton Jeanty (134747-167031), WR Deebo Samuel Sr. (134747-56018), WR Malik Nabers (134747-151761), WR Jordan Addison (134747-129210), TE Brenton Strange (134747-103587), RB Kenneth Walker III (134747-103342), D Arizona Cardinals (134747-12546)"
1427,3737247618,httrsilverback (1/1),176.0,"QB Jameis Winston (134747-24849), RB Kenneth Walker III (134747-103342), RB Kyren Williams (134747-104433), WR Malik Nabers (134747-151761), WR Marvin Harrison Jr. (134747-152651), WR CeeDee Lamb (134747-86631), TE Michael Mayer (134747-138998), RB Jeremiyah Love (134747-188171), D Baltimore Ravens (134747-12555)"
1427,3739167089,ginathormax (103/105),176.0,"QB Kirk Cousins (134747-22038), RB Kenneth Walker III (134747-103342), RB Ashton Jeanty (134747-167031), WR CeeDee Lamb (134747-86631), WR Jakobi Meyers (134747-63634), WR Tee Higgins (134747-89981), TE Brock Bowers (134747-151794), TE Brenton Strange (134747-103587), D Miami Dolphins (134747-12539)"
1427,3739766737,ames525 (28/42),176.0,"QB Kirk Cousins (134747-22038), RB Kyren Williams (134747-104433), RB David Montgomery (134747-73273), WR Ryan Flournoy (134747-201233), WR CeeDee Lamb (134747-86631), WR Zay Flowers (134747-112295), TE Colston Loveland (134747-166588), RB Kenneth Walker III (134747-103342), D Tampa Bay Buccaneers (134747-12551)"
1430,3739561312,brewerssuck (14/150),175.98,"QB C.J. Stroud (134747-129471), RB Aaron Jones Sr. (134747-40442), RB Jeremiyah Love (134747-188171), WR CeeDee Lamb (134747-86631), WR Garrett Wilson (134747-103564), WR Nico Collins (134747-91419), TE T.J. Hockenson (134747-71706), RB Kenneth Walker III (134747-103342), D Los Angeles Chargers (134747-12548)"
1430,3738115332,blanchard1889 (30/150),175.98,"QB C.J. Stroud (134747-129471), RB Derrick Henry (134747-39280), RB Aaron Jones Sr. (134747-40442), WR Nico Collins (134747-91419), WR Zay Flowers (134747-112295), WR Dontayvion Wicks (134747-110457), TE T.J. Hockenson (134747-71706), RB Kenneth Walker III (134747-103342), D Chicago Bears (134747-12527)"
1430,3739696606,arminfan (57/150),175.98,"QB C.J. Stroud (134747-129471), RB Derrick Henry (134747-39280), RB Aaron Jones Sr. (134747-40442), WR Nico Collins (134747-91419), WR Zay Flowers (134747-112295), WR Dontayvion Wicks (134747-110457), TE T.J. Hockenson (134747-71706), RB Kenneth Walker III (134747-103342), D Chicago Bears (134747-12527)"
1430,3737299482,ando1991 (1/1),175.98,"QB C.J. Stroud (134747-129471), RB Aaron Jones Sr. (134747-40442), RB Braelon Allen (134747-158412), WR Nico Collins (134747-91419), WR Zay Flowers (134747-112295), WR Jaxon Smith-Njigba (134747-129458), TE T.J. Hockenson (134747-71706), WR CeeDee Lamb (134747-86631), D Tampa Bay Buccaneers (134747-12551)"
1430,3738677787,nitsud05 (78/150),175.98,"QB C.J. Stroud (134747-129471), RB Derrick Henry (134747-39280), RB Aaron Jones Sr. (134747-40442), WR Nico Collins (134747-91419), WR Zay Flowers (134747-112295), WR Dontayvion Wicks (134747-110457), TE T.J. Hockenson (134747-71706), RB Kenneth Walker III (134747-103342), D Chicago Bears (134747-12527)"
1430,3739393632,daveassini (72/150),175.98,"QB C.J. Stroud (134747-129471), RB Derrick Henry (134747-39280), RB Aaron Jones Sr. (134747-40442), WR Nico Collins (134747-91419), WR Zay Flowers (134747-112295), WR Dontayvion Wicks (134747-110457), TE T.J. Hockenson (134747-71706), RB Kenneth Walker III (134747-103342), D Chicago Bears (134747-12527)"
1430,3739815724,cedmoney (24/150),175.98,"QB C.J. Stroud (134747-129471), RB Derrick Henry (134747-39280), RB Aaron Jones Sr. (134747-40442), WR Nico Collins (134747-91419), WR Zay Flowers (134747-112295), WR Dontayvion Wicks (134747-110457), TE T.J. Hockenson (134747-71706), RB Kenneth Walker III (134747-103342), D Chicago Bears (134747-12527)"
1430,3739398342,thehendersons (10/150),175.98,"QB C.J. Stroud (134747-129471), RB Derrick Henry (134747-39280), RB Aaron Jones Sr. (134747-40442), WR Nico Collins (134747-91419), WR Zay Flowers (134747-112295), WR Dontayvion Wicks (134747-110457), TE T.J. Hockenson (134747-71706), RB Kenneth Walker III (134747-103342), D Chicago Bears (134747-12527)"
1430,3739559100,hstbblyon (43/147),175.98,"QB C.J. Stroud (134747-129471), RB Derrick Henry (134747-39280), RB Aaron Jones Sr. (134747-40442), WR Nico Collins (134747-91419), WR Zay Flowers (134747-112295), WR Dontayvion Wicks (134747-110457), TE T.J. Hockenson (134747-71706), RB Kenneth Walker III (134747-103342), D Chicago Bears (134747-12527)"
1430,3738091784,bendogg705 (102/150),175.98,"QB C.J. Stroud (134747-129471), RB Aaron Jones Sr. (134747-40442), RB Cam Skattebo (134747-183240), WR CeeDee Lamb (134747-86631), WR Christian Watson (134747-169776), WR Tee Higgins (134747-89981), TE T.J. Hockenson (134747-71706), RB Kenneth Walker III (134747-103342), D Chicago Bears (134747-12527)"
1430,3736385761,endlesslight (34/150),175.98,"QB C.J. Stroud (134747-129471), RB Derrick Henry (134747-39280), RB Aaron Jones Sr. (134747-40442), WR Nico Collins (134747-91419), WR Zay Flowers (134747-112295), WR Dontayvion Wicks (134747-110457), TE T.J. Hockenson (134747-71706), RB Kenneth Walker III (134747-103342), D Chicago Bears (134747-12527)"
1430,3738960531,ilikebooksaboutcats (57/150),175.98,"QB C.J. Stroud (134747-129471), RB Derrick Henry (134747-39280), RB Aaron Jones Sr. (134747-40442), WR Nico Collins (134747-91419), WR Zay Flowers (134747-112295), WR Dontayvion Wicks (134747-110457), TE T.J. Hockenson (134747-71706), RB Kenneth Walker III (134747-103342), D Chicago Bears (134747-12527)"
1430,3737707980,brian2342 (8/150),175.98,"QB C.J. Stroud (134747-129471), RB Derrick Henry (134747-39280), RB Aaron Jones Sr. (134747-40442), WR Nico Collins (134747-91419), WR Zay Flowers (134747-112295), WR Dontayvion Wicks (134747-110457), TE T.J. Hockenson (134747-71706), RB Kenneth Walker III (134747-103342), D Chicago Bears (134747-12527)"
1430,3738243712,cjcashing (134/150),175.98,"QB C.J. Stroud (134747-129471), RB Aaron Jones Sr. (134747-40442), RB Javonte Williams (134747-93541), WR Jaxon Smith-Njigba (134747-129458), WR Nico Collins (134747-91419), WR Xavier Hutchinson (134747-119788), TE T.J. Hockenson (134747-71706), RB Kenneth Walker III (134747-103342), D New York Jets (134747-12544)"
1430,3737555514,cbake27 (12/150),175.98,"QB C.J. Stroud (134747-129471), RB Derrick Henry (134747-39280), RB Aaron Jones Sr. (134747-40442), WR Nico Collins (134747-91419), WR Zay Flowers (134747-112295), WR Dontayvion Wicks (134747-110457), TE T.J. Hockenson (134747-71706), RB Kenneth Walker III (134747-103342), D Chicago Bears (134747-12527)"
1430,3738721662,wy846 (18/150),175.98,"QB C.J. Stroud (134747-129471), RB Derrick Henry (134747-39280), RB Aaron Jones Sr. (134747-40442), WR Nico Collins (134747-91419), WR Zay Flowers (134747-112295), WR Dontayvion Wicks (134747-110457), TE T.J. Hockenson (134747-71706), RB Kenneth Walker III (134747-103342), D Chicago Bears (134747-12527)"
1430,3739857853,saladshooter0393 (25/60),175.98,"QB C.J. Stroud (134747-129471), RB Derrick Henry (134747-39280), RB Aaron Jones Sr. (134747-40442), WR Nico Collins (134747-91419), WR Zay Flowers (134747-112295), WR Dontayvion Wicks (134747-110457), TE T.J. Hockenson (134747-71706), RB Kenneth Walker III (134747-103342), D Chicago Bears (134747-12527)"
1447,3738757574,gregorycp (64/150),175.96,"QB Drake Maye (134747-152316), RB Rhamondre Stevenson (134747-111540), RB Cam Skattebo (134747-183240), WR Zay Flowers (134747-112295), WR Puka Nacua (134747-103020), WR Jaylen Waddle (134747-90573), TE T.J. Hockenson (134747-71706), RB Kenneth Walker III (134747-103342), D Chicago Bears (134747-12527)"
1447,3738899351,dolomagic (67/150),175.96,"QB Drake Maye (134747-152316), RB Chase Brown (134747-89493), RB Rhamondre Stevenson (134747-111540), WR Matthew Golden (134747-166916), WR Zay Flowers (134747-112295), WR CeeDee Lamb (134747-86631), TE Isaiah Likely (134747-87260), RB Kenneth Walker III (134747-103342), D Cincinnati Bengals (134747-12528)"
1449,3739781360,defaru (98/150),175.92,"QB Joe Burrow (134747-63336), RB Kenneth Walker III (134747-103342), RB Aaron Jones Sr. (134747-40442), WR Zay Flowers (134747-112295), WR Tee Higgins (134747-89981), WR Nico Collins (134747-91419), TE Travis Kelce (134747-33076), WR Matthew Golden (134747-166916), D Chicago Bears (134747-12527)"
1449,3738362452,the_dynasty89 (25/150),175.92,"QB Joe Burrow (134747-63336), RB James Cook III (134747-91626), RB Kyle Monangai (134747-144102), WR Tee Higgins (134747-89981), WR CeeDee Lamb (134747-86631), WR Isaiah Williams (134747-112041), TE Travis Kelce (134747-33076), RB Ashton Jeanty (134747-167031), D Arizona Cardinals (134747-12546)"
1449,3737453576,zachblankenship (125/150),175.92,"QB Joe Burrow (134747-63336), RB Kenneth Walker III (134747-103342), RB Emanuel Wilson (134747-185861), WR Tee Higgins (134747-89981), WR Jakobi Meyers (134747-63634), WR Nico Collins (134747-91419), TE George Kittle (134747-39793), WR Jaylen Waddle (134747-90573), D Denver Broncos (134747-12531)"
1452,3739707159,wvu50 (127/150),175.9,"QB Dak Prescott (134747-31716), RB Ollie Gordon II (134747-166112), RB Kyren Williams (134747-104433), WR Jordan Addison (134747-129210), WR Parker Washington (134747-137516), WR Nico Collins (134747-91419), TE T.J. Hockenson (134747-71706), WR CeeDee Lamb (134747-86631), D Chicago Bears (134747-12527)"
1452,3736339207,bongolol02 (3/3),175.9,"QB Kirk Cousins (134747-22038), RB Ollie Gordon II (134747-166112), RB Braelon Allen (134747-158412), WR CeeDee Lamb (134747-86631), WR Tee Higgins (134747-89981), WR Nico Collins (134747-91419), TE George Kittle (134747-39793), RB James Cook III (134747-91626), D Dallas Cowboys (134747-12530)"
1452,3739615023,craig8972 (5/150),175.9,"QB Kirk Cousins (134747-22038), RB Kenneth Walker III (134747-103342), RB Bhayshul Tuten (134747-160620), WR CeeDee Lamb (134747-86631), WR Nico Collins (134747-91419), WR Tre Tucker (134747-103619), TE Hunter Henry (134747-40845), TE Brock Bowers (134747-151794), D Chicago Bears (134747-12527)"
1455,3739767055,jashll2 (69/150),175.88,"QB C.J. Stroud (134747-129471), RB Kyren Williams (134747-104433), RB Bhayshul Tuten (134747-160620), WR Nico Collins (134747-91419), WR Zay Flowers (134747-112295), WR Tee Higgins (134747-89981), TE Dalton Schultz (134747-55042), RB Aaron Jones Sr. (134747-40442), D Seattle Seahawks (134747-12550)"
1455,3738994529,rockybrown26 (24/150),175.88,"QB C.J. Stroud (134747-129471), RB David Montgomery (134747-73273), RB Aaron Jones Sr. (134747-40442), WR CeeDee Lamb (134747-86631), WR Nico Collins (134747-91419), WR Jordan Addison (134747-129210), TE Isaiah Likely (134747-87260), RB Kenneth Walker III (134747-103342), D New York Giants (134747-12543)"
1455,3739081580,siketurner (96/150),175.88,"QB C.J. Stroud (134747-129471), RB Christian McCaffrey (134747-55050), RB Aaron Jones Sr. (134747-40442), WR CeeDee Lamb (134747-86631), WR Zay Flowers (134747-112295), WR Nico Collins (134747-91419), TE Dalton Kincaid (134747-145558), TE T.J. Hockenson (134747-71706), D Chicago Bears (134747-12527)"
1458,3739259794,bartow33 (110/150),175.84,"QB Jacoby Brissett (134747-30231), RB Kenneth Walker III (134747-103342), RB Javonte Williams (134747-93541), WR Nico Collins (134747-91419), WR CeeDee Lamb (134747-86631), WR Michael Wilson (134747-89612), TE Isaiah Likely (134747-87260), RB Jeremiyah Love (134747-188171), D Tampa Bay Buccaneers (134747-12551)"
1459,3739742386,rydaprince (29/78),175.82,"QB Josh Allen (134747-62239), RB Jeremiyah Love (134747-188171), RB Emanuel Wilson (134747-185861), WR Zay Flowers (134747-112295), WR Tee Higgins (134747-89981), WR Romeo Doubs (134747-94370), TE Brock Bowers (134747-151794), RB Kenneth Walker III (134747-103342), D Cincinnati Bengals (134747-12528)"
1459,3739210974,its_dirty_mike (122/150),175.82,"QB Joe Burrow (134747-63336), RB Jeremiyah Love (134747-188171), RB Braelon Allen (134747-158412), WR Tee Higgins (134747-89981), WR CeeDee Lamb (134747-86631), WR Carnell Tate (134747-183756), TE George Kittle (134747-39793), RB Kenneth Walker III (134747-103342), D Tampa Bay Buccaneers (134747-12551)"
1461,3739825375,bloodbathnbeyond (148/150),175.8,"QB Dak Prescott (134747-31716), RB Braelon Allen (134747-158412), RB Christian McCaffrey (134747-55050), WR Michael Wilson (134747-89612), WR CeeDee Lamb (134747-86631), WR Nico Collins (134747-91419), TE T.J. Hockenson (134747-71706), WR Carnell Tate (134747-183756), D Seattle Seahawks (134747-12550)"
1461,3738246028,yotimi (10/150),175.8,"QB Dak Prescott (134747-31716), RB Woody Marks (134747-138774), RB Aaron Jones Sr. (134747-40442), WR Tee Higgins (134747-89981), WR CeeDee Lamb (134747-86631), WR Puka Nacua (134747-103020), TE George Kittle (134747-39793), RB Emanuel Wilson (134747-185861), D Tampa Bay Buccaneers (134747-12551)"
1463,3739735061,jeffkeola (123/150),175.78,"QB C.J. Stroud (134747-129471), RB Aaron Jones Sr. (134747-40442), RB Jeremiyah Love (134747-188171), WR CeeDee Lamb (134747-86631), WR Christian Watson (134747-169776), WR Nico Collins (134747-91419), TE Tyler Higbee (134747-47870), RB Kenneth Walker III (134747-103342), D New York Giants (134747-12543)"
1463,3739781630,nickd91 (10/10),175.78,"QB C.J. Stroud (134747-129471), RB Derrick Henry (134747-39280), RB Aaron Jones Sr. (134747-40442), WR Nico Collins (134747-91419), WR CeeDee Lamb (134747-86631), WR Tee Higgins (134747-89981), TE Brenton Strange (134747-103587), RB Braelon Allen (134747-158412), D Arizona Cardinals (134747-12546)"
1465,3738202488,thesportsgurus (109/150),175.72,"QB Joe Burrow (134747-63336), RB Christian McCaffrey (134747-55050), RB Kenneth Walker III (134747-103342), WR Tee Higgins (134747-89981), WR Jakobi Meyers (134747-63634), WR Carnell Tate (134747-183756), TE Brock Bowers (134747-151794), RB Emanuel Wilson (134747-185861), D Chicago Bears (134747-12527)"
1465,3739278561,stark471 (31/50),175.72,"QB Josh Allen (134747-62239), RB Kenneth Walker III (134747-103342), RB Aaron Jones Sr. (134747-40442), WR Zay Flowers (134747-112295), WR Michael Wilson (134747-89612), WR Tee Higgins (134747-89981), TE T.J. Hockenson (134747-71706), TE Brock Bowers (134747-151794), D Chicago Bears (134747-12527)"
1467,3737025739,jasonminnich75 (1/1),175.7,"QB Dak Prescott (134747-31716), RB Kyren Williams (134747-104433), RB Kyle Monangai (134747-144102), WR CeeDee Lamb (134747-86631), WR Michael Wilson (134747-89612), WR Zay Flowers (134747-112295), TE Jake Ferguson (134747-89680), RB Woody Marks (134747-138774), D Green Bay Packers (134747-12533)"
1467,3739480391,inspectadeck (1/8),175.7,"QB Dak Prescott (134747-31716), RB Braelon Allen (134747-158412), RB Emanuel Wilson (134747-185861), WR Jaxon Smith-Njigba (134747-129458), WR CeeDee Lamb (134747-86631), WR Nico Collins (134747-91419), TE T.J. Hockenson (134747-71706), RB Aaron Jones Sr. (134747-40442), D Arizona Cardinals (134747-12546)"
1467,3739712583,saltzman (1/1),175.7,"QB Dak Prescott (134747-31716), RB Kenneth Walker III (134747-103342), RB Kyren Williams (134747-104433), WR CeeDee Lamb (134747-86631), WR Xavier Worthy (134747-158974), WR Mack Hollins (134747-25267), TE Colston Loveland (134747-166588), WR Tee Higgins (134747-89981), D Miami Dolphins (134747-12539)"
1467,3739052722,chazisking1 (21/123),175.7,"QB Kirk Cousins (134747-22038), RB Kyren Williams (134747-104433), RB Ollie Gordon II (134747-166112), WR CeeDee Lamb (134747-86631), WR Nico Collins (134747-91419), WR Matthew Golden (134747-166916), TE Travis Kelce (134747-33076), TE Brock Bowers (134747-151794), D Las Vegas Raiders (134747-12537)"
1467,3738392899,aragon21 (35/84),175.7,"QB Dak Prescott (134747-31716), RB Emanuel Wilson (134747-185861), RB Javonte Williams (134747-93541), WR Jordan Addison (134747-129210), WR Nico Collins (134747-91419), WR Tee Higgins (134747-89981), TE Dalton Schultz (134747-55042), WR CeeDee Lamb (134747-86631), D Dallas Cowboys (134747-12530)"
1472,3739745813,bpratt (36/58),175.68,"QB C.J. Stroud (134747-129471), RB Chase Brown (134747-89493), RB Kyle Monangai (134747-144102), WR Nico Collins (134747-91419), WR Rashee Rice (134747-111311), WR CeeDee Lamb (134747-86631), TE Dalton Schultz (134747-55042), RB Emanuel Wilson (134747-185861), D Seattle Seahawks (134747-12550)"
1472,3739376810,richardbfan1 (82/150),175.68,"QB C.J. Stroud (134747-129471), RB Braelon Allen (134747-158412), RB Aaron Jones Sr. (134747-40442), WR Jaylen Waddle (134747-90573), WR Zay Flowers (134747-112295), WR Nico Collins (134747-91419), TE Brock Bowers (134747-151794), RB Kenneth Walker III (134747-103342), D Arizona Cardinals (134747-12546)"
1472,3739025984,rgalexander216 (85/150),175.68,"QB C.J. Stroud (134747-129471), RB James Cook III (134747-91626), RB Javonte Williams (134747-93541), WR CeeDee Lamb (134747-86631), WR Nico Collins (134747-91419), WR Wan'Dale Robinson (134747-103539), TE Isaiah Likely (134747-87260), RB Aaron Jones Sr. (134747-40442), D Los Angeles Rams (134747-12538)"
1472,3739382789,kaepitalls (35/40),175.68,"QB Matthew Stafford (134747-6654), RB Kyren Williams (134747-104433), RB Rhamondre Stevenson (134747-111540), WR Puka Nacua (134747-103020), WR CeeDee Lamb (134747-86631), WR Jakobi Meyers (134747-63634), TE Isaiah Likely (134747-87260), RB Kyle Monangai (134747-144102), D Los Angeles Rams (134747-12538)"
1472,3736443991,vinsanity12 (65/150),175.68,"QB C.J. Stroud (134747-129471), RB Aaron Jones Sr. (134747-40442), RB Chase Brown (134747-89493), WR Nico Collins (134747-91419), WR Zay Flowers (134747-112295), WR Malik Nabers (134747-151761), TE Travis Kelce (134747-33076), RB Kenneth Walker III (134747-103342), D Chicago Bears (134747-12527)"
1472,3739205970,bearddon811 (93/150),175.68,"QB C.J. Stroud (134747-129471), RB Braelon Allen (134747-158412), RB Aaron Jones Sr. (134747-40442), WR Nico Collins (134747-91419), WR Zay Flowers (134747-112295), WR Jaylen Waddle (134747-90573), TE Brock Bowers (134747-151794), RB Kenneth Walker III (134747-103342), D Arizona Cardinals (134747-12546)"
1472,3737280444,duelironmic (19/150),175.68,"QB C.J. Stroud (134747-129471), RB Javonte Williams (134747-93541), RB Kyren Williams (134747-104433), WR Nico Collins (134747-91419), WR Xavier Hutchinson (134747-119788), WR CeeDee Lamb (134747-86631), TE Dalton Schultz (134747-55042), RB Jeremiyah Love (134747-188171), D Arizona Cardinals (134747-12546)"
1472,3737280496,duelironmic (52/150),175.68,"QB C.J. Stroud (134747-129471), RB Javonte Williams (134747-93541), RB Kyren Williams (134747-104433), WR Nico Collins (134747-91419), WR Xavier Hutchinson (134747-119788), WR CeeDee Lamb (134747-86631), TE Dalton Schultz (134747-55042), RB Jeremiyah Love (134747-188171), D Arizona Cardinals (134747-12546)"
1472,3737280562,duelironmic (88/150),175.68,"QB C.J. Stroud (134747-129471), RB Javonte Williams (134747-93541), RB Kyren Williams (134747-104433), WR Nico Collins (134747-91419), WR Xavier Hutchinson (134747-119788), WR CeeDee Lamb (134747-86631), TE Dalton Schultz (134747-55042), RB Jeremiyah Love (134747-188171), D Arizona Cardinals (134747-12546)"
1472,3739351927,destructiondealers101 (137/150),175.68,"QB C.J. Stroud (134747-129471), RB Kenneth Walker III (134747-103342), RB Aaron Jones Sr. (134747-40442), WR Matthew Golden (134747-166916), WR CeeDee Lamb (134747-86631), WR Nico Collins (134747-91419), TE Brock Bowers (134747-151794), TE Travis Kelce (134747-33076), D New York Jets (134747-12544)"
1472,3738481627,markmj (111/150),175.68,"QB C.J. Stroud (134747-129471), RB Christian McCaffrey (134747-55050), RB Kenneth Walker III (134747-103342), WR Nico Collins (134747-91419), WR Carnell Tate (134747-183756), WR Luther Burden III (134747-166092), TE T.J. Hockenson (134747-71706), RB Ashton Jeanty (134747-167031), D Los Angeles Rams (134747-12538)"
1472,3738235125,packattack97502 (59/150),175.68,"QB C.J. Stroud (134747-129471), RB Aaron Jones Sr. (134747-40442), RB Cam Skattebo (134747-183240), WR CeeDee Lamb (134747-86631), WR Nico Collins (134747-91419), WR Jaylen Waddle (134747-90573), TE Mark Andrews (134747-52436), RB Kenneth Walker III (134747-103342), D New York Jets (134747-12544)"
1472,3738466364,keroppi613 (36/150),175.68,"QB C.J. Stroud (134747-129471), RB Rhamondre Stevenson (134747-111540), RB James Cook III (134747-91626), WR Mack Hollins (134747-25267), WR CeeDee Lamb (134747-86631), WR Nico Collins (134747-91419), TE Isaiah Likely (134747-87260), RB Kenneth Walker III (134747-103342), D Las Vegas Raiders (134747-12537)"
1485,3738800304,dlanfea (78/150),175.62,"QB Joe Burrow (134747-63336), RB Chase Brown (134747-89493), RB Aaron Jones Sr. (134747-40442), WR Nico Collins (134747-91419), WR Zay Flowers (134747-112295), WR Jakobi Meyers (134747-63634), TE Mark Andrews (134747-52436), RB Kenneth Walker III (134747-103342), D New York Giants (134747-12543)"
1485,3737424083,jrucker504 (40/150),175.62,"QB Joe Burrow (134747-63336), RB James Cook III (134747-91626), RB Kyren Williams (134747-104433), WR Carnell Tate (134747-183756), WR Nico Collins (134747-91419), WR Matthew Golden (134747-166916), TE Mark Andrews (134747-52436), WR Tee Higgins (134747-89981), D Buffalo Bills (134747-12526)"
1487,3738661301,bobpext (1/2),175.6,"QB Kirk Cousins (134747-22038), RB RJ Harvey (134747-110484), RB Kyle Monangai (134747-144102), WR Nico Collins (134747-91419), WR Jaylen Waddle (134747-90573), WR CeeDee Lamb (134747-86631), TE Travis Kelce (134747-33076), RB Ashton Jeanty (134747-167031), D Minnesota Vikings (134747-12540)"
1487,3738168421,thundar47 (11/31),175.6,"QB Kirk Cousins (134747-22038), RB Kyle Monangai (134747-144102), RB Aaron Jones Sr. (134747-40442), WR Garrett Wilson (134747-103564), WR CeeDee Lamb (134747-86631), WR Luther Burden III (134747-166092), TE Brock Bowers (134747-151794), RB Kyren Williams (134747-104433), D New York Jets (134747-12544)"
1487,3738211046,peterman32 (1/1),175.6,"QB Dak Prescott (134747-31716), RB Emanuel Wilson (134747-185861), RB Aaron Jones Sr. (134747-40442), WR CeeDee Lamb (134747-86631), WR Michael Wilson (134747-89612), WR Malik Nabers (134747-151761), TE Travis Kelce (134747-33076), RB Kyren Williams (134747-104433), D Minnesota Vikings (134747-12540)"
1490,3739751484,peteg9699 (65/150),175.58,"QB C.J. Stroud (134747-129471), RB James Cook III (134747-91626), RB Christian McCaffrey (134747-55050), WR CeeDee Lamb (134747-86631), WR Nico Collins (134747-91419), WR Michael Wilson (134747-89612), TE Isaiah Likely (134747-87260), RB Emanuel Wilson (134747-185861), D Tampa Bay Buccaneers (134747-12551)"
1490,3739449976,tbells11 (1/1),175.58,"QB Lamar Jackson (134747-63115), RB Kenneth Walker III (134747-103342), RB Ollie Gordon II (134747-166112), WR CeeDee Lamb (134747-86631), WR Zay Flowers (134747-112295), WR Rashee Rice (134747-111311), TE Michael Mayer (134747-138998), RB Emanuel Wilson (134747-185861), D New York Jets (134747-12544)"
1490,3738845297,jeffylube (37/150),175.58,"QB C.J. Stroud (134747-129471), RB Braelon Allen (134747-158412), RB Aaron Jones Sr. (134747-40442), WR Michael Wilson (134747-89612), WR Nico Collins (134747-91419), WR CeeDee Lamb (134747-86631), TE Travis Kelce (134747-33076), RB Kenneth Walker III (134747-103342), D Seattle Seahawks (134747-12550)"
1490,3739657836,iangarf (55/150),175.58,"QB C.J. Stroud (134747-129471), RB Jeremiyah Love (134747-188171), RB Aaron Jones Sr. (134747-40442), WR Nico Collins (134747-91419), WR CeeDee Lamb (134747-86631), WR Puka Nacua (134747-103020), TE Dalton Schultz (134747-55042), RB Emanuel Wilson (134747-185861), D Arizona Cardinals (134747-12546)"
1490,3738897946,phd_aggie (91/150),175.58,"QB C.J. Stroud (134747-129471), RB Aaron Jones Sr. (134747-40442), RB Kenneth Walker III (134747-103342), WR Nico Collins (134747-91419), WR Zay Flowers (134747-112295), WR DJ Moore (134747-63043), TE T.J. Hockenson (134747-71706), TE Brock Bowers (134747-151794), D Los Angeles Rams (134747-12538)"
1490,3738666600,caddiekev (128/150),175.58,"QB C.J. Stroud (134747-129471), RB Jeremiyah Love (134747-188171), RB Emanuel Wilson (134747-185861), WR Nico Collins (134747-91419), WR George Pickens (134747-110246), WR Malik Nabers (134747-151761), TE Brock Bowers (134747-151794), RB Kenneth Walker III (134747-103342), D Miami Dolphins (134747-12539)"
1490,3738936586,gr8487 (74/150),175.58,"QB C.J. Stroud (134747-129471), RB Cam Skattebo (134747-183240), RB Javonte Williams (134747-93541), WR Malik Nabers (134747-151761), WR CeeDee Lamb (134747-86631), WR Nico Collins (134747-91419), TE Travis Kelce (134747-33076), RB Aaron Jones Sr. (134747-40442), D Chicago Bears (134747-12527)"
1497,3738327815,slimfigga12 (72/150),175.54,"QB Jacoby Brissett (134747-30231), RB Kenneth Walker III (134747-103342), RB Aaron Jones Sr. (134747-40442), WR Tee Higgins (134747-89981), WR Nico Collins (134747-91419), WR Zay Flowers (134747-112295), TE Brock Bowers (134747-151794), WR Michael Wilson (134747-89612), D Cincinnati Bengals (134747-12528)"
1497,3738200127,iamserve (147/150),175.54,"QB Jacoby Brissett (134747-30231), RB Chase Brown (134747-89493), RB Kyren Williams (134747-104433), WR Michael Wilson (134747-89612), WR Makai Lemon (134747-183380), WR CeeDee Lamb (134747-86631), TE T.J. Hockenson (134747-71706), RB Kenneth Walker III (134747-103342), D Arizona Cardinals (134747-12546)"
1499,3739078482,swier162 (121/150),175.52,"QB Joe Burrow (134747-63336), RB Javonte Williams (134747-93541), RB James Cook III (134747-91626), WR Nico Collins (134747-91419), WR Garrett Wilson (134747-103564), WR Tee Higgins (134747-89981), TE Mike Gesicki (134747-56265), RB Emanuel Wilson (134747-185861), D Chicago Bears (134747-12527)"
1499,3739555240,man_loves_man (91/150),175.52,"QB Joe Burrow (134747-63336), RB David Montgomery (134747-73273), RB Emanuel Wilson (134747-185861), WR Michael Wilson (134747-89612), WR Deebo Samuel Sr. (134747-56018), WR CeeDee Lamb (134747-86631), TE Brenton Strange (134747-103587), RB Kyren Williams (134747-104433), D Minnesota Vikings (134747-12540)"
1499,3739555501,man_loves_man (97/150),175.52,"QB Joe Burrow (134747-63336), RB David Montgomery (134747-73273), RB Emanuel Wilson (134747-185861), WR Michael Wilson (134747-89612), WR Deebo Samuel Sr. (134747-56018), WR CeeDee Lamb (134747-86631), TE Brenton Strange (134747-103587), RB Kyren Williams (134747-104433), D Minnesota Vikings (134747-12540)"
1499,3738907780,ryannelson02 (141/150),175.52,"QB Joe Burrow (134747-63336), RB Jeremiyah Love (134747-188171), RB Aaron Jones Sr. (134747-40442), WR Zay Flowers (134747-112295), WR Tee Higgins (134747-89981), WR Matthew Golden (134747-166916), TE T.J. Hockenson (134747-71706), RB Kenneth Walker III (134747-103342), D Seattle Seahawks (134747-12550)"
1499,3739511597,stin1456 (85/150),175.52,"QB Joe Burrow (134747-63336), RB D'Andre Swift (134747-91598), RB Kenneth Walker III (134747-103342), WR Luther Burden III (134747-166092), WR Malik Nabers (134747-151761), WR Tee Higgins (134747-89981), TE Mike Gesicki (134747-56265), RB Kyren Williams (134747-104433), D Chicago Bears (134747-12527)"
1499,3739376859,shine_i (1/1),175.52,"QB Josh Allen (134747-62239), RB Emanuel Wilson (134747-185861), RB Kenneth Walker III (134747-103342), WR CeeDee Lamb (134747-86631), WR Nico Collins (134747-91419), WR Michael Wilson (134747-89612), TE Tyler Higbee (134747-47870), WR Jakobi Meyers (134747-63634), D Buffalo Bills (134747-12526)"
1505,3738557124,gscholl (75/150),175.5,"QB Dak Prescott (134747-31716), RB Chase Brown (134747-89493), RB Aaron Jones Sr. (134747-40442), WR Nico Collins (134747-91419), WR Zay Flowers (134747-112295), WR Khalil Shakir (134747-86518), TE T.J. Hockenson (134747-71706), WR CeeDee Lamb (134747-86631), D Cincinnati Bengals (134747-12528)"
1505,3738196009,lere1262 (135/150),175.5,"QB Dak Prescott (134747-31716), RB Ollie Gordon II (134747-166112), RB Aaron Jones Sr. (134747-40442), WR Zay Flowers (134747-112295), WR CeeDee Lamb (134747-86631), WR Jaylen Waddle (134747-90573), TE T.J. Hockenson (134747-71706), TE Brock Bowers (134747-151794), D Green Bay Packers (134747-12533)"
1505,3739701391,gcodecuz (4/5),175.5,"QB Dak Prescott (134747-31716), RB Aaron Jones Sr. (134747-40442), RB Braelon Allen (134747-158412), WR CeeDee Lamb (134747-86631), WR Nico Collins (134747-91419), WR Zay Flowers (134747-112295), TE Travis Kelce (134747-33076), RB Kyle Monangai (134747-144102), D Minnesota Vikings (134747-12540)"
1505,3737378441,fmcnairy123 (26/150),175.5,"QB Patrick Mahomes (134747-57439), RB Kenneth Walker III (134747-103342), RB Emanuel Wilson (134747-185861), WR Nico Collins (134747-91419), WR Luther Burden III (134747-166092), WR CeeDee Lamb (134747-86631), TE Brock Bowers (134747-151794), TE Travis Kelce (134747-33076), D Cincinnati Bengals (134747-12528)"
1509,3739546377,buckybadger48 (1/1),175.48,"QB Kyler Murray (134747-63484), RB Derrick Henry (134747-39280), RB Kyle Monangai (134747-144102), WR CeeDee Lamb (134747-86631), WR Romeo Doubs (134747-94370), WR Michael Wilson (134747-89612), TE T.J. Hockenson (134747-71706), RB Ashton Jeanty (134747-167031), D Seattle Seahawks (134747-12550)"
1509,3738861429,dk0186 (110/150),175.48,"QB Lamar Jackson (134747-63115), RB Kenneth Walker III (134747-103342), RB Chase Brown (134747-89493), WR Zay Flowers (134747-112295), WR Luther Burden III (134747-166092), WR CeeDee Lamb (134747-86631), TE Mark Andrews (134747-52436), TE T.J. Hockenson (134747-71706), D Chicago Bears (134747-12527)"
1509,3738115940,whoodle2022 (100/150),175.48,"QB C.J. Stroud (134747-129471), RB Emanuel Wilson (134747-185861), RB Kenneth Walker III (134747-103342), WR Zay Flowers (134747-112295), WR Ja'Marr Chase (134747-85701), WR Michael Wilson (134747-89612), TE Mark Andrews (134747-52436), WR Nico Collins (134747-91419), D Chicago Bears (134747-12527)"
1512,3737028154,vinnythechin (1/3),175.46,"QB Drake Maye (134747-152316), RB Aaron Jones Sr. (134747-40442), RB Ashton Jeanty (134747-167031), WR Mack Hollins (134747-25267), WR Nico Collins (134747-91419), WR Tee Higgins (134747-89981), TE Mark Andrews (134747-52436), RB Kenneth Walker III (134747-103342), D Seattle Seahawks (134747-12550)"
1513,3739820949,ndejesus15 (13/22),175.42,"QB Joe Burrow (134747-63336), RB Kenneth Walker III (134747-103342), RB Kyren Williams (134747-104433), WR Jakobi Meyers (134747-63634), WR Wan'Dale Robinson (134747-103539), WR CeeDee Lamb (134747-86631), TE Mike Gesicki (134747-56265), TE George Kittle (134747-39793), D Los Angeles Rams (134747-12538)"
1513,3737574611,vili99 (142/150),175.42,"QB Joe Burrow (134747-63336), RB Aaron Jones Sr. (134747-40442), RB Christian McCaffrey (134747-55050), WR Zay Flowers (134747-112295), WR Khalil Shakir (134747-86518), WR Tee Higgins (134747-89981), TE T.J. Hockenson (134747-71706), WR Nico Collins (134747-91419), D Chicago Bears (134747-12527)"
1515,3738149179,kebduke (22/38),175.4,"QB Kirk Cousins (134747-22038), RB Kenneth Walker III (134747-103342), RB Aaron Jones Sr. (134747-40442), WR Tee Higgins (134747-89981), WR Malik Nabers (134747-151761), WR Carnell Tate (134747-183756), TE Brock Bowers (134747-151794), TE Trey McBride (134747-91750), D Arizona Cardinals (134747-12546)"
1516,3739463763,ynot4greg21 (38/150),175.38,"QB C.J. Stroud (134747-129471), RB Rhamondre Stevenson (134747-111540), RB Chase Brown (134747-89493), WR Nico Collins (134747-91419), WR CeeDee Lamb (134747-86631), WR DJ Moore (134747-63043), TE Isaiah Likely (134747-87260), RB Kenneth Walker III (134747-103342), D Chicago Bears (134747-12527)"
1516,3738304315,idareya21 (139/150),175.38,"QB Lamar Jackson (134747-63115), RB Kenneth Walker III (134747-103342), RB Bhayshul Tuten (134747-160620), WR Zay Flowers (134747-112295), WR Tee Higgins (134747-89981), WR Carnell Tate (134747-183756), TE Brock Bowers (134747-151794), TE T.J. Hockenson (134747-71706), D Los Angeles Rams (134747-12538)"
1516,3738304320,idareya21 (142/150),175.38,"QB Lamar Jackson (134747-63115), RB Kenneth Walker III (134747-103342), RB Bhayshul Tuten (134747-160620), WR Zay Flowers (134747-112295), WR Tee Higgins (134747-89981), WR Carnell Tate (134747-183756), TE Brock Bowers (134747-151794), TE T.J. Hockenson (134747-71706), D Los Angeles Rams (134747-12538)"
1516,3738202469,thesportsgurus (93/150),175.38,"QB C.J. Stroud (134747-129471), RB Kenneth Walker III (134747-103342), RB Javonte Williams (134747-93541), WR Jaxon Smith-Njigba (134747-129458), WR Nico Collins (134747-91419), WR Jordan Addison (134747-129210), TE Mark Andrews (134747-52436), TE T.J. Hockenson (134747-71706), D Chicago Bears (134747-12527)"
1516,3739800397,woodygump (89/150),175.38,"QB C.J. Stroud (134747-129471), RB Jeremiyah Love (134747-188171), RB Aaron Jones Sr. (134747-40442), WR Nico Collins (134747-91419), WR Romeo Doubs (134747-94370), WR CeeDee Lamb (134747-86631), TE Dalton Kincaid (134747-145558), RB Kenneth Walker III (134747-103342), D Chicago Bears (134747-12527)"
1516,3739080154,stevenratiu (3/150),175.38,"QB C.J. Stroud (134747-129471), RB Christian McCaffrey (134747-55050), RB Kenneth Walker III (134747-103342), WR CeeDee Lamb (134747-86631), WR Nico Collins (134747-91419), WR Jakobi Meyers (134747-63634), TE Kenyon Sadiq (134747-184873), RB Emanuel Wilson (134747-185861), D Tampa Bay Buccaneers (134747-12551)"
1516,3739691116,dtrainkc (1/1),175.38,"QB C.J. Stroud (134747-129471), RB Emanuel Wilson (134747-185861), RB Kenneth Walker III (134747-103342), WR Nico Collins (134747-91419), WR Luther Burden III (134747-166092), WR Tee Higgins (134747-89981), TE Kenyon Sadiq (134747-184873), RB Christian McCaffrey (134747-55050), D Seattle Seahawks (134747-12550)"
1516,3738194272,winstonsquad1968 (117/150),175.38,"QB C.J. Stroud (134747-129471), RB Braelon Allen (134747-158412), RB James Cook III (134747-91626), WR Malik Nabers (134747-151761), WR Tee Higgins (134747-89981), WR Nico Collins (134747-91419), TE Mark Andrews (134747-52436), RB Kenneth Walker III (134747-103342), D Buffalo Bills (134747-12526)"
1516,3737183670,roaddoggy (1/1),175.38,"QB C.J. Stroud (134747-129471), RB Cam Skattebo (134747-183240), RB Kyle Monangai (134747-144102), WR Puka Nacua (134747-103020), WR Nico Collins (134747-91419), WR Rome Odunze (134747-120033), TE Kenyon Sadiq (134747-184873), WR CeeDee Lamb (134747-86631), D Chicago Bears (134747-12527)"
1525,3739349065,nickmhc (37/150),175.36,"QB Drake Maye (134747-152316), RB Derrick Henry (134747-39280), RB Aaron Jones Sr. (134747-40442), WR Puka Nacua (134747-103020), WR Khalil Shakir (134747-86518), WR Romeo Doubs (134747-94370), TE T.J. Hockenson (134747-71706), RB Kenneth Walker III (134747-103342), D Chicago Bears (134747-12527)"
1526,3739751620,peteg9699 (97/150),175.34,"QB Jacoby Brissett (134747-30231), RB Derrick Henry (134747-39280), RB Kenneth Walker III (134747-103342), WR CeeDee Lamb (134747-86631), WR Tee Higgins (134747-89981), WR Michael Wilson (134747-89612), TE Isaiah Likely (134747-87260), RB Emanuel Wilson (134747-185861), D Tampa Bay Buccaneers (134747-12551)"
1527,3738139753,cjv1977 (13/15),175.32,"QB Joe Burrow (134747-63336), RB Ollie Gordon II (134747-166112), RB Derrick Henry (134747-39280), WR Tee Higgins (134747-89981), WR Michael Wilson (134747-89612), WR Nico Collins (134747-91419), TE T.J. Hockenson (134747-71706), RB Aaron Jones Sr. (134747-40442), D Minnesota Vikings (134747-12540)"
1528,3739303075,portnose (1/5),175.3,"QB Dak Prescott (134747-31716), RB Derrick Henry (134747-39280), RB Emanuel Wilson (134747-185861), WR CeeDee Lamb (134747-86631), WR Carnell Tate (134747-183756), WR Nico Collins (134747-91419), TE George Kittle (134747-39793), RB Braelon Allen (134747-158412), D New York Jets (134747-12544)"
1528,3738429168,krakbang (1/1),175.3,"QB Jameis Winston (134747-24849), RB D'Andre Swift (134747-91598), RB Kenneth Walker III (134747-103342), WR Malik Nabers (134747-151761), WR CeeDee Lamb (134747-86631), WR Wan'Dale Robinson (134747-103539), TE Brock Bowers (134747-151794), TE T.J. Hockenson (134747-71706), D Minnesota Vikings (134747-12540)"
1528,3737425991,replacements64 (17/22),175.3,"QB Jameis Winston (134747-24849), RB Cam Skattebo (134747-183240), RB Kenneth Walker III (134747-103342), WR Malik Nabers (134747-151761), WR Michael Wilson (134747-89612), WR CeeDee Lamb (134747-86631), TE Isaiah Likely (134747-87260), RB Kyren Williams (134747-104433), D Dallas Cowboys (134747-12530)"
1528,3738495945,ddarby1221 (36/150),175.3,"QB Kirk Cousins (134747-22038), RB Javonte Williams (134747-93541), RB Kenneth Walker III (134747-103342), WR Xavier Hutchinson (134747-119788), WR Zay Flowers (134747-112295), WR Carnell Tate (134747-183756), TE George Kittle (134747-39793), RB Ashton Jeanty (134747-167031), D New York Jets (134747-12544)"
1532,3737636285,iamdigdug (1/1),175.28,"QB C.J. Stroud (134747-129471), RB Chase Brown (134747-89493), RB Woody Marks (134747-138774), WR Nico Collins (134747-91419), WR Parker Washington (134747-137516), WR CeeDee Lamb (134747-86631), TE T.J. Hockenson (134747-71706), RB Kenneth Walker III (134747-103342), D Tampa Bay Buccaneers (134747-12551)"
1532,3739280397,satch65 (31/150),175.28,"QB C.J. Stroud (134747-129471), RB David Montgomery (134747-73273), RB Aaron Jones Sr. (134747-40442), WR CeeDee Lamb (134747-86631), WR Garrett Wilson (134747-103564), WR Nico Collins (134747-91419), TE T.J. Hockenson (134747-71706), RB Kenneth Walker III (134747-103342), D Tampa Bay Buccaneers (134747-12551)"
1532,3739225072,implayinforchubs22 (19/150),175.28,"QB C.J. Stroud (134747-129471), RB Jeremiyah Love (134747-188171), RB Derrick Henry (134747-39280), WR Nico Collins (134747-91419), WR Michael Wilson (134747-89612), WR Malik Nabers (134747-151761), TE T.J. Hockenson (134747-71706), RB Kenneth Walker III (134747-103342), D Chicago Bears (134747-12527)"
1532,3739723930,matt1079 (3/4),175.28,"QB C.J. Stroud (134747-129471), RB David Montgomery (134747-73273), RB Aaron Jones Sr. (134747-40442), WR Nico Collins (134747-91419), WR CeeDee Lamb (134747-86631), WR Garrett Wilson (134747-103564), TE T.J. Hockenson (134747-71706), RB Kenneth Walker III (134747-103342), D Tampa Bay Buccaneers (134747-12551)"
1532,3739026116,rgalexander216 (132/150),175.28,"QB C.J. Stroud (134747-129471), RB Aaron Jones Sr. (134747-40442), RB Kenneth Walker III (134747-103342), WR CeeDee Lamb (134747-86631), WR Nico Collins (134747-91419), WR Dontayvion Wicks (134747-110457), TE Trey McBride (134747-91750), WR Carnell Tate (134747-183756), D New York Jets (134747-12544)"
1532,3738219346,odunlaing (32/100),175.28,"QB C.J. Stroud (134747-129471), RB Derrick Henry (134747-39280), RB Aaron Jones Sr. (134747-40442), WR Carnell Tate (134747-183756), WR Nico Collins (134747-91419), WR Mack Hollins (134747-25267), TE George Kittle (134747-39793), RB Kenneth Walker III (134747-103342), D New York Giants (134747-12543)"
1532,3738824307,scooternobeans (73/150),175.28,"QB Kyler Murray (134747-63484), RB James Cook III (134747-91626), RB Aaron Jones Sr. (134747-40442), WR CeeDee Lamb (134747-86631), WR Nico Collins (134747-91419), WR Tee Higgins (134747-89981), TE T.J. Hockenson (134747-71706), TE George Kittle (134747-39793), D Chicago Bears (134747-12527)"
1532,3739550708,cjbillsmafia (21/25),175.28,"QB C.J. Stroud (134747-129471), RB David Montgomery (134747-73273), RB Kenneth Walker III (134747-103342), WR Nico Collins (134747-91419), WR Ryan Flournoy (134747-201233), WR CeeDee Lamb (134747-86631), TE Dalton Schultz (134747-55042), RB Javonte Williams (134747-93541), D Arizona Cardinals (134747-12546)"
1532,3739279228,sendit1639 (39/150),175.28,"QB C.J. Stroud (134747-129471), RB Jeremiyah Love (134747-188171), RB Cam Skattebo (134747-183240), WR Nico Collins (134747-91419), WR Zay Flowers (134747-112295), WR Tee Higgins (134747-89981), TE T.J. Hockenson (134747-71706), RB Kenneth Walker III (134747-103342), D Denver Broncos (134747-12531)"
1541,3736381305,xbigtimberx (20/150),175.26,"QB Drake Maye (134747-152316), RB MarShawn Lloyd (134747-119697), RB Aaron Jones Sr. (134747-40442), WR Tee Higgins (134747-89981), WR Nico Collins (134747-91419), WR CeeDee Lamb (134747-86631), TE George Kittle (134747-39793), RB Chase Brown (134747-89493), D Chicago Bears (134747-12527)"
1541,3738352781,kingjoffyjoe9 (52/68),175.26,"QB Drake Maye (134747-152316), RB D'Andre Swift (134747-91598), RB Ashton Jeanty (134747-167031), WR Romeo Doubs (134747-94370), WR Nico Collins (134747-91419), WR Tee Higgins (134747-89981), TE George Kittle (134747-39793), RB Javonte Williams (134747-93541), D Chicago Bears (134747-12527)"
1543,3739582457,bricestubben (5/5),175.22,"QB Joe Burrow (134747-63336), RB Chase Brown (134747-89493), RB Emanuel Wilson (134747-185861), WR Ja'Marr Chase (134747-85701), WR Tee Higgins (134747-89981), WR CeeDee Lamb (134747-86631), TE Tyler Higbee (134747-47870), RB Ollie Gordon II (134747-166112), D New York Giants (134747-12543)"
1543,3738869482,nickster9084 (107/150),175.22,"QB Joe Burrow (134747-63336), RB Kenneth Walker III (134747-103342), RB James Cook III (134747-91626), WR Nico Collins (134747-91419), WR Tee Higgins (134747-89981), WR Michael Wilson (134747-89612), TE Mike Gesicki (134747-56265), RB Aaron Jones Sr. (134747-40442), D Los Angeles Chargers (134747-12548)"
1543,3739026357,sd83 (40/150),175.22,"QB Joe Burrow (134747-63336), RB Kenneth Walker III (134747-103342), RB Aaron Jones Sr. (134747-40442), WR Tee Higgins (134747-89981), WR Michael Wilson (134747-89612), WR Khalil Shakir (134747-86518), TE Brock Bowers (134747-151794), RB Javonte Williams (134747-93541), D New York Jets (134747-12544)"
1546,3737031540,dmccall (1/1),175.2,"QB Dak Prescott (134747-31716), RB Aaron Jones Sr. (134747-40442), RB James Cook III (134747-91626), WR Zay Flowers (134747-112295), WR Romeo Doubs (134747-94370), WR CeeDee Lamb (134747-86631), TE Brock Bowers (134747-151794), WR Carnell Tate (134747-183756), D New York Jets (134747-12544)"
1546,3739654681,deitchman1202 (1/1),175.2,"QB Dak Prescott (134747-31716), RB Bucky Irving (134747-152664), RB Kyle Monangai (134747-144102), WR CeeDee Lamb (134747-86631), WR Nico Collins (134747-91419), WR Jakobi Meyers (134747-63634), TE George Kittle (134747-39793), WR Keon Coleman (134747-157467), D Green Bay Packers (134747-12533)"
1546,3737886581,whitehorsepk (1/16),175.2,"QB Jameis Winston (134747-24849), RB Kenneth Walker III (134747-103342), RB Jeremiyah Love (134747-188171), WR Michael Wilson (134747-89612), WR CeeDee Lamb (134747-86631), WR Nico Collins (134747-91419), TE Isaiah Likely (134747-87260), TE Brock Bowers (134747-151794), D Arizona Cardinals (134747-12546)"
1546,3739847196,whitehorsepk (8/16),175.2,"QB Jameis Winston (134747-24849), RB Kenneth Walker III (134747-103342), RB Jeremiyah Love (134747-188171), WR Michael Wilson (134747-89612), WR CeeDee Lamb (134747-86631), WR Nico Collins (134747-91419), TE Isaiah Likely (134747-87260), TE Brock Bowers (134747-151794), D Arizona Cardinals (134747-12546)"
1546,3739847485,whitehorsepk (12/16),175.2,"QB Jameis Winston (134747-24849), RB Kenneth Walker III (134747-103342), RB Jeremiyah Love (134747-188171), WR Michael Wilson (134747-89612), WR CeeDee Lamb (134747-86631), WR Nico Collins (134747-91419), TE Isaiah Likely (134747-87260), TE Brock Bowers (134747-151794), D Arizona Cardinals (134747-12546)"
1546,3739847742,whitehorsepk (16/16),175.2,"QB Jameis Winston (134747-24849), RB Kenneth Walker III (134747-103342), RB Jeremiyah Love (134747-188171), WR Michael Wilson (134747-89612), WR CeeDee Lamb (134747-86631), WR Nico Collins (134747-91419), TE Isaiah Likely (134747-87260), TE Brock Bowers (134747-151794), D Arizona Cardinals (134747-12546)"
1546,3737385087,silversurfervii (18/150),175.2,"QB Dak Prescott (134747-31716), RB Braelon Allen (134747-158412), RB Emanuel Wilson (134747-185861), WR Makai Lemon (134747-183380), WR Nico Collins (134747-91419), WR CeeDee Lamb (134747-86631), TE Mark Andrews (134747-52436), RB Kenneth Walker III (134747-103342), D Baltimore Ravens (134747-12555)"
1546,3738676768,j0f0sh0 (37/150),175.2,"QB Dak Prescott (134747-31716), RB Tony Pollard (134747-63759), RB Braelon Allen (134747-158412), WR CeeDee Lamb (134747-86631), WR George Pickens (134747-110246), WR Nico Collins (134747-91419), TE T.J. Hockenson (134747-71706), RB Kenneth Walker III (134747-103342), D Tampa Bay Buccaneers (134747-12551)"
1554,3739163123,chowbers (130/150),175.18,"QB C.J. Stroud (134747-129471), RB Kyren Williams (134747-104433), RB Kenneth Walker III (134747-103342), WR Luther Burden III (134747-166092), WR Wan'Dale Robinson (134747-103539), WR Malik Nabers (134747-151761), TE T.J. Hockenson (134747-71706), RB Christian McCaffrey (134747-55050), D Baltimore Ravens (134747-12555)"
1554,3738985550,z0neblitz (9/150),175.18,"QB C.J. Stroud (134747-129471), RB Aaron Jones Sr. (134747-40442), RB Jeremiyah Love (134747-188171), WR Nico Collins (134747-91419), WR CeeDee Lamb (134747-86631), WR Jordan Addison (134747-129210), TE Brock Bowers (134747-151794), RB Emanuel Wilson (134747-185861), D Seattle Seahawks (134747-12550)"
1554,3739775425,cosmoney (97/149),175.18,"QB C.J. Stroud (134747-129471), RB Kenneth Walker III (134747-103342), RB Aaron Jones Sr. (134747-40442), WR CeeDee Lamb (134747-86631), WR Nico Collins (134747-91419), WR Jordan Addison (134747-129210), TE Brock Bowers (134747-151794), WR Kayshon Boutte (134747-119653), D New York Jets (134747-12544)"
1554,3738361107,arta (142/150),175.18,"QB C.J. Stroud (134747-129471), RB Jeremiyah Love (134747-188171), RB Javonte Williams (134747-93541), WR Nico Collins (134747-91419), WR Wan'Dale Robinson (134747-103539), WR CeeDee Lamb (134747-86631), TE Dalton Schultz (134747-55042), WR Zay Flowers (134747-112295), D Seattle Seahawks (134747-12550)"
1554,3738373627,drtfishrmn (43/86),175.18,"QB C.J. Stroud (134747-129471), RB Kenneth Walker III (134747-103342), RB Christian McCaffrey (134747-55050), WR Nico Collins (134747-91419), WR CeeDee Lamb (134747-86631), WR Xavier Hutchinson (134747-119788), TE Tyler Higbee (134747-47870), RB Aaron Jones Sr. (134747-40442), D New York Jets (134747-12544)"
1554,3739596953,alexanderotero (28/110),175.18,"QB C.J. Stroud (134747-129471), RB Derrick Henry (134747-39280), RB Kenneth Walker III (134747-103342), WR Carnell Tate (134747-183756), WR Nico Collins (134747-91419), WR Zay Flowers (134747-112295), TE Mark Andrews (134747-52436), WR Malik Washington (134747-110974), D Los Angeles Rams (134747-12538)"
1554,3739618420,joshmiller1980 (1/1),175.18,"QB C.J. Stroud (134747-129471), RB Bucky Irving (134747-152664), RB Braelon Allen (134747-158412), WR Nico Collins (134747-91419), WR Zay Flowers (134747-112295), WR CeeDee Lamb (134747-86631), TE T.J. Hockenson (134747-71706), TE George Kittle (134747-39793), D Minnesota Vikings (134747-12540)"
1554,3738200091,iamserve (120/150),175.18,"QB C.J. Stroud (134747-129471), RB Chase Brown (134747-89493), RB Kyren Williams (134747-104433), WR Luther Burden III (134747-166092), WR Dontayvion Wicks (134747-110457), WR Nico Collins (134747-91419), TE T.J. Hockenson (134747-71706), RB Kenneth Walker III (134747-103342), D Baltimore Ravens (134747-12555)"
1562,3739162846,scm1331 (56/150),175.16,"QB Drake Maye (134747-152316), RB Braelon Allen (134747-158412), RB Aaron Jones Sr. (134747-40442), WR CeeDee Lamb (134747-86631), WR Romeo Doubs (134747-94370), WR Jaxon Smith-Njigba (134747-129458), TE T.J. Hockenson (134747-71706), RB Kenneth Walker III (134747-103342), D Cincinnati Bengals (134747-12528)"
1563,3739335261,jatstone (91/113),175.12,"QB Joe Burrow (134747-63336), RB Javonte Williams (134747-93541), RB Emanuel Wilson (134747-185861), WR Tee Higgins (134747-89981), WR Nico Collins (134747-91419), WR Parker Washington (134747-137516), TE Tucker Kraft (134747-160303), RB Ashton Jeanty (134747-167031), D Chicago Bears (134747-12527)"
1563,3738265348,lovejones17 (71/150),175.12,"QB Joe Burrow (134747-63336), RB Kyren Williams (134747-104433), RB Kenneth Walker III (134747-103342), WR Tee Higgins (134747-89981), WR Michael Wilson (134747-89612), WR Makai Lemon (134747-183380), TE T.J. Hockenson (134747-71706), RB Christian McCaffrey (134747-55050), D Los Angeles Chargers (134747-12548)"
1565,3738146654,domdimp (1/1),175.1,"QB Dak Prescott (134747-31716), RB Kenneth Walker III (134747-103342), RB Kyren Williams (134747-104433), WR CeeDee Lamb (134747-86631), WR Tee Higgins (134747-89981), WR Matthew Golden (134747-166916), TE Travis Kelce (134747-33076), TE Tyler Higbee (134747-47870), D Chicago Bears (134747-12527)"
1565,3738821275,dlars1502 (118/150),175.1,"QB Jameis Winston (134747-24849), RB Jeremiyah Love (134747-188171), RB Aaron Jones Sr. (134747-40442), WR Nico Collins (134747-91419), WR Zay Flowers (134747-112295), WR Malik Nabers (134747-151761), TE Brock Bowers (134747-151794), RB Kenneth Walker III (134747-103342), D New York Jets (134747-12544)"
1567,3739731314,mrohrbach73 (119/150),175.08,"QB Matthew Stafford (134747-6654), RB Rhamondre Stevenson (134747-111540), RB Derrick Henry (134747-39280), WR Tyquan Thornton (134747-89220), WR Puka Nacua (134747-103020), WR Zay Flowers (134747-112295), TE T.J. Hockenson (134747-71706), RB Chase Brown (134747-89493), D New York Giants (134747-12543)"
1567,3739634199,dreezy125 (31/150),175.08,"QB C.J. Stroud (134747-129471), RB Kenneth Walker III (134747-103342), RB Christian McCaffrey (134747-55050), WR CeeDee Lamb (134747-86631), WR Romeo Doubs (134747-94370), WR Ted Hurst III (134747-206341), TE Cade Otton (134747-86811), WR Nico Collins (134747-91419), D Los Angeles Rams (134747-12538)"
1567,3737520519,furtat923 (86/150),175.08,"QB C.J. Stroud (134747-129471), RB Derrick Henry (134747-39280), RB Javonte Williams (134747-93541), WR CeeDee Lamb (134747-86631), WR Nico Collins (134747-91419), WR Pat Bryant (134747-155551), TE Mark Andrews (134747-52436), RB Aaron Jones Sr. (134747-40442), D Chicago Bears (134747-12527)"
1567,3739789750,tatergabe (8/8),175.08,"QB C.J. Stroud (134747-129471), RB Christian McCaffrey (134747-55050), RB Kenneth Walker III (134747-103342), WR Zay Flowers (134747-112295), WR Carnell Tate (134747-183756), WR Nico Collins (134747-91419), TE Brenton Strange (134747-103587), RB Jeremiyah Love (134747-188171), D Chicago Bears (134747-12527)"
1567,3739794157,zvile2000 (3/3),175.08,"QB C.J. Stroud (134747-129471), RB Ollie Gordon II (134747-166112), RB Kenneth Walker III (134747-103342), WR Nico Collins (134747-91419), WR Garrett Wilson (134747-103564), WR Zay Flowers (134747-112295), TE Foster Moreau (134747-60712), RB Kyren Williams (134747-104433), D Houston Texans (134747-12556)"
1572,3739041323,topthat1 (110/150),175.02,"QB Brock Purdy (134747-85607), RB Woody Marks (134747-138774), RB Kyren Williams (134747-104433), WR CeeDee Lamb (134747-86631), WR Nico Collins (134747-91419), WR Rashid Shaheed (134747-170287), TE Brock Bowers (134747-151794), TE George Kittle (134747-39793), D New York Jets (134747-12544)"
1572,3739080440,stevenratiu (65/150),175.02,"QB Joe Burrow (134747-63336), RB James Cook III (134747-91626), RB Jeremiyah Love (134747-188171), WR Nico Collins (134747-91419), WR Tee Higgins (134747-89981), WR Carnell Tate (134747-183756), TE Isaiah Likely (134747-87260), RB Kenneth Walker III (134747-103342), D Chicago Bears (134747-12527)"
1572,3738182422,enniskar (67/150),175.02,"QB Joe Burrow (134747-63336), RB Aaron Jones Sr. (134747-40442), RB Chase Brown (134747-89493), WR Jordan Addison (134747-129210), WR Zay Flowers (134747-112295), WR Tee Higgins (134747-89981), TE T.J. Hockenson (134747-71706), RB Kenneth Walker III (134747-103342), D Chicago Bears (134747-12527)"
1575,3739408440,jmoswalt (113/150),175.0,"QB Dak Prescott (134747-31716), RB Rhamondre Stevenson (134747-111540), RB Kenneth Walker III (134747-103342), WR DJ Moore (134747-63043), WR CeeDee Lamb (134747-86631), WR Zay Flowers (134747-112295), TE George Kittle (134747-39793), WR Romeo Doubs (134747-94370), D Miami Dolphins (134747-12539)"
1575,3738757670,gregorycp (139/150),175.0,"QB Jameis Winston (134747-24849), RB Aaron Jones Sr. (134747-40442), RB Emanuel Wilson (134747-185861), WR Garrett Wilson (134747-103564), WR Malik Nabers (134747-151761), WR CeeDee Lamb (134747-86631), TE Isaiah Likely (134747-87260), RB Kenneth Walker III (134747-103342), D Minnesota Vikings (134747-12540)"
1577,3738234575,dasportsguru (107/150),174.98,"QB C.J. Stroud (134747-129471), RB Braelon Allen (134747-158412), RB Kenneth Walker III (134747-103342), WR Michael Wilson (134747-89612), WR Nico Collins (134747-91419), WR CeeDee Lamb (134747-86631), TE Tyler Higbee (134747-47870), RB Christian McCaffrey (134747-55050), D Miami Dolphins (134747-12539)"
1577,3738500625,hungryhungryhippies (66/150),174.98,"QB Trevor Lawrence (134747-89951), RB Emanuel Wilson (134747-185861), RB Bhayshul Tuten (134747-160620), WR Tee Higgins (134747-89981), WR CeeDee Lamb (134747-86631), WR Nico Collins (134747-91419), TE Brenton Strange (134747-103587), TE George Kittle (134747-39793), D Minnesota Vikings (134747-12540)"
1577,3739160015,tkballa (93/149),174.98,"QB C.J. Stroud (134747-129471), RB Cam Skattebo (134747-183240), RB Kenneth Walker III (134747-103342), WR Michael Wilson (134747-89612), WR Tee Higgins (134747-89981), WR Nico Collins (134747-91419), TE T.J. Hockenson (134747-71706), RB Christian McCaffrey (134747-55050), D Tampa Bay Buccaneers (134747-12551)"
1577,3739383117,wudreamz (11/150),174.98,"QB C.J. Stroud (134747-129471), RB Aaron Jones Sr. (134747-40442), RB Javonte Williams (134747-93541), WR Puka Nacua (134747-103020), WR Nico Collins (134747-91419), WR Wan'Dale Robinson (134747-103539), TE Dalton Schultz (134747-55042), RB Kenneth Walker III (134747-103342), D Cincinnati Bengals (134747-12528)"
1577,3739413901,flyingcircus (38/150),174.98,"QB C.J. Stroud (134747-129471), RB Cam Skattebo (134747-183240), RB Christian McCaffrey (134747-55050), WR Michael Wilson (134747-89612), WR Tee Higgins (134747-89981), WR Nico Collins (134747-91419), TE T.J. Hockenson (134747-71706), RB Kenneth Walker III (134747-103342), D Tampa Bay Buccaneers (134747-12551)"
1582,3737034043,cashgrabber15 (1/1),174.92,"QB Joe Burrow (134747-63336), RB MarShawn Lloyd (134747-119697), RB Javonte Williams (134747-93541), WR Tee Higgins (134747-89981), WR Zay Flowers (134747-112295), WR Malik Nabers (134747-151761), TE George Kittle (134747-39793), RB Aaron Jones Sr. (134747-40442), D Green Bay Packers (134747-12533)"
1582,3738708008,fillyfloater (6/150),174.92,"QB Jalon Daniels (134747-135811), RB Kenneth Walker III (134747-103342), RB James Cook III (134747-91626), WR Nico Collins (134747-91419), WR Malik Nabers (134747-151761), WR Luther Burden III (134747-166092), TE Isaiah Likely (134747-87260), WR CeeDee Lamb (134747-86631), D Los Angeles Chargers (134747-12548)"
1582,3739059615,alethia64 (139/140),174.92,"QB Joe Burrow (134747-63336), RB Aaron Jones Sr. (134747-40442), RB Emanuel Wilson (134747-185861), WR Malik Nabers (134747-151761), WR Zay Flowers (134747-112295), WR Tee Higgins (134747-89981), TE Mark Andrews (134747-52436), RB Christian McCaffrey (134747-55050), D Green Bay Packers (134747-12533)"
1585,3738737067,sploush (68/150),174.9,"QB Dak Prescott (134747-31716), RB Christian McCaffrey (134747-55050), RB Emanuel Wilson (134747-185861), WR Tee Higgins (134747-89981), WR CeeDee Lamb (134747-86631), WR George Pickens (134747-110246), TE T.J. Hockenson (134747-71706), RB Rhamondre Stevenson (134747-111540), D Chicago Bears (134747-12527)"
1585,3738973264,fastpointscores (70/150),174.9,"QB Dak Prescott (134747-31716), RB Javonte Williams (134747-93541), RB James Cook III (134747-91626), WR Tre Tucker (134747-103619), WR Nico Collins (134747-91419), WR CeeDee Lamb (134747-86631), TE T.J. Hockenson (134747-71706), RB Aaron Jones Sr. (134747-40442), D Las Vegas Raiders (134747-12537)"
1587,3739169260,poopsammy (81/100),174.88,"QB C.J. Stroud (134747-129471), RB Kenneth Walker III (134747-103342), RB D'Andre Swift (134747-91598), WR Zay Flowers (134747-112295), WR CeeDee Lamb (134747-86631), WR Nico Collins (134747-91419), TE Mark Andrews (134747-52436), TE Dalton Schultz (134747-55042), D Tampa Bay Buccaneers (134747-12551)"
1587,3737597267,laudyn (26/150),174.88,"QB C.J. Stroud (134747-129471), RB Kenneth Walker III (134747-103342), RB Jeremiyah Love (134747-188171), WR Nico Collins (134747-91419), WR Zay Flowers (134747-112295), WR Christian Watson (134747-169776), TE Brock Bowers (134747-151794), RB Emanuel Wilson (134747-185861), D New York Jets (134747-12544)"
1587,3738557178,gscholl (102/150),174.88,"QB C.J. Stroud (134747-129471), RB Aaron Jones Sr. (134747-40442), RB Kenneth Walker III (134747-103342), WR Nico Collins (134747-91419), WR CeeDee Lamb (134747-86631), WR Jaylen Waddle (134747-90573), TE George Kittle (134747-39793), TE Travis Kelce (134747-33076), D Miami Dolphins (134747-12539)"
1587,3739742498,atlbravesfan (9/150),174.88,"QB C.J. Stroud (134747-129471), RB Aaron Jones Sr. (134747-40442), RB Ashton Jeanty (134747-167031), WR Nico Collins (134747-91419), WR Zay Flowers (134747-112295), WR Parker Washington (134747-137516), TE T.J. Hockenson (134747-71706), RB Kenneth Walker III (134747-103342), D Chicago Bears (134747-12527)"
1587,3738183622,omegaman28 (143/150),174.88,"QB Kyler Murray (134747-63484), RB Javonte Williams (134747-93541), RB James Cook III (134747-91626), WR Nico Collins (134747-91419), WR Zay Flowers (134747-112295), WR Isaiah Williams (134747-112041), TE T.J. Hockenson (134747-71706), RB Christian McCaffrey (134747-55050), D New York Giants (134747-12543)"
1587,3737175999,fnmoneduel (39/150),174.88,"QB C.J. Stroud (134747-129471), RB Emanuel Wilson (134747-185861), RB Braelon Allen (134747-158412), WR Tee Higgins (134747-89981), WR Malik Nabers (134747-151761), WR Nico Collins (134747-91419), TE George Kittle (134747-39793), RB Derrick Henry (134747-39280), D Green Bay Packers (134747-12533)"
1587,3738910948,onemanband17 (102/150),174.88,"QB C.J. Stroud (134747-129471), RB Aaron Jones Sr. (134747-40442), RB Ashton Jeanty (134747-167031), WR Nico Collins (134747-91419), WR Zay Flowers (134747-112295), WR Parker Washington (134747-137516), TE T.J. Hockenson (134747-71706), RB Kenneth Walker III (134747-103342), D Chicago Bears (134747-12527)"
1587,3739466809,kinseygr (22/150),174.88,"QB C.J. Stroud (134747-129471), RB Aaron Jones Sr. (134747-40442), RB Ashton Jeanty (134747-167031), WR Nico Collins (134747-91419), WR Zay Flowers (134747-112295), WR Parker Washington (134747-137516), TE T.J. Hockenson (134747-71706), RB Kenneth Walker III (134747-103342), D Chicago Bears (134747-12527)"
1587,3739061011,mchaffiejoshua (1/8),174.88,"QB C.J. Stroud (134747-129471), RB Kenneth Walker III (134747-103342), RB Aaron Jones Sr. (134747-40442), WR CeeDee Lamb (134747-86631), WR Nico Collins (134747-91419), WR Makai Lemon (134747-183380), TE Brock Bowers (134747-151794), RB Braelon Allen (134747-158412), D Tampa Bay Buccaneers (134747-12551)"
1587,3739410677,purplangel214 (1/1),174.88,"QB C.J. Stroud (134747-129471), RB Kenneth Walker III (134747-103342), RB Kyle Monangai (134747-144102), WR Christian Watson (134747-169776), WR Malik Nabers (134747-151761), WR Matthew Golden (134747-166916), TE Travis Kelce (134747-33076), WR CeeDee Lamb (134747-86631), D Jacksonville Jaguars (134747-12554)"
1597,3738911373,flimflamman (122/150),174.86,"QB Drake Maye (134747-152316), RB Javonte Williams (134747-93541), RB James Cook III (134747-91626), WR Nico Collins (134747-91419), WR Zay Flowers (134747-112295), WR Romeo Doubs (134747-94370), TE Tyler Higbee (134747-47870), RB Christian McCaffrey (134747-55050), D Cincinnati Bengals (134747-12528)"
1598,3739724117,jeffkeola (10/150),174.82,"QB Josh Allen (134747-62239), RB Emanuel Wilson (134747-185861), RB Kenneth Walker III (134747-103342), WR DJ Moore (134747-63043), WR Nico Collins (134747-91419), WR Zay Flowers (134747-112295), TE Isaiah Likely (134747-87260), TE George Kittle (134747-39793), D New York Giants (134747-12543)"
1598,3738479268,base3085 (92/150),174.82,"QB Joe Burrow (134747-63336), RB Chase Brown (134747-89493), RB Braelon Allen (134747-158412), WR Zay Flowers (134747-112295), WR CeeDee Lamb (134747-86631), WR Tee Higgins (134747-89981), TE Travis Kelce (134747-33076), RB Emanuel Wilson (134747-185861), D Seattle Seahawks (134747-12550)"
1598,3739402669,bigfatbody (87/150),174.82,"QB Joe Burrow (134747-63336), RB Aaron Jones Sr. (134747-40442), RB Cam Skattebo (134747-183240), WR Dohnte Meyers (134747-241064), WR Tee Higgins (134747-89981), WR Nico Collins (134747-91419), TE Brock Bowers (134747-151794), RB Kenneth Walker III (134747-103342), D Chicago Bears (134747-12527)"
1601,3739623433,hhoang529 (111/150),174.8,"QB Jameis Winston (134747-24849), RB Aaron Jones Sr. (134747-40442), RB Kyren Williams (134747-104433), WR Malik Nabers (134747-151761), WR CeeDee Lamb (134747-86631), WR Xavier Worthy (134747-158974), TE Brenton Strange (134747-103587), RB James Cook III (134747-91626), D Seattle Seahawks (134747-12550)"
1601,3739518719,brandy893 (31/35),174.8,"QB Dak Prescott (134747-31716), RB Javonte Williams (134747-93541), RB James Cook III (134747-91626), WR CeeDee Lamb (134747-86631), WR Tee Higgins (134747-89981), WR Michael Wilson (134747-89612), TE Mark Andrews (134747-52436), TE T.J. Hockenson (134747-71706), D Buffalo Bills (134747-12526)"
1601,3739067354,blackgold18 (106/150),174.8,"QB Dak Prescott (134747-31716), RB Kenneth Walker III (134747-103342), RB Aaron Jones Sr. (134747-40442), WR CeeDee Lamb (134747-86631), WR George Pickens (134747-110246), WR Nico Collins (134747-91419), TE T.J. Hockenson (134747-71706), RB George Holani (134747-114231), D Chicago Bears (134747-12527)"
1604,3737169862,cspowell (80/150),174.78,"QB C.J. Stroud (134747-129471), RB Kenneth Walker III (134747-103342), RB Aaron Jones Sr. (134747-40442), WR Jaxon Smith-Njigba (134747-129458), WR Nico Collins (134747-91419), WR Christian Watson (134747-169776), TE T.J. Hockenson (134747-71706), RB Emanuel Wilson (134747-185861), D Chicago Bears (134747-12527)"
1604,3739498743,dallas1fan (63/150),174.78,"QB C.J. Stroud (134747-129471), RB Aaron Jones Sr. (134747-40442), RB Kenneth Walker III (134747-103342), WR Romeo Doubs (134747-94370), WR CeeDee Lamb (134747-86631), WR Nico Collins (134747-91419), TE Travis Kelce (134747-33076), WR Jordan Addison (134747-129210), D Kansas City Chiefs (134747-12536)"
1604,3739658254,guhreedoe28 (36/150),174.78,"QB C.J. Stroud (134747-129471), RB Aaron Jones Sr. (134747-40442), RB Kenneth Walker III (134747-103342), WR Malik Nabers (134747-151761), WR Nico Collins (134747-91419), WR Zay Flowers (134747-112295), TE George Kittle (134747-39793), WR DJ Moore (134747-63043), D Tampa Bay Buccaneers (134747-12551)"
1604,3738788089,halfwayhammerd (3/3),174.78,"QB C.J. Stroud (134747-129471), RB Kenneth Walker III (134747-103342), RB Cam Skattebo (134747-183240), WR CeeDee Lamb (134747-86631), WR Nico Collins (134747-91419), WR Luther Burden III (134747-166092), TE Brock Bowers (134747-151794), TE Isaiah Likely (134747-87260), D Tampa Bay Buccaneers (134747-12551)"
1604,3739502445,heastout (122/150),174.78,"QB C.J. Stroud (134747-129471), RB Kenneth Walker III (134747-103342), RB Javonte Williams (134747-93541), WR Nico Collins (134747-91419), WR Deebo Samuel Sr. (134747-56018), WR Jaylen Waddle (134747-90573), TE Brenton Strange (134747-103587), RB Braelon Allen (134747-158412), D Minnesota Vikings (134747-12540)"
1604,3739730118,legoboom (1/1),174.78,"QB C.J. Stroud (134747-129471), RB Kenneth Walker III (134747-103342), RB TreVeyon Henderson (134747-152647), WR Nico Collins (134747-91419), WR CeeDee Lamb (134747-86631), WR Michael Wilson (134747-89612), TE Brock Bowers (134747-151794), WR Luther Burden III (134747-166092), D Tampa Bay Buccaneers (134747-12551)"
1604,3739623501,hhoang529 (138/150),174.78,"QB C.J. Stroud (134747-129471), RB Aaron Jones Sr. (134747-40442), RB D'Andre Swift (134747-91598), WR Nico Collins (134747-91419), WR CeeDee Lamb (134747-86631), WR Xavier Worthy (134747-158974), TE Hunter Henry (134747-40845), RB Kyren Williams (134747-104433), D Seattle Seahawks (134747-12550)"
1604,3738406802,jae75 (93/150),174.78,"QB C.J. Stroud (134747-129471), RB Kenneth Walker III (134747-103342), RB Jeremiyah Love (134747-188171), WR Nico Collins (134747-91419), WR CeeDee Lamb (134747-86631), WR Wan'Dale Robinson (134747-103539), TE Dalton Schultz (134747-55042), WR Zay Flowers (134747-112295), D Chicago Bears (134747-12527)"
1604,3739560687,achellappa (48/150),174.78,"QB C.J. Stroud (134747-129471), RB Kenneth Walker III (134747-103342), RB Aaron Jones Sr. (134747-40442), WR Jaxon Smith-Njigba (134747-129458), WR Nico Collins (134747-91419), WR Christian Watson (134747-169776), TE T.J. Hockenson (134747-71706), RB Emanuel Wilson (134747-185861), D Chicago Bears (134747-12527)"
1604,3739351960,destructiondealers101 (142/150),174.78,"QB C.J. Stroud (134747-129471), RB Kyren Williams (134747-104433), RB Ashton Jeanty (134747-167031), WR CeeDee Lamb (134747-86631), WR Michael Wilson (134747-89612), WR Nico Collins (134747-91419), TE Travis Kelce (134747-33076), RB Aaron Jones Sr. (134747-40442), D Tampa Bay Buccaneers (134747-12551)"
1604,3738951266,jblack773 (54/150),174.78,"QB C.J. Stroud (134747-129471), RB D'Andre Swift (134747-91598), RB Jeremiyah Love (134747-188171), WR Malik Nabers (134747-151761), WR Carnell Tate (134747-183756), WR Nico Collins (134747-91419), TE T.J. Hockenson (134747-71706), RB Kenneth Walker III (134747-103342), D Green Bay Packers (134747-12533)"
1604,3738826311,skinfloote22 (122/150),174.78,"QB C.J. Stroud (134747-129471), RB Aaron Jones Sr. (134747-40442), RB Jeremiyah Love (134747-188171), WR CeeDee Lamb (134747-86631), WR Nico Collins (134747-91419), WR Luther Burden III (134747-166092), TE George Kittle (134747-39793), RB Kenneth Walker III (134747-103342), D Los Angeles Chargers (134747-12548)"
1604,3737555547,cbake27 (43/150),174.78,"QB C.J. Stroud (134747-129471), RB Kenneth Walker III (134747-103342), RB Aaron Jones Sr. (134747-40442), WR Jaxon Smith-Njigba (134747-129458), WR Nico Collins (134747-91419), WR Christian Watson (134747-169776), TE T.J. Hockenson (134747-71706), RB Emanuel Wilson (134747-185861), D Chicago Bears (134747-12527)"
1604,3738721853,wy846 (64/150),174.78,"QB C.J. Stroud (134747-129471), RB Kenneth Walker III (134747-103342), RB Aaron Jones Sr. (134747-40442), WR Jaxon Smith-Njigba (134747-129458), WR Nico Collins (134747-91419), WR Christian Watson (134747-169776), TE T.J. Hockenson (134747-71706), RB Emanuel Wilson (134747-185861), D Chicago Bears (134747-12527)"
1604,3739084550,the_doosh (129/150),174.78,"QB Lamar Jackson (134747-63115), RB Kenneth Walker III (134747-103342), RB D'Andre Swift (134747-91598), WR Zay Flowers (134747-112295), WR Malik Nabers (134747-151761), WR Carnell Tate (134747-183756), TE Brock Bowers (134747-151794), RB Emanuel Wilson (134747-185861), D Miami Dolphins (134747-12539)"
1604,3737378656,fmcnairy123 (125/150),174.78,"QB C.J. Stroud (134747-129471), RB David Montgomery (134747-73273), RB Braelon Allen (134747-158412), WR Nico Collins (134747-91419), WR Zay Flowers (134747-112295), WR Tee Higgins (134747-89981), TE George Kittle (134747-39793), RB Kenneth Walker III (134747-103342), D Arizona Cardinals (134747-12546)"
1620,3738106641,vaughtdj (7/150),174.76,"QB Drake Maye (134747-152316), RB Emanuel Wilson (134747-185861), RB James Cook III (134747-91626), WR Romeo Doubs (134747-94370), WR Jakobi Meyers (134747-63634), WR Tee Higgins (134747-89981), TE Brock Bowers (134747-151794), RB Kenneth Walker III (134747-103342), D Baltimore Ravens (134747-12555)"
1620,3738682916,grantmeyourfavor (114/150),174.76,"QB Drake Maye (134747-152316), RB Aaron Jones Sr. (134747-40442), RB Jeremiyah Love (134747-188171), WR CeeDee Lamb (134747-86631), WR Michael Wilson (134747-89612), WR Carnell Tate (134747-183756), TE Brock Bowers (134747-151794), RB Kenneth Walker III (134747-103342), D Chicago Bears (134747-12527)"
1620,3739145143,sadpitt (14/73),174.76,"QB Drake Maye (134747-152316), RB Jeremiyah Love (134747-188171), RB Kenneth Walker III (134747-103342), WR DeMario Douglas (134747-111876), WR Tee Higgins (134747-89981), WR CeeDee Lamb (134747-86631), TE T.J. Hockenson (134747-71706), RB James Cook III (134747-91626), D Arizona Cardinals (134747-12546)"
1623,3738446049,goatisgreat (128/150),174.72,"QB Joe Burrow (134747-63336), RB Kenneth Walker III (134747-103342), RB Aaron Jones Sr. (134747-40442), WR Tee Higgins (134747-89981), WR Nico Collins (134747-91419), WR Michael Wilson (134747-89612), TE Brock Bowers (134747-151794), RB Braelon Allen (134747-158412), D Tampa Bay Buccaneers (134747-12551)"
1624,3739107922,ccctiger575 (113/150),174.7,"QB Dak Prescott (134747-31716), RB Derrick Henry (134747-39280), RB Kenneth Walker III (134747-103342), WR CeeDee Lamb (134747-86631), WR Malik Nabers (134747-151761), WR Ryan Flournoy (134747-201233), TE Isaiah Likely (134747-87260), RB Emanuel Wilson (134747-185861), D New York Jets (134747-12544)"
1625,3738804814,swimbait (72/150),174.68,"QB C.J. Stroud (134747-129471), RB Kenneth Walker III (134747-103342), RB Chase Brown (134747-89493), WR Zay Flowers (134747-112295), WR Ryan Flournoy (134747-201233), WR Nico Collins (134747-91419), TE Mark Andrews (134747-52436), TE Brock Bowers (134747-151794), D Seattle Seahawks (134747-12550)"
1625,3739414233,flyingcircus (77/150),174.68,"QB Lamar Jackson (134747-63115), RB Christian McCaffrey (134747-55050), RB Kenneth Walker III (134747-103342), WR Michael Wilson (134747-89612), WR Nico Collins (134747-91419), WR Carnell Tate (134747-183756), TE Mark Andrews (134747-52436), TE T.J. Hockenson (134747-71706), D Seattle Seahawks (134747-12550)"
1625,3739065903,pop_tart1 (133/150),174.68,"QB C.J. Stroud (134747-129471), RB Jeremiyah Love (134747-188171), RB Aaron Jones Sr. (134747-40442), WR CeeDee Lamb (134747-86631), WR Nico Collins (134747-91419), WR Ryan Flournoy (134747-201233), TE Brock Bowers (134747-151794), RB Kenneth Walker III (134747-103342), D Tampa Bay Buccaneers (134747-12551)"
1625,3739081370,siketurner (11/150),174.68,"QB C.J. Stroud (134747-129471), RB Aaron Jones Sr. (134747-40442), RB Kenneth Walker III (134747-103342), WR CeeDee Lamb (134747-86631), WR Tee Higgins (134747-89981), WR Nico Collins (134747-91419), TE Dalton Schultz (134747-55042), TE Dalton Kincaid (134747-145558), D Chicago Bears (134747-12527)"
1629,3739383182,wudreamz (23/150),174.6,"QB Kirk Cousins (134747-22038), RB Christian McCaffrey (134747-55050), RB Kenneth Walker III (134747-103342), WR Nico Collins (134747-91419), WR Matthew Golden (134747-166916), WR Wan'Dale Robinson (134747-103539), TE Brock Bowers (134747-151794), RB Emanuel Wilson (134747-185861), D Chicago Bears (134747-12527)"
1629,3739641129,sptsmgt1 (1/1),174.6,"QB Jameis Winston (134747-24849), RB Aaron Jones Sr. (134747-40442), RB Bucky Irving (134747-152664), WR Malik Nabers (134747-151761), WR Tee Higgins (134747-89981), WR CeeDee Lamb (134747-86631), TE Isaiah Likely (134747-87260), RB Kenneth Walker III (134747-103342), D Chicago Bears (134747-12527)"
1629,3739727618,becausepatmademe (1/1),174.6,"QB Patrick Mahomes (134747-57439), RB Rhamondre Stevenson (134747-111540), RB Kenneth Walker III (134747-103342), WR CeeDee Lamb (134747-86631), WR Tee Higgins (134747-89981), WR Emeka Egbuka (134747-152655), TE Travis Kelce (134747-33076), RB Kyle Monangai (134747-144102), D Seattle Seahawks (134747-12550)"
1629,3737079411,augiecream (1/1),174.6,"QB Dak Prescott (134747-31716), RB Aaron Jones Sr. (134747-40442), RB Kyle Monangai (134747-144102), WR CeeDee Lamb (134747-86631), WR Tee Higgins (134747-89981), WR Deebo Samuel Sr. (134747-56018), TE Brock Bowers (134747-151794), WR Tory Horton (134747-134837), D Minnesota Vikings (134747-12540)"
1629,3736524915,xowizard32 (2/4),174.6,"QB Dak Prescott (134747-31716), RB D'Andre Swift (134747-91598), RB Kenneth Walker III (134747-103342), WR CeeDee Lamb (134747-86631), WR Tee Higgins (134747-89981), WR Tyquan Thornton (134747-89220), TE Travis Kelce (134747-33076), TE Brock Bowers (134747-151794), D Miami Dolphins (134747-12539)"
1634,3736887328,cheeseandrice (66/150),174.58,"QB C.J. Stroud (134747-129471), RB Derrick Henry (134747-39280), RB Chase Brown (134747-89493), WR Nico Collins (134747-91419), WR Jordan Addison (134747-129210), WR Romeo Doubs (134747-94370), TE T.J. Hockenson (134747-71706), RB Kenneth Walker III (134747-103342), D Chicago Bears (134747-12527)"
1634,3739134693,realfreddyfredd (72/150),174.58,"QB C.J. Stroud (134747-129471), RB Aaron Jones Sr. (134747-40442), RB Ashton Jeanty (134747-167031), WR Garrett Wilson (134747-103564), WR Nico Collins (134747-91419), WR Zay Flowers (134747-112295), TE T.J. Hockenson (134747-71706), RB Kenneth Walker III (134747-103342), D Los Angeles Chargers (134747-12548)"
1634,3738351026,sparker417 (1/1),174.58,"QB C.J. Stroud (134747-129471), RB Derrick Henry (134747-39280), RB David Montgomery (134747-73273), WR Nico Collins (134747-91419), WR Tee Higgins (134747-89981), WR Michael Wilson (134747-89612), TE T.J. Hockenson (134747-71706), RB Kenneth Walker III (134747-103342), D Chicago Bears (134747-12527)"
1634,3738091690,bendogg705 (15/150),174.58,"QB C.J. Stroud (134747-129471), RB Aaron Jones Sr. (134747-40442), RB Jeremiyah Love (134747-188171), WR CeeDee Lamb (134747-86631), WR Nico Collins (134747-91419), WR Michael Wilson (134747-89612), TE Mark Andrews (134747-52436), RB Kenneth Walker III (134747-103342), D Buffalo Bills (134747-12526)"
1634,3738128350,grantgoupil (143/150),174.58,"QB C.J. Stroud (134747-129471), RB Rhamondre Stevenson (134747-111540), RB Cam Skattebo (134747-183240), WR Nico Collins (134747-91419), WR Tee Higgins (134747-89981), WR Jaylen Waddle (134747-90573), TE Brock Bowers (134747-151794), RB Kenneth Walker III (134747-103342), D Chicago Bears (134747-12527)"
1634,3739137028,uglydog0105 (82/150),174.58,"QB C.J. Stroud (134747-129471), RB Javonte Williams (134747-93541), RB Tony Pollard (134747-63759), WR Garrett Wilson (134747-103564), WR Nico Collins (134747-91419), WR Luther Burden III (134747-166092), TE T.J. Hockenson (134747-71706), RB Kenneth Walker III (134747-103342), D Arizona Cardinals (134747-12546)"
1634,3739126074,touchdowntitan987 (71/150),174.58,"QB Jordan Love (134747-69017), RB Emanuel Wilson (134747-185861), RB Ashton Jeanty (134747-167031), WR CeeDee Lamb (134747-86631), WR Christian Watson (134747-169776), WR Zay Flowers (134747-112295), TE T.J. Hockenson (134747-71706), WR Tee Higgins (134747-89981), D Chicago Bears (134747-12527)"
1634,3737567463,bbake23 (18/150),174.58,"QB C.J. Stroud (134747-129471), RB Aaron Jones Sr. (134747-40442), RB Ashton Jeanty (134747-167031), WR Garrett Wilson (134747-103564), WR Nico Collins (134747-91419), WR Zay Flowers (134747-112295), TE T.J. Hockenson (134747-71706), RB Kenneth Walker III (134747-103342), D Los Angeles Chargers (134747-12548)"
1642,3736381370,xbigtimberx (81/150),174.56,"QB Drake Maye (134747-152316), RB Jeremiyah Love (134747-188171), RB Kenneth Walker III (134747-103342), WR Romeo Doubs (134747-94370), WR Tee Higgins (134747-89981), WR Nico Collins (134747-91419), TE Mark Andrews (134747-52436), RB Christian McCaffrey (134747-55050), D Chicago Bears (134747-12527)"
1642,3738969722,mjnavarro78 (73/150),174.56,"QB Drake Maye (134747-152316), RB Derrick Henry (134747-39280), RB Chase Brown (134747-89493), WR Nico Collins (134747-91419), WR CeeDee Lamb (134747-86631), WR Romeo Doubs (134747-94370), TE Travis Kelce (134747-33076), RB Emanuel Wilson (134747-185861), D Cincinnati Bengals (134747-12528)"
1644,3737043966,thomcole2882 (1/2),174.52,"QB Brock Purdy (134747-85607), RB Ollie Gordon II (134747-166112), RB Javonte Williams (134747-93541), WR Michael Wilson (134747-89612), WR Deebo Samuel Sr. (134747-56018), WR Tee Higgins (134747-89981), TE George Kittle (134747-39793), RB Kenneth Walker III (134747-103342), D Miami Dolphins (134747-12539)"
1644,3737044004,thomcole2882 (2/2),174.52,"QB Brock Purdy (134747-85607), RB Ollie Gordon II (134747-166112), RB Javonte Williams (134747-93541), WR Michael Wilson (134747-89612), WR Deebo Samuel Sr. (134747-56018), WR Tee Higgins (134747-89981), TE George Kittle (134747-39793), RB Kenneth Walker III (134747-103342), D Miami Dolphins (134747-12539)"
1646,3739225060,implayinforchubs22 (10/150),174.5,"QB Dak Prescott (134747-31716), RB Javonte Williams (134747-93541), RB Aaron Jones Sr. (134747-40442), WR CeeDee Lamb (134747-86631), WR George Pickens (134747-110246), WR Romeo Doubs (134747-94370), TE Mark Andrews (134747-52436), RB Emanuel Wilson (134747-185861), D Green Bay Packers (134747-12533)"
1646,3739102163,ac919 (97/150),174.5,"QB Dak Prescott (134747-31716), RB Braelon Allen (134747-158412), RB Javonte Williams (134747-93541), WR Malik Washington (134747-110974), WR CeeDee Lamb (134747-86631), WR Nico Collins (134747-91419), TE T.J. Hockenson (134747-71706), RB Derrick Henry (134747-39280), D Tampa Bay Buccaneers (134747-12551)"
1648,3736350044,pyrite (100/150),174.48,"QB C.J. Stroud (134747-129471), RB Kyren Williams (134747-104433), RB Ashton Jeanty (134747-167031), WR Quentin Johnston (134747-120639), WR Nico Collins (134747-91419), WR CeeDee Lamb (134747-86631), TE Tucker Kraft (134747-160303), WR Jaylen Waddle (134747-90573), D Tampa Bay Buccaneers (134747-12551)"
1648,3739425141,race_bannon (1/1),174.48,"QB Matthew Stafford (134747-6654), RB Tony Pollard (134747-63759), RB Rhamondre Stevenson (134747-111540), WR Puka Nacua (134747-103020), WR Nico Collins (134747-91419), WR Tee Higgins (134747-89981), TE Tucker Kraft (134747-160303), RB Kyren Williams (134747-104433), D New England Patriots (134747-12541)"
1648,3738484398,bballtrooper (93/150),174.48,"QB C.J. Stroud (134747-129471), RB James Cook III (134747-91626), RB Jeremiyah Love (134747-188171), WR Tee Higgins (134747-89981), WR CeeDee Lamb (134747-86631), WR Nico Collins (134747-91419), TE Brenton Strange (134747-103587), RB Aaron Jones Sr. (134747-40442), D Arizona Cardinals (134747-12546)"
1648,3738824311,scooternobeans (74/150),174.48,"QB C.J. Stroud (134747-129471), RB James Cook III (134747-91626), RB David Montgomery (134747-73273), WR CeeDee Lamb (134747-86631), WR Nico Collins (134747-91419), WR Tee Higgins (134747-89981), TE T.J. Hockenson (134747-71706), RB Bhayshul Tuten (134747-160620), D Chicago Bears (134747-12527)"
1648,3738951111,eshoey33 (55/150),174.48,"QB C.J. Stroud (134747-129471), RB Braelon Allen (134747-158412), RB James Cook III (134747-91626), WR Luther Burden III (134747-166092), WR Nico Collins (134747-91419), WR CeeDee Lamb (134747-86631), TE T.J. Hockenson (134747-71706), RB Christian McCaffrey (134747-55050), D New York Giants (134747-12543)"
1648,3739142834,yold6 (8/150),174.48,"QB C.J. Stroud (134747-129471), RB Chase Brown (134747-89493), RB Aaron Jones Sr. (134747-40442), WR CeeDee Lamb (134747-86631), WR Nico Collins (134747-91419), WR Michael Wilson (134747-89612), TE T.J. Hockenson (134747-71706), RB Christian McCaffrey (134747-55050), D Tampa Bay Buccaneers (134747-12551)"
1648,3739206521,ombdurant (47/150),174.48,"QB C.J. Stroud (134747-129471), RB Aaron Jones Sr. (134747-40442), RB Bhayshul Tuten (134747-160620), WR Malik Nabers (134747-151761), WR CeeDee Lamb (134747-86631), WR Tee Higgins (134747-89981), TE Dalton Schultz (134747-55042), RB Kenneth Walker III (134747-103342), D New York Jets (134747-12544)"
1648,3737453429,zachblankenship (27/150),174.48,"QB Lamar Jackson (134747-63115), RB Kenneth Walker III (134747-103342), RB Aaron Jones Sr. (134747-40442), WR Tee Higgins (134747-89981), WR Zay Flowers (134747-112295), WR Luther Burden III (134747-166092), TE George Kittle (134747-39793), WR Carnell Tate (134747-183756), D New York Giants (134747-12543)"
1656,3739569448,johnny_g (37/150),174.42,"QB Josh Allen (134747-62239), RB Emanuel Wilson (134747-185861), RB Kenneth Walker III (134747-103342), WR Nico Collins (134747-91419), WR Zay Flowers (134747-112295), WR Jordan Addison (134747-129210), TE Mark Andrews (134747-52436), TE Brock Bowers (134747-151794), D New York Jets (134747-12544)"
1656,3738951481,jblack773 (121/150),174.42,"QB Joe Burrow (134747-63336), RB Kenneth Walker III (134747-103342), RB Kyren Williams (134747-104433), WR Isaiah Williams (134747-112041), WR Tee Higgins (134747-89981), WR Kalif Raymond (134747-70422), TE T.J. Hockenson (134747-71706), WR Jaxon Smith-Njigba (134747-129458), D Arizona Cardinals (134747-12546)"
1656,3736319779,maxthemin (4/150),174.42,"QB Joe Burrow (134747-63336), RB Braelon Allen (134747-158412), RB Aaron Jones Sr. (134747-40442), WR Puka Nacua (134747-103020), WR Tee Higgins (134747-89981), WR Michael Wilson (134747-89612), TE T.J. Hockenson (134747-71706), RB Kenneth Walker III (134747-103342), D Los Angeles Rams (134747-12538)"
1659,3739102185,ac919 (111/150),174.4,"QB Dak Prescott (134747-31716), RB Braelon Allen (134747-158412), RB Javonte Williams (134747-93541), WR Carnell Tate (134747-183756), WR CeeDee Lamb (134747-86631), WR Nico Collins (134747-91419), TE Mark Andrews (134747-52436), RB Christian McCaffrey (134747-55050), D Tampa Bay Buccaneers (134747-12551)"
1659,3738957218,troyo56 (98/150),174.4,"QB Jameis Winston (134747-24849), RB Cam Skattebo (134747-183240), RB Kenneth Walker III (134747-103342), WR Nico Collins (134747-91419), WR Zay Flowers (134747-112295), WR Malik Nabers (134747-151761), TE Brock Bowers (134747-151794), WR Michael Wilson (134747-89612), D Miami Dolphins (134747-12539)"
1659,3736422151,shadyobsession (16/24),174.4,"QB Jameis Winston (134747-24849), RB Jeremiyah Love (134747-188171), RB Aaron Jones Sr. (134747-40442), WR CeeDee Lamb (134747-86631), WR Tee Higgins (134747-89981), WR Puka Nacua (134747-103020), TE Isaiah Likely (134747-87260), WR Nico Collins (134747-91419), D Chicago Bears (134747-12527)"
1662,3737205728,wsdp (1/150),174.38,"QB C.J. Stroud (134747-129471), RB Jeremiyah Love (134747-188171), RB Tony Pollard (134747-63759), WR CeeDee Lamb (134747-86631), WR Nico Collins (134747-91419), WR Zay Flowers (134747-112295), TE Brock Bowers (134747-151794), RB Aaron Jones Sr. (134747-40442), D Chicago Bears (134747-12527)"
1662,3736963086,gregv28 (44/150),174.38,"QB C.J. Stroud (134747-129471), RB Javonte Williams (134747-93541), RB Bhayshul Tuten (134747-160620), WR CeeDee Lamb (134747-86631), WR Christian Watson (134747-169776), WR Nico Collins (134747-91419), TE T.J. Hockenson (134747-71706), RB Braelon Allen (134747-158412), D Minnesota Vikings (134747-12540)"
1662,3739840044,vish9 (10/14),174.38,"QB C.J. Stroud (134747-129471), RB James Cook III (134747-91626), RB Braelon Allen (134747-158412), WR CeeDee Lamb (134747-86631), WR Nico Collins (134747-91419), WR Jordan Addison (134747-129210), TE Brock Bowers (134747-151794), RB Emanuel Wilson (134747-185861), D Arizona Cardinals (134747-12546)"
1662,3739828647,likeajob (1/1),174.38,"QB C.J. Stroud (134747-129471), RB Christian McCaffrey (134747-55050), RB Emanuel Wilson (134747-185861), WR CeeDee Lamb (134747-86631), WR Zay Flowers (134747-112295), WR Malik Nabers (134747-151761), TE Dalton Schultz (134747-55042), TE Brock Bowers (134747-151794), D Tampa Bay Buccaneers (134747-12551)"
1662,3737966780,thinkdustin (86/150),174.38,"QB C.J. Stroud (134747-129471), RB Cam Skattebo (134747-183240), RB Kenneth Walker III (134747-103342), WR Mike Evans (134747-32384), WR Nico Collins (134747-91419), WR Tee Higgins (134747-89981), TE Brenton Strange (134747-103587), WR Malik Nabers (134747-151761), D Chicago Bears (134747-12527)"
1662,3737002398,bama2448 (30/150),174.38,"QB C.J. Stroud (134747-129471), RB Aaron Jones Sr. (134747-40442), RB Kenneth Walker III (134747-103342), WR Nico Collins (134747-91419), WR CeeDee Lamb (134747-86631), WR Malik Washington (134747-110974), TE Dalton Schultz (134747-55042), TE Brock Bowers (134747-151794), D New England Patriots (134747-12541)"
1662,3738479026,aguabridge (2/12),174.38,"QB C.J. Stroud (134747-129471), RB Kenneth Walker III (134747-103342), RB Braelon Allen (134747-158412), WR Nico Collins (134747-91419), WR CeeDee Lamb (134747-86631), WR Michael Wilson (134747-89612), TE Brenton Strange (134747-103587), WR Jordan Addison (134747-129210), D Minnesota Vikings (134747-12540)"
1662,3737203036,jessicad9582 (1/1),174.38,"QB C.J. Stroud (134747-129471), RB Jeremiyah Love (134747-188171), RB Kyren Williams (134747-104433), WR Michael Wilson (134747-89612), WR CeeDee Lamb (134747-86631), WR Nico Collins (134747-91419), TE Tyler Higbee (134747-47870), RB James Cook III (134747-91626), D Chicago Bears (134747-12527)"
1662,3738847798,snowman0809 (37/150),174.38,"QB C.J. Stroud (134747-129471), RB Derrick Henry (134747-39280), RB Aaron Jones Sr. (134747-40442), WR George Pickens (134747-110246), WR Nico Collins (134747-91419), WR Carnell Tate (134747-183756), TE T.J. Hockenson (134747-71706), RB Kenneth Walker III (134747-103342), D Tampa Bay Buccaneers (134747-12551)"
1662,3738168610,joshblond (82/150),174.38,"QB C.J. Stroud (134747-129471), RB Kyren Williams (134747-104433), RB Braelon Allen (134747-158412), WR Nico Collins (134747-91419), WR Carnell Tate (134747-183756), WR Jaxon Smith-Njigba (134747-129458), TE Isaiah Likely (134747-87260), RB Kenneth Walker III (134747-103342), D Tampa Bay Buccaneers (134747-12551)"
1672,3738290409,nupeone1 (40/79),174.32,"QB Joe Burrow (134747-63336), RB Emanuel Wilson (134747-185861), RB Braelon Allen (134747-158412), WR Ja'Marr Chase (134747-85701), WR Tee Higgins (134747-89981), WR CeeDee Lamb (134747-86631), TE Mike Gesicki (134747-56265), RB Kyren Williams (134747-104433), D Miami Dolphins (134747-12539)"
1672,3737612002,mxd333 (20/150),174.32,"QB Josh Allen (134747-62239), RB Aaron Jones Sr. (134747-40442), RB Jeremiyah Love (134747-188171), WR Zay Flowers (134747-112295), WR Tee Higgins (134747-89981), WR Malik Nabers (134747-151761), TE T.J. Hockenson (134747-71706), RB Kenneth Walker III (134747-103342), D Chicago Bears (134747-12527)"
1674,3739110983,elquatroloko (136/150),174.3,"QB Patrick Mahomes (134747-57439), RB Cam Skattebo (134747-183240), RB Ashton Jeanty (134747-167031), WR Nico Collins (134747-91419), WR Tyquan Thornton (134747-89220), WR Zay Flowers (134747-112295), TE Tucker Kraft (134747-160303), RB Kenneth Walker III (134747-103342), D Los Angeles Chargers (134747-12548)"
1674,3738070640,krazypsycho79 (5/16),174.3,"QB Dak Prescott (134747-31716), RB Kenneth Walker III (134747-103342), RB Ollie Gordon II (134747-166112), WR CeeDee Lamb (134747-86631), WR Malik Nabers (134747-151761), WR Rome Odunze (134747-120033), TE Jake Ferguson (134747-89680), WR Zay Flowers (134747-112295), D Dallas Cowboys (134747-12530)"
1674,3739535159,jsmoove17 (136/150),174.3,"QB Patrick Mahomes (134747-57439), RB Cam Skattebo (134747-183240), RB Ashton Jeanty (134747-167031), WR Nico Collins (134747-91419), WR Tyquan Thornton (134747-89220), WR Zay Flowers (134747-112295), TE Tucker Kraft (134747-160303), RB Kenneth Walker III (134747-103342), D Los Angeles Chargers (134747-12548)"
1677,3736350826,bvreeder (142/150),174.28,"QB C.J. Stroud (134747-129471), RB Ashton Jeanty (134747-167031), RB Aaron Jones Sr. (134747-40442), WR Matthew Golden (134747-166916), WR Nico Collins (134747-91419), WR George Pickens (134747-110246), TE T.J. Hockenson (134747-71706), RB Kenneth Walker III (134747-103342), D New York Giants (134747-12543)"
1677,3739686979,wvu50 (11/150),174.28,"QB C.J. Stroud (134747-129471), RB Bhayshul Tuten (134747-160620), RB Aaron Jones Sr. (134747-40442), WR Nico Collins (134747-91419), WR Zay Flowers (134747-112295), WR Tee Higgins (134747-89981), TE Dalton Kincaid (134747-145558), WR CeeDee Lamb (134747-86631), D Chicago Bears (134747-12527)"
1677,3738192557,starfox01 (15/150),174.28,"QB C.J. Stroud (134747-129471), RB Aaron Jones Sr. (134747-40442), RB Jeremiyah Love (134747-188171), WR Nico Collins (134747-91419), WR CeeDee Lamb (134747-86631), WR Matthew Golden (134747-166916), TE Brock Bowers (134747-151794), RB Emanuel Wilson (134747-185861), D Minnesota Vikings (134747-12540)"
1677,3738192582,starfox01 (35/150),174.28,"QB C.J. Stroud (134747-129471), RB Aaron Jones Sr. (134747-40442), RB Jeremiyah Love (134747-188171), WR Nico Collins (134747-91419), WR CeeDee Lamb (134747-86631), WR Matthew Golden (134747-166916), TE Brock Bowers (134747-151794), RB Emanuel Wilson (134747-185861), D Minnesota Vikings (134747-12540)"
1677,3738192610,starfox01 (55/150),174.28,"QB C.J. Stroud (134747-129471), RB Aaron Jones Sr. (134747-40442), RB Jeremiyah Love (134747-188171), WR Nico Collins (134747-91419), WR CeeDee Lamb (134747-86631), WR Matthew Golden (134747-166916), TE Brock Bowers (134747-151794), RB Emanuel Wilson (134747-185861), D Minnesota Vikings (134747-12540)"
1677,3738192637,starfox01 (75/150),174.28,"QB C.J. Stroud (134747-129471), RB Aaron Jones Sr. (134747-40442), RB Jeremiyah Love (134747-188171), WR Nico Collins (134747-91419), WR CeeDee Lamb (134747-86631), WR Matthew Golden (134747-166916), TE Brock Bowers (134747-151794), RB Emanuel Wilson (134747-185861), D Minnesota Vikings (134747-12540)"
1677,3738192666,starfox01 (95/150),174.28,"QB C.J. Stroud (134747-129471), RB Aaron Jones Sr. (134747-40442), RB Jeremiyah Love (134747-188171), WR Nico Collins (134747-91419), WR CeeDee Lamb (134747-86631), WR Matthew Golden (134747-166916), TE Brock Bowers (134747-151794), RB Emanuel Wilson (134747-185861), D Minnesota Vikings (134747-12540)"
1677,3738192693,starfox01 (115/150),174.28,"QB C.J. Stroud (134747-129471), RB Aaron Jones Sr. (134747-40442), RB Jeremiyah Love (134747-188171), WR Nico Collins (134747-91419), WR CeeDee Lamb (134747-86631), WR Matthew Golden (134747-166916), TE Brock Bowers (134747-151794), RB Emanuel Wilson (134747-185861), D Minnesota Vikings (134747-12540)"
1677,3738192725,starfox01 (135/150),174.28,"QB C.J. Stroud (134747-129471), RB Aaron Jones Sr. (134747-40442), RB Jeremiyah Love (134747-188171), WR Nico Collins (134747-91419), WR CeeDee Lamb (134747-86631), WR Matthew Golden (134747-166916), TE Brock Bowers (134747-151794), RB Emanuel Wilson (134747-185861), D Minnesota Vikings (134747-12540)"
1677,3738192740,starfox01 (148/150),174.28,"QB C.J. Stroud (134747-129471), RB Aaron Jones Sr. (134747-40442), RB Jeremiyah Love (134747-188171), WR Nico Collins (134747-91419), WR CeeDee Lamb (134747-86631), WR Matthew Golden (134747-166916), TE Brock Bowers (134747-151794), RB Emanuel Wilson (134747-185861), D Minnesota Vikings (134747-12540)"
1677,3738181869,uwant2bdaddy (5/150),174.28,"QB C.J. Stroud (134747-129471), RB Javonte Williams (134747-93541), RB Rhamondre Stevenson (134747-111540), WR Nico Collins (134747-91419), WR Zay Flowers (134747-112295), WR Jakobi Meyers (134747-63634), TE Dalton Kincaid (134747-145558), RB Kenneth Walker III (134747-103342), D Green Bay Packers (134747-12533)"
1677,3739808769,ibewazir (119/150),174.28,"QB C.J. Stroud (134747-129471), RB Kyren Williams (134747-104433), RB Cam Skattebo (134747-183240), WR Malik Washington (134747-110974), WR CeeDee Lamb (134747-86631), WR Nico Collins (134747-91419), TE George Kittle (134747-39793), RB Aaron Jones Sr. (134747-40442), D Los Angeles Chargers (134747-12548)"
1677,3739774193,jt3st (1/1),174.28,"QB C.J. Stroud (134747-129471), RB Kenneth Walker III (134747-103342), RB Kyren Williams (134747-104433), WR CeeDee Lamb (134747-86631), WR Nico Collins (134747-91419), WR Matthew Golden (134747-166916), TE Travis Kelce (134747-33076), WR Emeka Egbuka (134747-152655), D Tennessee Titans (134747-12534)"
1677,3738126445,sae262201 (85/150),174.28,"QB C.J. Stroud (134747-129471), RB Kenneth Walker III (134747-103342), RB Ashton Jeanty (134747-167031), WR CeeDee Lamb (134747-86631), WR Nico Collins (134747-91419), WR Carnell Tate (134747-183756), TE Dalton Schultz (134747-55042), RB J.K. Dobbins (134747-87787), D Miami Dolphins (134747-12539)"
1677,3739145397,miamifan01 (64/150),174.28,"QB Lamar Jackson (134747-63115), RB Braelon Allen (134747-158412), RB Aaron Jones Sr. (134747-40442), WR Nico Collins (134747-91419), WR Zay Flowers (134747-112295), WR Tee Higgins (134747-89981), TE Mark Andrews (134747-52436), RB Kenneth Walker III (134747-103342), D Arizona Cardinals (134747-12546)"
1677,3739145410,miamifan01 (70/150),174.28,"QB C.J. Stroud (134747-129471), RB Aaron Jones Sr. (134747-40442), RB Jeremiyah Love (134747-188171), WR George Pickens (134747-110246), WR Nico Collins (134747-91419), WR Zay Flowers (134747-112295), TE T.J. Hockenson (134747-71706), RB Kenneth Walker III (134747-103342), D Arizona Cardinals (134747-12546)"
1677,3738765356,tswift98 (141/150),174.28,"QB Lamar Jackson (134747-63115), RB Aaron Jones Sr. (134747-40442), RB Braelon Allen (134747-158412), WR Zay Flowers (134747-112295), WR Tee Higgins (134747-89981), WR Nico Collins (134747-91419), TE Mark Andrews (134747-52436), RB Kenneth Walker III (134747-103342), D Arizona Cardinals (134747-12546)"
1677,3736380856,kylerj (38/150),174.28,"QB C.J. Stroud (134747-129471), RB Braelon Allen (134747-158412), RB Javonte Williams (134747-93541), WR CeeDee Lamb (134747-86631), WR Michael Wilson (134747-89612), WR Nico Collins (134747-91419), TE Brock Bowers (134747-151794), RB Jeremiyah Love (134747-188171), D Arizona Cardinals (134747-12546)"
1677,3736380911,kylerj (88/150),174.28,"QB C.J. Stroud (134747-129471), RB Braelon Allen (134747-158412), RB Javonte Williams (134747-93541), WR CeeDee Lamb (134747-86631), WR Michael Wilson (134747-89612), WR Nico Collins (134747-91419), TE Brock Bowers (134747-151794), RB Jeremiyah Love (134747-188171), D Arizona Cardinals (134747-12546)"
1677,3736380969,kylerj (138/150),174.28,"QB C.J. Stroud (134747-129471), RB Braelon Allen (134747-158412), RB Javonte Williams (134747-93541), WR CeeDee Lamb (134747-86631), WR Michael Wilson (134747-89612), WR Nico Collins (134747-91419), TE Brock Bowers (134747-151794), RB Jeremiyah Love (134747-188171), D Arizona Cardinals (134747-12546)"
1677,3738844185,bajara9 (1/1),174.28,"QB C.J. Stroud (134747-129471), RB Kenneth Walker III (134747-103342), RB Kyle Monangai (134747-144102), WR CeeDee Lamb (134747-86631), WR Garrett Wilson (134747-103564), WR Matthew Golden (134747-166916), TE Brock Bowers (134747-151794), WR Wan'Dale Robinson (134747-103539), D Chicago Bears (134747-12527)"
1677,3738160579,boo_radley5 (125/150),174.28,"QB C.J. Stroud (134747-129471), RB Braelon Allen (134747-158412), RB Kenneth Walker III (134747-103342), WR Nico Collins (134747-91419), WR Zay Flowers (134747-112295), WR Jordan Addison (134747-129210), TE T.J. Hockenson (134747-71706), RB Christian McCaffrey (134747-55050), D Arizona Cardinals (134747-12546)"
1699,3739022661,packersarebad (29/145),174.26,"QB Drake Maye (134747-152316), RB Derrick Henry (134747-39280), RB Javonte Williams (134747-93541), WR Nico Collins (134747-91419), WR DJ Moore (134747-63043), WR Romeo Doubs (134747-94370), TE Brock Bowers (134747-151794), RB Emanuel Wilson (134747-185861), D Chicago Bears (134747-12527)"
1700,3739187657,bkshockers (68/150),174.22,"QB Joe Burrow (134747-63336), RB Jeremiyah Love (134747-188171), RB Aaron Jones Sr. (134747-40442), WR Nico Collins (134747-91419), WR Zay Flowers (134747-112295), WR Mack Hollins (134747-25267), TE T.J. Hockenson (134747-71706), RB Kenneth Walker III (134747-103342), D Minnesota Vikings (134747-12540)"
1701,3739491442,dannyb718 (1/1),174.2,"QB Dak Prescott (134747-31716), RB Kyren Williams (134747-104433), RB Jeremiyah Love (134747-188171), WR CeeDee Lamb (134747-86631), WR Nico Collins (134747-91419), WR Tee Higgins (134747-89981), TE Brenton Strange (134747-103587), WR Jordan Addison (134747-129210), D Miami Dolphins (134747-12539)"
1701,3737467586,tijuanamadman (84/150),174.2,"QB Dak Prescott (134747-31716), RB J.K. Dobbins (134747-87787), RB Jeremiyah Love (134747-188171), WR CeeDee Lamb (134747-86631), WR Michael Wilson (134747-89612), WR Nico Collins (134747-91419), TE T.J. Hockenson (134747-71706), RB Kenneth Walker III (134747-103342), D Chicago Bears (134747-12527)"
1701,3738457431,az350z (90/150),174.2,"QB Dak Prescott (134747-31716), RB Javonte Williams (134747-93541), RB Kenneth Walker III (134747-103342), WR CeeDee Lamb (134747-86631), WR Dontayvion Wicks (134747-110457), WR Nico Collins (134747-91419), TE Isaiah Likely (134747-87260), WR Tre Tucker (134747-103619), D Tampa Bay Buccaneers (134747-12551)"
1704,3739594787,macwack (56/150),174.18,"QB C.J. Stroud (134747-129471), RB Braelon Allen (134747-158412), RB Javonte Williams (134747-93541), WR Nico Collins (134747-91419), WR CeeDee Lamb (134747-86631), WR Zay Flowers (134747-112295), TE Dalton Schultz (134747-55042), RB Aaron Jones Sr. (134747-40442), D Buffalo Bills (134747-12526)"
1704,3739663094,masterpj (128/150),174.18,"QB C.J. Stroud (134747-129471), RB Derrick Henry (134747-39280), RB Kenneth Walker III (134747-103342), WR Nico Collins (134747-91419), WR Zay Flowers (134747-112295), WR Christian Watson (134747-169776), TE Isaiah Likely (134747-87260), TE T.J. Hockenson (134747-71706), D Chicago Bears (134747-12527)"
1704,3738917068,timz2015 (34/67),174.18,"QB C.J. Stroud (134747-129471), RB Derrick Henry (134747-39280), RB Kyren Williams (134747-104433), WR Nico Collins (134747-91419), WR Tee Higgins (134747-89981), WR Michael Wilson (134747-89612), TE Michael Mayer (134747-138998), RB Aaron Jones Sr. (134747-40442), D Chicago Bears (134747-12527)"
1704,3738829827,fortyozman (99/150),174.18,"QB C.J. Stroud (134747-129471), RB Javonte Williams (134747-93541), RB Aaron Jones Sr. (134747-40442), WR Nico Collins (134747-91419), WR Zay Flowers (134747-112295), WR Dontayvion Wicks (134747-110457), TE Colston Loveland (134747-166588), RB Kenneth Walker III (134747-103342), D Buffalo Bills (134747-12526)"
1704,3739172540,xxdomonatorsxx (16/150),174.18,"QB C.J. Stroud (134747-129471), RB Aaron Jones Sr. (134747-40442), RB Javonte Williams (134747-93541), WR Nico Collins (134747-91419), WR Zay Flowers (134747-112295), WR Jordan Addison (134747-129210), TE Dalton Schultz (134747-55042), RB Kenneth Walker III (134747-103342), D Chicago Bears (134747-12527)"
1704,3738759011,adammeave2 (1/1),174.18,"QB C.J. Stroud (134747-129471), RB Braelon Allen (134747-158412), RB Christian McCaffrey (134747-55050), WR Nico Collins (134747-91419), WR CeeDee Lamb (134747-86631), WR Zay Flowers (134747-112295), TE Brenton Strange (134747-103587), WR Michael Wilson (134747-89612), D Arizona Cardinals (134747-12546)"
1704,3738101961,pnh324 (126/150),174.18,"QB C.J. Stroud (134747-129471), RB Cam Skattebo (134747-183240), RB Aaron Jones Sr. (134747-40442), WR Nico Collins (134747-91419), WR Matthew Golden (134747-166916), WR CeeDee Lamb (134747-86631), TE T.J. Hockenson (134747-71706), RB Christian McCaffrey (134747-55050), D New York Giants (134747-12543)"
1704,3738243698,cjcashing (127/150),174.18,"QB C.J. Stroud (134747-129471), RB Aaron Jones Sr. (134747-40442), RB Javonte Williams (134747-93541), WR Nico Collins (134747-91419), WR Zay Flowers (134747-112295), WR Jordan Addison (134747-129210), TE Dalton Schultz (134747-55042), RB Kenneth Walker III (134747-103342), D Chicago Bears (134747-12527)"
1704,3737555566,cbake27 (62/150),174.18,"QB C.J. Stroud (134747-129471), RB Jeremiyah Love (134747-188171), RB Cam Skattebo (134747-183240), WR CeeDee Lamb (134747-86631), WR Nico Collins (134747-91419), WR Jordan Addison (134747-129210), TE T.J. Hockenson (134747-71706), RB Kenneth Walker III (134747-103342), D Chicago Bears (134747-12527)"
1713,3738317304,unworthycard (19/150),174.14,"QB Jacoby Brissett (134747-30231), RB Cam Skattebo (134747-183240), RB Braelon Allen (134747-158412), WR CeeDee Lamb (134747-86631), WR Nico Collins (134747-91419), WR Michael Wilson (134747-89612), TE T.J. Hockenson (134747-71706), RB Kenneth Walker III (134747-103342), D Seattle Seahawks (134747-12550)"
1714,3737966776,thinkdustin (85/150),174.12,"QB Joe Burrow (134747-63336), RB Kenneth Walker III (134747-103342), RB Chase Brown (134747-89493), WR CeeDee Lamb (134747-86631), WR Tee Higgins (134747-89981), WR Malik Washington (134747-110974), TE Isaiah Likely (134747-87260), RB Aaron Jones Sr. (134747-40442), D Los Angeles Chargers (134747-12548)"
1714,3738269783,sharkytank (58/150),174.12,"QB Joe Burrow (134747-63336), RB Kenneth Walker III (134747-103342), RB Ashton Jeanty (134747-167031), WR Nico Collins (134747-91419), WR Tee Higgins (134747-89981), WR Michael Wilson (134747-89612), TE Isaiah Likely (134747-87260), RB Aaron Jones Sr. (134747-40442), D Cincinnati Bengals (134747-12528)"
1714,3739172652,xxdomonatorsxx (55/150),174.12,"QB Joe Burrow (134747-63336), RB Kenneth Walker III (134747-103342), RB Aaron Jones Sr. (134747-40442), WR Ja'Marr Chase (134747-85701), WR Nico Collins (134747-91419), WR Tee Higgins (134747-89981), TE Isaiah Likely (134747-87260), TE T.J. Hockenson (134747-71706), D Chicago Bears (134747-12527)"
1714,3737057947,ason89 (139/150),174.12,"QB Tyson Bagent (134747-185776), RB Emanuel Wilson (134747-185861), RB Kyren Williams (134747-104433), WR Malik Nabers (134747-151761), WR Jaylen Waddle (134747-90573), WR Jaxon Smith-Njigba (134747-129458), TE T.J. Hockenson (134747-71706), RB Kenneth Walker III (134747-103342), D Chicago Bears (134747-12527)"
1714,3739421828,slimjimsteelerz (119/150),174.12,"QB Joe Burrow (134747-63336), RB Chase Brown (134747-89493), RB Tony Pollard (134747-63759), WR CeeDee Lamb (134747-86631), WR Tee Higgins (134747-89981), WR Matthew Golden (134747-166916), TE Mark Andrews (134747-52436), RB Kenneth Walker III (134747-103342), D Miami Dolphins (134747-12539)"
1719,3738081301,kapsi711 (1/1),174.1,"QB Kirk Cousins (134747-22038), RB Bhayshul Tuten (134747-160620), RB Kyle Monangai (134747-144102), WR CeeDee Lamb (134747-86631), WR Zay Flowers (134747-112295), WR Tre Tucker (134747-103619), TE Travis Kelce (134747-33076), RB Kenneth Walker III (134747-103342), D Buffalo Bills (134747-12526)"
1719,3739775303,thomasrizzo (16/150),174.1,"QB Dak Prescott (134747-31716), RB Braelon Allen (134747-158412), RB Javonte Williams (134747-93541), WR Nico Collins (134747-91419), WR CeeDee Lamb (134747-86631), WR Malik Washington (134747-110974), TE T.J. Hockenson (134747-71706), RB Christian McCaffrey (134747-55050), D Tampa Bay Buccaneers (134747-12551)"
1719,3739527411,wheezyd (60/150),174.1,"QB Jameis Winston (134747-24849), RB Kenneth Walker III (134747-103342), RB Javonte Williams (134747-93541), WR Jaxon Smith-Njigba (134747-129458), WR Malik Nabers (134747-151761), WR Nico Collins (134747-91419), TE Isaiah Likely (134747-87260), TE Mark Andrews (134747-52436), D Chicago Bears (134747-12527)"
1719,3739036489,thebrokedreamer (1/1),174.1,"QB Dak Prescott (134747-31716), RB Kyle Monangai (134747-144102), RB Christian McCaffrey (134747-55050), WR CeeDee Lamb (134747-86631), WR Jordan Addison (134747-129210), WR Tee Higgins (134747-89981), TE Mike Gesicki (134747-56265), TE T.J. Hockenson (134747-71706), D Minnesota Vikings (134747-12540)"
1719,3739297769,omar1450 (47/100),174.1,"QB Kirk Cousins (134747-22038), RB Jeremiyah Love (134747-188171), RB James Cook III (134747-91626), WR Tee Higgins (134747-89981), WR CeeDee Lamb (134747-86631), WR Tre Tucker (134747-103619), TE T.J. Hockenson (134747-71706), RB Kenneth Walker III (134747-103342), D Tampa Bay Buccaneers (134747-12551)"
1719,3739584624,boodah1069 (78/150),174.1,"QB Patrick Mahomes (134747-57439), RB Aaron Jones Sr. (134747-40442), RB Kenneth Walker III (134747-103342), WR Michael Wilson (134747-89612), WR Tee Higgins (134747-89981), WR CeeDee Lamb (134747-86631), TE T.J. Hockenson (134747-71706), TE Travis Kelce (134747-33076), D Seattle Seahawks (134747-12550)"
1725,3738737167,sploush (115/150),174.08,"QB C.J. Stroud (134747-129471), RB Derrick Henry (134747-39280), RB Chase Brown (134747-89493), WR Nico Collins (134747-91419), WR Michael Wilson (134747-89612), WR CeeDee Lamb (134747-86631), TE T.J. Hockenson (134747-71706), RB Tony Pollard (134747-63759), D Chicago Bears (134747-12527)"
1725,3738497673,nmondor (41/150),174.08,"QB C.J. Stroud (134747-129471), RB Jeremiyah Love (134747-188171), RB Javonte Williams (134747-93541), WR Puka Nacua (134747-103020), WR Nico Collins (134747-91419), WR Zay Flowers (134747-112295), TE Isaiah Likely (134747-87260), RB Aaron Jones Sr. (134747-40442), D Chicago Bears (134747-12527)"
1725,3739513272,volstarz (112/150),174.08,"QB C.J. Stroud (134747-129471), RB Derrick Henry (134747-39280), RB Javonte Williams (134747-93541), WR CeeDee Lamb (134747-86631), WR Nico Collins (134747-91419), WR Mack Hollins (134747-25267), TE Dalton Schultz (134747-55042), RB Emanuel Wilson (134747-185861), D Cincinnati Bengals (134747-12528)"
1725,3738845295,jeffylube (36/150),174.08,"QB Kyler Murray (134747-63484), RB Aaron Jones Sr. (134747-40442), RB Christian McCaffrey (134747-55050), WR Nico Collins (134747-91419), WR Tee Higgins (134747-89981), WR Carnell Tate (134747-183756), TE T.J. Hockenson (134747-71706), RB Kenneth Walker III (134747-103342), D Buffalo Bills (134747-12526)"
1725,3739580723,mtschmidt84 (144/150),174.08,"QB C.J. Stroud (134747-129471), RB D'Andre Swift (134747-91598), RB Aaron Jones Sr. (134747-40442), WR CeeDee Lamb (134747-86631), WR Nico Collins (134747-91419), WR Matthew Golden (134747-166916), TE Isaiah Likely (134747-87260), RB Kenneth Walker III (134747-103342), D Chicago Bears (134747-12527)"
1725,3738985656,z0neblitz (43/150),174.08,"QB C.J. Stroud (134747-129471), RB Kenneth Walker III (134747-103342), RB Aaron Jones Sr. (134747-40442), WR Nico Collins (134747-91419), WR Tee Higgins (134747-89981), WR Zay Flowers (134747-112295), TE Dalton Schultz (134747-55042), RB Chase Brown (134747-89493), D Tampa Bay Buccaneers (134747-12551)"
1725,3739042416,nygfan128 (135/150),174.08,"QB C.J. Stroud (134747-129471), RB Chase Brown (134747-89493), RB Kenneth Walker III (134747-103342), WR Luther Burden III (134747-166092), WR Zay Flowers (134747-112295), WR Jordan Addison (134747-129210), TE T.J. Hockenson (134747-71706), WR Nico Collins (134747-91419), D Minnesota Vikings (134747-12540)"
1725,3739225947,coachbbenton (25/150),174.08,"QB C.J. Stroud (134747-129471), RB Aaron Jones Sr. (134747-40442), RB Kenneth Walker III (134747-103342), WR CeeDee Lamb (134747-86631), WR Nico Collins (134747-91419), WR Malik Nabers (134747-151761), TE Kenyon Sadiq (134747-184873), RB George Holani (134747-114231), D Minnesota Vikings (134747-12540)"
1725,3739776159,thomasrizzo (110/150),174.08,"QB C.J. Stroud (134747-129471), RB Javonte Williams (134747-93541), RB Aaron Jones Sr. (134747-40442), WR Zay Flowers (134747-112295), WR Nico Collins (134747-91419), WR Matthew Golden (134747-166916), TE Tucker Kraft (134747-160303), TE Brock Bowers (134747-151794), D Minnesota Vikings (134747-12540)"
1725,3736436919,cbms36 (72/150),174.08,"QB C.J. Stroud (134747-129471), RB Chase Brown (134747-89493), RB Aaron Jones Sr. (134747-40442), WR Nico Collins (134747-91419), WR Tee Higgins (134747-89981), WR Zay Flowers (134747-112295), TE Dalton Schultz (134747-55042), RB Kenneth Walker III (134747-103342), D Tampa Bay Buccaneers (134747-12551)"
1725,3736436970,cbms36 (113/150),174.08,"QB C.J. Stroud (134747-129471), RB Chase Brown (134747-89493), RB Derrick Henry (134747-39280), WR Tee Higgins (134747-89981), WR Nico Collins (134747-91419), WR Zay Flowers (134747-112295), TE T.J. Hockenson (134747-71706), RB Aaron Jones Sr. (134747-40442), D Cincinnati Bengals (134747-12528)"
1725,3737602276,sirchosen (110/150),174.08,"QB Kyler Murray (134747-63484), RB Jeremiyah Love (134747-188171), RB Aaron Jones Sr. (134747-40442), WR Malik Nabers (134747-151761), WR Carnell Tate (134747-183756), WR CeeDee Lamb (134747-86631), TE T.J. Hockenson (134747-71706), RB Kenneth Walker III (134747-103342), D Minnesota Vikings (134747-12540)"
1725,3737457680,bigal717 (123/150),174.08,"QB C.J. Stroud (134747-129471), RB Jeremiyah Love (134747-188171), RB Derrick Henry (134747-39280), WR Zay Flowers (134747-112295), WR Carnell Tate (134747-183756), WR Nico Collins (134747-91419), TE Mark Andrews (134747-52436), WR CeeDee Lamb (134747-86631), D Tampa Bay Buccaneers (134747-12551)"
1725,3739142921,yold6 (56/150),174.08,"QB C.J. Stroud (134747-129471), RB Chase Brown (134747-89493), RB Braelon Allen (134747-158412), WR CeeDee Lamb (134747-86631), WR Nico Collins (134747-91419), WR Tee Higgins (134747-89981), TE Brock Bowers (134747-151794), RB Aaron Jones Sr. (134747-40442), D Cincinnati Bengals (134747-12528)"
1725,3738091821,bendogg705 (138/150),174.08,"QB C.J. Stroud (134747-129471), RB Aaron Jones Sr. (134747-40442), RB Chase Brown (134747-89493), WR Puka Nacua (134747-103020), WR Nico Collins (134747-91419), WR Dontayvion Wicks (134747-110457), TE T.J. Hockenson (134747-71706), RB Kenneth Walker III (134747-103342), D Tampa Bay Buccaneers (134747-12551)"
1725,3737021664,eliminators1234 (1/1),174.08,"QB Trevor Lawrence (134747-89951), RB Kenneth Walker III (134747-103342), RB Ashton Jeanty (134747-167031), WR CeeDee Lamb (134747-86631), WR Tee Higgins (134747-89981), WR Romeo Doubs (134747-94370), TE George Kittle (134747-39793), TE Mark Andrews (134747-52436), D Miami Dolphins (134747-12539)"
1725,3739597099,alexanderotero (58/110),174.08,"QB C.J. Stroud (134747-129471), RB Javonte Williams (134747-93541), RB Aaron Jones Sr. (134747-40442), WR Nico Collins (134747-91419), WR CeeDee Lamb (134747-86631), WR Makai Lemon (134747-183380), TE Dalton Schultz (134747-55042), WR Tee Higgins (134747-89981), D Minnesota Vikings (134747-12540)"
1725,3737708162,brian2342 (111/150),174.08,"QB Kyler Murray (134747-63484), RB Kenneth Walker III (134747-103342), RB Cam Skattebo (134747-183240), WR CeeDee Lamb (134747-86631), WR Nico Collins (134747-91419), WR Jordan Addison (134747-129210), TE T.J. Hockenson (134747-71706), RB Emanuel Wilson (134747-185861), D Denver Broncos (134747-12531)"
1725,3739783719,bobosso (72/150),174.08,"QB C.J. Stroud (134747-129471), RB Braelon Allen (134747-158412), RB David Montgomery (134747-73273), WR CeeDee Lamb (134747-86631), WR Nico Collins (134747-91419), WR Jordan Addison (134747-129210), TE T.J. Hockenson (134747-71706), RB Kenneth Walker III (134747-103342), D Minnesota Vikings (134747-12540)"
1744,3739408010,atiger316kay (1/5),174.06,"QB Drake Maye (134747-152316), RB Kyren Williams (134747-104433), RB J.K. Dobbins (134747-87787), WR Tee Higgins (134747-89981), WR CeeDee Lamb (134747-86631), WR Romeo Doubs (134747-94370), TE Hunter Henry (134747-40845), RB Christian McCaffrey (134747-55050), D New England Patriots (134747-12541)"
1744,3739764038,atiger316kay (3/5),174.06,"QB Drake Maye (134747-152316), RB Kyren Williams (134747-104433), RB J.K. Dobbins (134747-87787), WR Tee Higgins (134747-89981), WR CeeDee Lamb (134747-86631), WR Romeo Doubs (134747-94370), TE Hunter Henry (134747-40845), RB Christian McCaffrey (134747-55050), D New England Patriots (134747-12541)"
1744,3738098418,bunkline (28/150),174.06,"QB Drake Maye (134747-152316), RB Kenneth Walker III (134747-103342), RB James Cook III (134747-91626), WR Puka Nacua (134747-103020), WR Nico Collins (134747-91419), WR Romeo Doubs (134747-94370), TE Isaiah Likely (134747-87260), WR Mack Hollins (134747-25267), D Los Angeles Chargers (134747-12548)"
1744,3737009870,zdat (1/1),174.06,"QB Drake Maye (134747-152316), RB Emanuel Wilson (134747-185861), RB Kenneth Walker III (134747-103342), WR Jordan Addison (134747-129210), WR Luther Burden III (134747-166092), WR Matthew Golden (134747-166916), TE Brock Bowers (134747-151794), RB Kyren Williams (134747-104433), D Seattle Seahawks (134747-12550)"
1748,3739410561,bradlygovek (42/80),174.02,"QB Joe Burrow (134747-63336), RB D'Andre Swift (134747-91598), RB Aaron Jones Sr. (134747-40442), WR Malik Nabers (134747-151761), WR Zay Flowers (134747-112295), WR Tee Higgins (134747-89981), TE Mike Gesicki (134747-56265), RB Kenneth Walker III (134747-103342), D Chicago Bears (134747-12527)"
1748,3738856238,mikelax18 (61/150),174.02,"QB Josh Allen (134747-62239), RB Kyren Williams (134747-104433), RB Kenneth Walker III (134747-103342), WR Jaxon Smith-Njigba (134747-129458), WR Quentin Johnston (134747-120639), WR Tyquan Thornton (134747-89220), TE Hunter Henry (134747-40845), RB Kyle Monangai (134747-144102), D Chicago Bears (134747-12527)"
1750,3738737154,sploush (109/150),174.0,"QB Jameis Winston (134747-24849), RB Kenneth Walker III (134747-103342), RB Rhamondre Stevenson (134747-111540), WR Michael Wilson (134747-89612), WR CeeDee Lamb (134747-86631), WR Malik Nabers (134747-151761), TE Brock Bowers (134747-151794), RB Cam Skattebo (134747-183240), D Chicago Bears (134747-12527)"
1750,3736426977,brock33 (9/24),174.0,"QB Dak Prescott (134747-31716), RB Aaron Jones Sr. (134747-40442), RB Emanuel Wilson (134747-185861), WR CeeDee Lamb (134747-86631), WR Tee Higgins (134747-89981), WR Nico Collins (134747-91419), TE Kenyon Sadiq (134747-184873), RB James Cook III (134747-91626), D Chicago Bears (134747-12527)"
1750,3738986860,fuzz988 (87/150),174.0,"QB Kirk Cousins (134747-22038), RB Ashton Jeanty (134747-167031), RB Emanuel Wilson (134747-185861), WR Puka Nacua (134747-103020), WR Nico Collins (134747-91419), WR Xavier Worthy (134747-158974), TE Mark Andrews (134747-52436), TE Brock Bowers (134747-151794), D Seattle Seahawks (134747-12550)"
1750,3738637086,thundar47 (26/31),174.0,"QB Dak Prescott (134747-31716), RB Braelon Allen (134747-158412), RB Kenneth Walker III (134747-103342), WR CeeDee Lamb (134747-86631), WR Matthew Golden (134747-166916), WR Nico Collins (134747-91419), TE T.J. Hockenson (134747-71706), RB Cam Skattebo (134747-183240), D Chicago Bears (134747-12527)"
1750,3737385182,silversurfervii (90/150),174.0,"QB Dak Prescott (134747-31716), RB Jeremiyah Love (134747-188171), RB Kenneth Walker III (134747-103342), WR Mack Hollins (134747-25267), WR Nico Collins (134747-91419), WR CeeDee Lamb (134747-86631), TE T.J. Hockenson (134747-71706), WR Matthew Golden (134747-166916), D Arizona Cardinals (134747-12546)"
1750,3738078938,trickdatreat (1/1),174.0,"QB Jameis Winston (134747-24849), RB Derrick Henry (134747-39280), RB Kyle Monangai (134747-144102), WR Zay Flowers (134747-112295), WR Jaxon Smith-Njigba (134747-129458), WR CeeDee Lamb (134747-86631), TE Mike Gesicki (134747-56265), TE T.J. Hockenson (134747-71706), D Miami Dolphins (134747-12539)"
1756,3738997779,assumepositiveintent (26/150),173.98,"QB C.J. Stroud (134747-129471), RB Braelon Allen (134747-158412), RB Aaron Jones Sr. (134747-40442), WR Dontayvion Wicks (134747-110457), WR Nico Collins (134747-91419), WR CeeDee Lamb (134747-86631), TE Brock Bowers (134747-151794), RB Kenneth Walker III (134747-103342), D New York Jets (134747-12544)"
1756,3737157196,maxtitles (46/150),173.98,"QB C.J. Stroud (134747-129471), RB Chase Brown (134747-89493), RB Cam Skattebo (134747-183240), WR Emeka Egbuka (134747-152655), WR CeeDee Lamb (134747-86631), WR Nico Collins (134747-91419), TE T.J. Hockenson (134747-71706), RB Kenneth Walker III (134747-103342), D Los Angeles Chargers (134747-12548)"
1756,3739447171,hugepizzamakers (41/150),173.98,"QB C.J. Stroud (134747-129471), RB Braelon Allen (134747-158412), RB Aaron Jones Sr. (134747-40442), WR Dontayvion Wicks (134747-110457), WR Nico Collins (134747-91419), WR CeeDee Lamb (134747-86631), TE Brock Bowers (134747-151794), RB Kenneth Walker III (134747-103342), D Tampa Bay Buccaneers (134747-12551)"
1756,3738296100,micvicious215 (123/150),173.98,"QB C.J. Stroud (134747-129471), RB Kenneth Walker III (134747-103342), RB Aaron Jones Sr. (134747-40442), WR Nico Collins (134747-91419), WR Matthew Golden (134747-166916), WR CeeDee Lamb (134747-86631), TE Dalton Schultz (134747-55042), WR Malik Washington (134747-110974), D Seattle Seahawks (134747-12550)"
1756,3738181901,uwant2bdaddy (35/150),173.98,"QB C.J. Stroud (134747-129471), RB Cam Skattebo (134747-183240), RB Rhamondre Stevenson (134747-111540), WR CeeDee Lamb (134747-86631), WR Nico Collins (134747-91419), WR Zay Flowers (134747-112295), TE George Kittle (134747-39793), WR Michael Wilson (134747-89612), D Los Angeles Rams (134747-12538)"
1756,3738580905,dovatronic (47/150),173.98,"QB Lamar Jackson (134747-63115), RB Kenneth Walker III (134747-103342), RB Rhamondre Stevenson (134747-111540), WR CeeDee Lamb (134747-86631), WR Tee Higgins (134747-89981), WR Luther Burden III (134747-166092), TE Jake Ferguson (134747-89680), WR Romeo Doubs (134747-94370), D Seattle Seahawks (134747-12550)"
1756,3738698967,chairwinsdfs (1/1),173.98,"QB C.J. Stroud (134747-129471), RB Kenneth Walker III (134747-103342), RB James Cook III (134747-91626), WR Nico Collins (134747-91419), WR Parker Washington (134747-137516), WR Tee Higgins (134747-89981), TE T.J. Hockenson (134747-71706), RB Aaron Jones Sr. (134747-40442), D Chicago Bears (134747-12527)"
1763,3739059479,alethia64 (89/140),173.96,"QB Drake Maye (134747-152316), RB Javonte Williams (134747-93541), RB Cam Skattebo (134747-183240), WR Mack Hollins (134747-25267), WR Tee Higgins (134747-89981), WR Nico Collins (134747-91419), TE Mark Andrews (134747-52436), RB Kenneth Walker III (134747-103342), D Los Angeles Rams (134747-12538)"
1764,3737511631,voltzwagon (65/150),173.92,"QB Joe Burrow (134747-63336), RB Braelon Allen (134747-158412), RB Kenneth Walker III (134747-103342), WR Nico Collins (134747-91419), WR Tee Higgins (134747-89981), WR Parker Washington (134747-137516), TE Brock Bowers (134747-151794), RB Emanuel Wilson (134747-185861), D New York Jets (134747-12544)"
1764,3738666429,caddiekev (61/150),173.92,"QB Joe Burrow (134747-63336), RB Braelon Allen (134747-158412), RB Emanuel Wilson (134747-185861), WR Nico Collins (134747-91419), WR Tee Higgins (134747-89981), WR Parker Washington (134747-137516), TE Brock Bowers (134747-151794), RB Kenneth Walker III (134747-103342), D New York Jets (134747-12544)"
1766,3739495333,tweezer847 (122/150),173.9,"QB Dak Prescott (134747-31716), RB Jeremiyah Love (134747-188171), RB Aaron Jones Sr. (134747-40442), WR CeeDee Lamb (134747-86631), WR Nico Collins (134747-91419), WR Jordan Addison (134747-129210), TE T.J. Hockenson (134747-71706), RB Kenneth Walker III (134747-103342), D Los Angeles Chargers (134747-12548)"
1766,3738182495,enniskar (128/150),173.9,"QB Dak Prescott (134747-31716), RB Aaron Jones Sr. (134747-40442), RB Jeremiyah Love (134747-188171), WR Jordan Addison (134747-129210), WR CeeDee Lamb (134747-86631), WR Nico Collins (134747-91419), TE T.J. Hockenson (134747-71706), RB Kenneth Walker III (134747-103342), D Los Angeles Chargers (134747-12548)"
1768,3737051841,mannynet (13/91),173.88,"QB Cam Ward (134747-168356), RB Kenneth Walker III (134747-103342), RB Christian McCaffrey (134747-55050), WR CeeDee Lamb (134747-86631), WR Zay Flowers (134747-112295), WR Carnell Tate (134747-183756), TE Mike Gesicki (134747-56265), WR Dontayvion Wicks (134747-110457), D New York Giants (134747-12543)"
1768,3738370923,iggles87 (62/150),173.88,"QB C.J. Stroud (134747-129471), RB Kyle Monangai (134747-144102), RB Bhayshul Tuten (134747-160620), WR Nico Collins (134747-91419), WR CeeDee Lamb (134747-86631), WR Wan'Dale Robinson (134747-103539), TE Brock Bowers (134747-151794), RB Jeremiyah Love (134747-188171), D Minnesota Vikings (134747-12540)"
1768,3737332203,flapnuggets (57/150),173.88,"QB C.J. Stroud (134747-129471), RB Aaron Jones Sr. (134747-40442), RB Braelon Allen (134747-158412), WR Tee Higgins (134747-89981), WR CeeDee Lamb (134747-86631), WR Puka Nacua (134747-103020), TE Trey McBride (134747-91750), RB Emanuel Wilson (134747-185861), D Chicago Bears (134747-12527)"
1768,3738843074,yankee5858 (2/3),173.88,"QB Lamar Jackson (134747-63115), RB Kyren Williams (134747-104433), RB Bucky Irving (134747-152664), WR CeeDee Lamb (134747-86631), WR Keon Coleman (134747-157467), WR Nico Collins (134747-91419), TE Mike Gesicki (134747-56265), WR Jaylen Waddle (134747-90573), D Los Angeles Chargers (134747-12548)"
1768,3737162883,mmurphy251 (1/1),173.88,"QB C.J. Stroud (134747-129471), RB Braelon Allen (134747-158412), RB Kenneth Walker III (134747-103342), WR Nico Collins (134747-91419), WR CeeDee Lamb (134747-86631), WR Malik Nabers (134747-151761), TE Kenyon Sadiq (134747-184873), WR Luther Burden III (134747-166092), D Green Bay Packers (134747-12533)"
1768,3739633640,s1xte6n (1/1),173.88,"QB C.J. Stroud (134747-129471), RB Jeremiyah Love (134747-188171), RB Emanuel Wilson (134747-185861), WR Nico Collins (134747-91419), WR Tee Higgins (134747-89981), WR Jordan Addison (134747-129210), TE George Kittle (134747-39793), RB Kyren Williams (134747-104433), D Minnesota Vikings (134747-12540)"
1768,3738899213,dolomagic (4/150),173.88,"QB C.J. Stroud (134747-129471), RB Rhamondre Stevenson (134747-111540), RB Christian McCaffrey (134747-55050), WR Nico Collins (134747-91419), WR Parker Washington (134747-137516), WR Zay Flowers (134747-112295), TE T.J. Hockenson (134747-71706), RB Kenneth Walker III (134747-103342), D Tampa Bay Buccaneers (134747-12551)"
1768,3738165730,esanta (1/1),173.88,"QB C.J. Stroud (134747-129471), RB Bhayshul Tuten (134747-160620), RB TreVeyon Henderson (134747-152647), WR CeeDee Lamb (134747-86631), WR Tee Higgins (134747-89981), WR Zay Flowers (134747-112295), TE Tucker Kraft (134747-160303), WR Malik Nabers (134747-151761), D Seattle Seahawks (134747-12550)"
1768,3739762844,robbystehlin (89/150),173.88,"QB C.J. Stroud (134747-129471), RB Derrick Henry (134747-39280), RB Cam Skattebo (134747-183240), WR Nico Collins (134747-91419), WR Tee Higgins (134747-89981), WR Malik Washington (134747-110974), TE T.J. Hockenson (134747-71706), RB Kenneth Walker III (134747-103342), D Chicago Bears (134747-12527)"
1768,3738432155,simivalleyswingers (24/150),173.88,"QB C.J. Stroud (134747-129471), RB Javonte Williams (134747-93541), RB Kenneth Walker III (134747-103342), WR Matthew Golden (134747-166916), WR Nico Collins (134747-91419), WR Tee Higgins (134747-89981), TE Dalton Schultz (134747-55042), WR Jaylen Waddle (134747-90573), D Chicago Bears (134747-12527)"
1778,3738818174,ronking198 (79/150),173.86,"QB Drake Maye (134747-152316), RB Javonte Williams (134747-93541), RB Aaron Jones Sr. (134747-40442), WR DJ Moore (134747-63043), WR Nico Collins (134747-91419), WR Mack Hollins (134747-25267), TE T.J. Hockenson (134747-71706), RB Kenneth Walker III (134747-103342), D Arizona Cardinals (134747-12546)"
1779,3739667788,uptowncornbread (79/150),173.82,"QB Joe Burrow (134747-63336), RB D'Andre Swift (134747-91598), RB Derrick Henry (134747-39280), WR Carnell Tate (134747-183756), WR Tee Higgins (134747-89981), WR Romeo Doubs (134747-94370), TE T.J. Hockenson (134747-71706), RB Kenneth Walker III (134747-103342), D Houston Texans (134747-12556)"
1780,3738739736,steven_1974 (25/150),173.78,"QB C.J. Stroud (134747-129471), RB Bhayshul Tuten (134747-160620), RB Kenneth Walker III (134747-103342), WR Malik Washington (134747-110974), WR Zay Flowers (134747-112295), WR Nico Collins (134747-91419), TE Brock Bowers (134747-151794), TE George Kittle (134747-39793), D Chicago Bears (134747-12527)"
1780,3739081761,thejuggenautb (32/150),173.78,"QB C.J. Stroud (134747-129471), RB Cam Skattebo (134747-183240), RB Kenneth Walker III (134747-103342), WR Tee Higgins (134747-89981), WR Puka Nacua (134747-103020), WR Dontayvion Wicks (134747-110457), TE Tyler Higbee (134747-47870), WR Nico Collins (134747-91419), D New York Giants (134747-12543)"
1780,3738707683,jsst28 (61/150),173.78,"QB C.J. Stroud (134747-129471), RB Braelon Allen (134747-158412), RB Emanuel Wilson (134747-185861), WR Michael Wilson (134747-89612), WR Nico Collins (134747-91419), WR Puka Nacua (134747-103020), TE Trey McBride (134747-91750), RB Kenneth Walker III (134747-103342), D New York Jets (134747-12544)"
1780,3739436002,kingbick1994 (8/150),173.78,"QB C.J. Stroud (134747-129471), RB Chase Brown (134747-89493), RB Braelon Allen (134747-158412), WR Parker Washington (134747-137516), WR CeeDee Lamb (134747-86631), WR Nico Collins (134747-91419), TE T.J. Hockenson (134747-71706), RB Kenneth Walker III (134747-103342), D Los Angeles Chargers (134747-12548)"
1780,3739830550,irblack (100/132),173.78,"QB C.J. Stroud (134747-129471), RB Kenneth Walker III (134747-103342), RB Emanuel Wilson (134747-185861), WR Xavier Hutchinson (134747-119788), WR CeeDee Lamb (134747-86631), WR Nico Collins (134747-91419), TE Trey McBride (134747-91750), RB Jeremiyah Love (134747-188171), D Cincinnati Bengals (134747-12528)"
1780,3739768141,jashll2 (87/150),173.78,"QB C.J. Stroud (134747-129471), RB Kyren Williams (134747-104433), RB Bhayshul Tuten (134747-160620), WR Nico Collins (134747-91419), WR Tee Higgins (134747-89981), WR Jaylen Waddle (134747-90573), TE Brock Bowers (134747-151794), RB Aaron Jones Sr. (134747-40442), D Chicago Bears (134747-12527)"
1780,3739729664,jagzilla904 (24/143),173.78,"QB C.J. Stroud (134747-129471), RB Kenneth Walker III (134747-103342), RB Derrick Henry (134747-39280), WR Dontayvion Wicks (134747-110457), WR Kalif Raymond (134747-70422), WR CeeDee Lamb (134747-86631), TE T.J. Hockenson (134747-71706), WR Nico Collins (134747-91419), D Chicago Bears (134747-12527)"
1780,3737663702,pegs7 (1/1),173.78,"QB C.J. Stroud (134747-129471), RB Aaron Jones Sr. (134747-40442), RB Kyren Williams (134747-104433), WR Nico Collins (134747-91419), WR Michael Wilson (134747-89612), WR Zay Flowers (134747-112295), TE Tyler Higbee (134747-47870), RB Derrick Henry (134747-39280), D Arizona Cardinals (134747-12546)"
1780,3738629529,mookieguy (107/150),173.78,"QB C.J. Stroud (134747-129471), RB Aaron Jones Sr. (134747-40442), RB Kenneth Walker III (134747-103342), WR Tee Higgins (134747-89981), WR Michael Wilson (134747-89612), WR Luther Burden III (134747-166092), TE Brock Bowers (134747-151794), WR Nico Collins (134747-91419), D Tampa Bay Buccaneers (134747-12551)"
1780,3739732396,kaptainkrajew (23/150),173.78,"QB C.J. Stroud (134747-129471), RB Derrick Henry (134747-39280), RB Kenneth Walker III (134747-103342), WR Ryan Flournoy (134747-201233), WR Nico Collins (134747-91419), WR Matthew Golden (134747-166916), TE T.J. Hockenson (134747-71706), WR Zay Flowers (134747-112295), D Chicago Bears (134747-12527)"
1780,3739713578,thebabbler (16/39),173.78,"QB C.J. Stroud (134747-129471), RB Kenneth Walker III (134747-103342), RB James Cook III (134747-91626), WR Nico Collins (134747-91419), WR Tee Higgins (134747-89981), WR Malik Nabers (134747-151761), TE Travis Kelce (134747-33076), RB Aaron Jones Sr. (134747-40442), D Cincinnati Bengals (134747-12528)"
1780,3739829675,teerav15 (51/150),173.78,"QB C.J. Stroud (134747-129471), RB Christian McCaffrey (134747-55050), RB Chase Brown (134747-89493), WR Nico Collins (134747-91419), WR Zay Flowers (134747-112295), WR Ryan Flournoy (134747-201233), TE T.J. Hockenson (134747-71706), RB Kenneth Walker III (134747-103342), D Cincinnati Bengals (134747-12528)"
1780,3738854314,bryantronnie (85/150),173.78,"QB C.J. Stroud (134747-129471), RB James Cook III (134747-91626), RB Javonte Williams (134747-93541), WR Jaxon Smith-Njigba (134747-129458), WR Nico Collins (134747-91419), WR Carnell Tate (134747-183756), TE T.J. Hockenson (134747-71706), RB Aaron Jones Sr. (134747-40442), D Chicago Bears (134747-12527)"
1793,3738728110,mello610 (62/150),173.72,"QB Joe Burrow (134747-63336), RB Aaron Jones Sr. (134747-40442), RB Kenneth Walker III (134747-103342), WR Tee Higgins (134747-89981), WR Jaylen Waddle (134747-90573), WR Zay Flowers (134747-112295), TE Mark Andrews (134747-52436), TE Brock Bowers (134747-151794), D Chicago Bears (134747-12527)"
1794,3738617802,blair7890 (13/19),173.7,"QB Dak Prescott (134747-31716), RB D'Andre Swift (134747-91598), RB Javonte Williams (134747-93541), WR CeeDee Lamb (134747-86631), WR Tee Higgins (134747-89981), WR Kalif Raymond (134747-70422), TE T.J. Hockenson (134747-71706), RB Kenneth Walker III (134747-103342), D Las Vegas Raiders (134747-12537)"
1794,3738754838,ufgator1973 (135/150),173.7,"QB Dak Prescott (134747-31716), RB David Montgomery (134747-73273), RB Aaron Jones Sr. (134747-40442), WR George Pickens (134747-110246), WR CeeDee Lamb (134747-86631), WR Nico Collins (134747-91419), TE T.J. Hockenson (134747-71706), RB Emanuel Wilson (134747-185861), D Seattle Seahawks (134747-12550)"
1794,3739758531,ethanwright303 (3/3),173.7,"QB Dak Prescott (134747-31716), RB Emanuel Wilson (134747-185861), RB Ashton Jeanty (134747-167031), WR CeeDee Lamb (134747-86631), WR Quentin Johnston (134747-120639), WR Nico Collins (134747-91419), TE Travis Kelce (134747-33076), RB Kenneth Walker III (134747-103342), D New York Jets (134747-12544)"
1794,3739349084,nickmhc (40/150),173.7,"QB Patrick Mahomes (134747-57439), RB James Cook III (134747-91626), RB Aaron Jones Sr. (134747-40442), WR Nico Collins (134747-91419), WR Khalil Shakir (134747-86518), WR Tyquan Thornton (134747-89220), TE Brock Bowers (134747-151794), RB Kenneth Walker III (134747-103342), D Chicago Bears (134747-12527)"
1794,3739518725,tampateddy (97/150),173.7,"QB Dak Prescott (134747-31716), RB Kyren Williams (134747-104433), RB Braelon Allen (134747-158412), WR CeeDee Lamb (134747-86631), WR Nico Collins (134747-91419), WR Jordan Addison (134747-129210), TE Travis Kelce (134747-33076), RB Emanuel Wilson (134747-185861), D Seattle Seahawks (134747-12550)"
1794,3738581039,dovatronic (108/150),173.7,"QB Dak Prescott (134747-31716), RB Kenneth Walker III (134747-103342), RB Emanuel Wilson (134747-185861), WR Ja'Marr Chase (134747-85701), WR Nico Collins (134747-91419), WR Jaylen Waddle (134747-90573), TE T.J. Hockenson (134747-71706), WR Romeo Doubs (134747-94370), D Los Angeles Rams (134747-12538)"
1800,3739594589,macwack (11/150),173.68,"QB C.J. Stroud (134747-129471), RB Aaron Jones Sr. (134747-40442), RB Javonte Williams (134747-93541), WR Christian Watson (134747-169776), WR Nico Collins (134747-91419), WR Zay Flowers (134747-112295), TE Dalton Schultz (134747-55042), WR CeeDee Lamb (134747-86631), D Miami Dolphins (134747-12539)"
1800,3739169231,poopsammy (68/100),173.68,"QB C.J. Stroud (134747-129471), RB Chase Brown (134747-89493), RB George Holani (134747-114231), WR Luther Burden III (134747-166092), WR CeeDee Lamb (134747-86631), WR Nico Collins (134747-91419), TE Brock Bowers (134747-151794), RB Kenneth Walker III (134747-103342), D Tampa Bay Buccaneers (134747-12551)"
1800,3736443961,vinsanity12 (41/150),173.68,"QB C.J. Stroud (134747-129471), RB Javonte Williams (134747-93541), RB Kenneth Walker III (134747-103342), WR Nico Collins (134747-91419), WR Michael Wilson (134747-89612), WR Luther Burden III (134747-166092), TE Mark Andrews (134747-52436), RB Christian McCaffrey (134747-55050), D Chicago Bears (134747-12527)"
1800,3739737075,nafocnorb (6/150),173.68,"QB C.J. Stroud (134747-129471), RB D'Andre Swift (134747-91598), RB David Montgomery (134747-73273), WR CeeDee Lamb (134747-86631), WR Nico Collins (134747-91419), WR Jaylen Waddle (134747-90573), TE T.J. Hockenson (134747-71706), RB Kenneth Walker III (134747-103342), D Los Angeles Chargers (134747-12548)"
1800,3739142829,yold6 (6/150),173.68,"QB C.J. Stroud (134747-129471), RB Jeremiyah Love (134747-188171), RB Aaron Jones Sr. (134747-40442), WR CeeDee Lamb (134747-86631), WR Nico Collins (134747-91419), WR Jordan Addison (134747-129210), TE Mark Andrews (134747-52436), RB Kenneth Walker III (134747-103342), D Arizona Cardinals (134747-12546)"
1800,3739053821,runthebasesmlb (67/150),173.68,"QB C.J. Stroud (134747-129471), RB Aaron Jones Sr. (134747-40442), RB Christian McCaffrey (134747-55050), WR CeeDee Lamb (134747-86631), WR Nico Collins (134747-91419), WR Parker Washington (134747-137516), TE Mark Andrews (134747-52436), RB Emanuel Wilson (134747-185861), D New York Giants (134747-12543)"
1800,3739859287,woodguy71 (8/8),173.68,"QB C.J. Stroud (134747-129471), RB Kenneth Walker III (134747-103342), RB Kyle Monangai (134747-144102), WR Jordan Addison (134747-129210), WR Malik Nabers (134747-151761), WR DJ Moore (134747-63043), TE George Kittle (134747-39793), WR Tee Higgins (134747-89981), D Seattle Seahawks (134747-12550)"
1800,3739830163,teerav15 (94/150),173.68,"QB C.J. Stroud (134747-129471), RB D'Andre Swift (134747-91598), RB David Montgomery (134747-73273), WR CeeDee Lamb (134747-86631), WR Nico Collins (134747-91419), WR Jaylen Waddle (134747-90573), TE T.J. Hockenson (134747-71706), RB Kenneth Walker III (134747-103342), D Los Angeles Chargers (134747-12548)"
1800,3738854339,bryantronnie (100/150),173.68,"QB C.J. Stroud (134747-129471), RB Kenneth Walker III (134747-103342), RB Aaron Jones Sr. (134747-40442), WR Jaxon Smith-Njigba (134747-129458), WR Nico Collins (134747-91419), WR Michael Wilson (134747-89612), TE Tucker Kraft (134747-160303), RB Emanuel Wilson (134747-185861), D Chicago Bears (134747-12527)"
1800,3739858236,saladshooter0393 (56/60),173.68,"QB C.J. Stroud (134747-129471), RB Aaron Jones Sr. (134747-40442), RB James Cook III (134747-91626), WR Garrett Wilson (134747-103564), WR Nico Collins (134747-91419), WR Malik Nabers (134747-151761), TE T.J. Hockenson (134747-71706), RB Kenneth Walker III (134747-103342), D New York Jets (134747-12544)"
1810,3738402380,khay86 (18/150),173.62,"QB Joe Burrow (134747-63336), RB Christian McCaffrey (134747-55050), RB Aaron Jones Sr. (134747-40442), WR Nico Collins (134747-91419), WR Tee Higgins (134747-89981), WR Michael Wilson (134747-89612), TE Brock Bowers (134747-151794), RB Emanuel Wilson (134747-185861), D New York Jets (134747-12544)"
1810,3736964894,mucci193 (33/150),173.62,"QB Joe Burrow (134747-63336), RB D'Andre Swift (134747-91598), RB Aaron Jones Sr. (134747-40442), WR Tee Higgins (134747-89981), WR CeeDee Lamb (134747-86631), WR Romeo Doubs (134747-94370), TE T.J. Hockenson (134747-71706), RB Christian McCaffrey (134747-55050), D Chicago Bears (134747-12527)"
1810,3737348995,pjenis77 (4/5),173.62,"QB Joe Burrow (134747-63336), RB Kenneth Walker III (134747-103342), RB Kyle Monangai (134747-144102), WR CeeDee Lamb (134747-86631), WR Rashee Rice (134747-111311), WR Tee Higgins (134747-89981), TE Mike Gesicki (134747-56265), TE Travis Kelce (134747-33076), D Chicago Bears (134747-12527)"
1810,3737352814,tjskoog (35/150),173.62,"QB Joe Burrow (134747-63336), RB Kenneth Walker III (134747-103342), RB James Cook III (134747-91626), WR Zay Flowers (134747-112295), WR Makai Lemon (134747-183380), WR Tee Higgins (134747-89981), TE T.J. Hockenson (134747-71706), TE Brock Bowers (134747-151794), D Cincinnati Bengals (134747-12528)"
1810,3738732462,mathusek (3/7),173.62,"QB Joe Burrow (134747-63336), RB Bucky Irving (134747-152664), RB Kenneth Walker III (134747-103342), WR Tee Higgins (134747-89981), WR Matthew Golden (134747-166916), WR Mack Hollins (134747-25267), TE T.J. Hockenson (134747-71706), WR CeeDee Lamb (134747-86631), D Chicago Bears (134747-12527)"
1810,3738869241,nickster9084 (31/150),173.62,"QB Joe Burrow (134747-63336), RB James Cook III (134747-91626), RB Aaron Jones Sr. (134747-40442), WR Nico Collins (134747-91419), WR Tee Higgins (134747-89981), WR Rashid Shaheed (134747-170287), TE Isaiah Likely (134747-87260), RB Kenneth Walker III (134747-103342), D Los Angeles Rams (134747-12538)"
1810,3739467239,kinseygr (130/150),173.62,"QB Joe Burrow (134747-63336), RB Aaron Jones Sr. (134747-40442), RB Kenneth Walker III (134747-103342), WR Zay Flowers (134747-112295), WR Tee Higgins (134747-89981), WR Mack Hollins (134747-25267), TE T.J. Hockenson (134747-71706), RB Christian McCaffrey (134747-55050), D Tampa Bay Buccaneers (134747-12551)"
1810,3739816686,wyandottewinner80 (1/1),173.62,"QB Joe Burrow (134747-63336), RB Javonte Williams (134747-93541), RB Kenneth Walker III (134747-103342), WR Romeo Doubs (134747-94370), WR Puka Nacua (134747-103020), WR Tory Horton (134747-134837), TE Mark Andrews (134747-52436), WR Luther Burden III (134747-166092), D Minnesota Vikings (134747-12540)"
1810,3737424033,jrucker504 (4/150),173.62,"QB Brock Purdy (134747-85607), RB Braelon Allen (134747-158412), RB Kenneth Walker III (134747-103342), WR Nico Collins (134747-91419), WR Luther Burden III (134747-166092), WR Zay Flowers (134747-112295), TE T.J. Hockenson (134747-71706), TE George Kittle (134747-39793), D Seattle Seahawks (134747-12550)"
1810,3736858856,thephenix (27/150),173.62,"QB Josh Allen (134747-62239), RB Aaron Jones Sr. (134747-40442), RB Kenneth Walker III (134747-103342), WR Nico Collins (134747-91419), WR Zay Flowers (134747-112295), WR Tee Higgins (134747-89981), TE Dalton Kincaid (134747-145558), TE T.J. Hockenson (134747-71706), D Cincinnati Bengals (134747-12528)"
1820,3739398843,mikeys_down (124/150),173.6,"QB Dak Prescott (134747-31716), RB Cam Skattebo (134747-183240), RB Emanuel Wilson (134747-185861), WR CeeDee Lamb (134747-86631), WR Michael Wilson (134747-89612), WR Nico Collins (134747-91419), TE Mark Andrews (134747-52436), TE Brock Bowers (134747-151794), D Seattle Seahawks (134747-12550)"
1820,3738879124,fathud84 (2/5),173.6,"QB Dak Prescott (134747-31716), RB Kyren Williams (134747-104433), RB Javonte Williams (134747-93541), WR CeeDee Lamb (134747-86631), WR George Pickens (134747-110246), WR Nico Collins (134747-91419), TE Isaiah Likely (134747-87260), TE Dawson Knox (134747-64585), D Miami Dolphins (134747-12539)"
1820,3739394883,coolbro76 (51/150),173.6,"QB Dak Prescott (134747-31716), RB Kenneth Walker III (134747-103342), RB Jeremiyah Love (134747-188171), WR Malik Washington (134747-110974), WR Zay Flowers (134747-112295), WR CeeDee Lamb (134747-86631), TE T.J. Hockenson (134747-71706), TE Brock Bowers (134747-151794), D Los Angeles Chargers (134747-12548)"
1820,3739819727,brad8069 (19/150),173.6,"QB Dak Prescott (134747-31716), RB Braelon Allen (134747-158412), RB Kenneth Walker III (134747-103342), WR Tee Higgins (134747-89981), WR Michael Wilson (134747-89612), WR Nico Collins (134747-91419), TE George Kittle (134747-39793), RB Rhamondre Stevenson (134747-111540), D Seattle Seahawks (134747-12550)"
1820,3738576864,lates34 (31/150),173.6,"QB Dak Prescott (134747-31716), RB Javonte Williams (134747-93541), RB Tony Pollard (134747-63759), WR Nico Collins (134747-91419), WR CeeDee Lamb (134747-86631), WR Tee Higgins (134747-89981), TE Dalton Schultz (134747-55042), WR Deebo Samuel Sr. (134747-56018), D Los Angeles Chargers (134747-12548)"
1825,3739124798,good_times (4/150),173.58,"QB C.J. Stroud (134747-129471), RB Braelon Allen (134747-158412), RB Aaron Jones Sr. (134747-40442), WR Jaxon Smith-Njigba (134747-129458), WR Nico Collins (134747-91419), WR Zay Flowers (134747-112295), TE T.J. Hockenson (134747-71706), RB Kenneth Walker III (134747-103342), D Tampa Bay Buccaneers (134747-12551)"
1825,3737190249,edog917 (27/150),173.58,"QB C.J. Stroud (134747-129471), RB Braelon Allen (134747-158412), RB Aaron Jones Sr. (134747-40442), WR Jaxon Smith-Njigba (134747-129458), WR Nico Collins (134747-91419), WR Zay Flowers (134747-112295), TE T.J. Hockenson (134747-71706), RB Kenneth Walker III (134747-103342), D New York Jets (134747-12544)"
1825,3739491682,volstarz (91/150),173.58,"QB C.J. Stroud (134747-129471), RB James Cook III (134747-91626), RB Javonte Williams (134747-93541), WR Zay Flowers (134747-112295), WR Nico Collins (134747-91419), WR Dohnte Meyers (134747-241064), TE Brock Bowers (134747-151794), TE George Kittle (134747-39793), D Cincinnati Bengals (134747-12528)"
1825,3738932426,rjrusso (9/150),173.58,"QB C.J. Stroud (134747-129471), RB D'Andre Swift (134747-91598), RB Jeremiyah Love (134747-188171), WR Matthew Golden (134747-166916), WR CeeDee Lamb (134747-86631), WR Nico Collins (134747-91419), TE T.J. Hockenson (134747-71706), RB Kenneth Walker III (134747-103342), D Cincinnati Bengals (134747-12528)"
1825,3739511371,assman26 (59/150),173.58,"QB C.J. Stroud (134747-129471), RB D'Andre Swift (134747-91598), RB Kenneth Walker III (134747-103342), WR CeeDee Lamb (134747-86631), WR Nico Collins (134747-91419), WR Matthew Golden (134747-166916), TE Dalton Schultz (134747-55042), RB Emanuel Wilson (134747-185861), D Cincinnati Bengals (134747-12528)"
1825,3737491093,nemonopoly (123/150),173.58,"QB C.J. Stroud (134747-129471), RB Christian McCaffrey (134747-55050), RB Kenneth Walker III (134747-103342), WR Nico Collins (134747-91419), WR Zay Flowers (134747-112295), WR Luther Burden III (134747-166092), TE T.J. Hockenson (134747-71706), WR Ryan Flournoy (134747-201233), D Minnesota Vikings (134747-12540)"
1825,3739763143,jaker3 (10/150),173.58,"QB C.J. Stroud (134747-129471), RB Braelon Allen (134747-158412), RB Aaron Jones Sr. (134747-40442), WR Jaxon Smith-Njigba (134747-129458), WR Nico Collins (134747-91419), WR Zay Flowers (134747-112295), TE T.J. Hockenson (134747-71706), RB Kenneth Walker III (134747-103342), D Tampa Bay Buccaneers (134747-12551)"
1825,3739399282,mmmmmmmmmm (30/150),173.58,"QB C.J. Stroud (134747-129471), RB Aaron Jones Sr. (134747-40442), RB Javonte Williams (134747-93541), WR George Pickens (134747-110246), WR Tee Higgins (134747-89981), WR Nico Collins (134747-91419), TE T.J. Hockenson (134747-71706), RB Christian McCaffrey (134747-55050), D New York Jets (134747-12544)"
1825,3738368616,hhound8 (1/150),173.58,"QB C.J. Stroud (134747-129471), RB Aaron Jones Sr. (134747-40442), RB Kyren Williams (134747-104433), WR Wan'Dale Robinson (134747-103539), WR Christian Watson (134747-169776), WR Nico Collins (134747-91419), TE Brock Bowers (134747-151794), RB Kenneth Walker III (134747-103342), D Los Angeles Chargers (134747-12548)"
1825,3738677718,nitsud05 (33/150),173.58,"QB C.J. Stroud (134747-129471), RB Braelon Allen (134747-158412), RB Aaron Jones Sr. (134747-40442), WR Jaxon Smith-Njigba (134747-129458), WR Nico Collins (134747-91419), WR Zay Flowers (134747-112295), TE T.J. Hockenson (134747-71706), RB Kenneth Walker III (134747-103342), D New York Jets (134747-12544)"
1825,3738056429,jbank727 (21/103),173.58,"QB C.J. Stroud (134747-129471), RB Kenneth Walker III (134747-103342), RB Rhamondre Stevenson (134747-111540), WR Nico Collins (134747-91419), WR George Pickens (134747-110246), WR Romeo Doubs (134747-94370), TE Brock Bowers (134747-151794), TE George Kittle (134747-39793), D Los Angeles Rams (134747-12538)"
1825,3738056531,jbank727 (66/103),173.58,"QB C.J. Stroud (134747-129471), RB Kenneth Walker III (134747-103342), RB Rhamondre Stevenson (134747-111540), WR Nico Collins (134747-91419), WR George Pickens (134747-110246), WR Romeo Doubs (134747-94370), TE Brock Bowers (134747-151794), TE George Kittle (134747-39793), D Los Angeles Rams (134747-12538)"
1825,3737602204,sirchosen (71/150),173.58,"QB C.J. Stroud (134747-129471), RB Kenneth Walker III (134747-103342), RB Emanuel Wilson (134747-185861), WR Garrett Wilson (134747-103564), WR CeeDee Lamb (134747-86631), WR Nico Collins (134747-91419), TE Dalton Schultz (134747-55042), WR Luther Burden III (134747-166092), D Chicago Bears (134747-12527)"
1825,3738910829,onemanband17 (30/150),173.58,"QB C.J. Stroud (134747-129471), RB Braelon Allen (134747-158412), RB Aaron Jones Sr. (134747-40442), WR Jaxon Smith-Njigba (134747-129458), WR Nico Collins (134747-91419), WR Zay Flowers (134747-112295), TE T.J. Hockenson (134747-71706), RB Kenneth Walker III (134747-103342), D Tampa Bay Buccaneers (134747-12551)"
1825,3736387387,pimpthafunk (6/150),173.58,"QB C.J. Stroud (134747-129471), RB Braelon Allen (134747-158412), RB Aaron Jones Sr. (134747-40442), WR Jaxon Smith-Njigba (134747-129458), WR Nico Collins (134747-91419), WR Zay Flowers (134747-112295), TE T.J. Hockenson (134747-71706), RB Kenneth Walker III (134747-103342), D Tampa Bay Buccaneers (134747-12551)"
1825,3738125176,dennydiamonds (11/150),173.58,"QB C.J. Stroud (134747-129471), RB Braelon Allen (134747-158412), RB Aaron Jones Sr. (134747-40442), WR Jaxon Smith-Njigba (134747-129458), WR Nico Collins (134747-91419), WR Zay Flowers (134747-112295), TE T.J. Hockenson (134747-71706), RB Kenneth Walker III (134747-103342), D Tampa Bay Buccaneers (134747-12551)"
1825,3738782509,acetrone (11/150),173.58,"QB C.J. Stroud (134747-129471), RB Braelon Allen (134747-158412), RB Aaron Jones Sr. (134747-40442), WR Jaxon Smith-Njigba (134747-129458), WR Nico Collins (134747-91419), WR Zay Flowers (134747-112295), TE T.J. Hockenson (134747-71706), RB Kenneth Walker III (134747-103342), D Tampa Bay Buccaneers (134747-12551)"
1825,3739525128,milo_blanchard (139/150),173.58,"QB C.J. Stroud (134747-129471), RB Braelon Allen (134747-158412), RB Aaron Jones Sr. (134747-40442), WR Jaxon Smith-Njigba (134747-129458), WR Nico Collins (134747-91419), WR Zay Flowers (134747-112295), TE T.J. Hockenson (134747-71706), RB Kenneth Walker III (134747-103342), D Tampa Bay Buccaneers (134747-12551)"
1825,3739857663,saladshooter0393 (14/60),173.58,"QB C.J. Stroud (134747-129471), RB Braelon Allen (134747-158412), RB Aaron Jones Sr. (134747-40442), WR Jaxon Smith-Njigba (134747-129458), WR Nico Collins (134747-91419), WR Zay Flowers (134747-112295), TE T.J. Hockenson (134747-71706), RB Kenneth Walker III (134747-103342), D Tampa Bay Buccaneers (134747-12551)"
1844,3736381443,xbigtimberx (95/150),173.56,"QB Drake Maye (134747-152316), RB Braelon Allen (134747-158412), RB Aaron Jones Sr. (134747-40442), WR Tee Higgins (134747-89981), WR Nico Collins (134747-91419), WR CeeDee Lamb (134747-86631), TE George Kittle (134747-39793), RB Chase Brown (134747-89493), D New York Jets (134747-12544)"
1844,3739383830,zambo345 (1/1),173.56,"QB Drake Maye (134747-152316), RB Kyren Williams (134747-104433), RB Braelon Allen (134747-158412), WR Khalil Shakir (134747-86518), WR Puka Nacua (134747-103020), WR Matthew Golden (134747-166916), TE Tucker Kraft (134747-160303), RB Kenneth Walker III (134747-103342), D New York Giants (134747-12543)"
1846,3739542527,frinkahedron (74/149),173.52,"QB Joe Burrow (134747-63336), RB Emanuel Wilson (134747-185861), RB Kenneth Walker III (134747-103342), WR Malik Washington (134747-110974), WR Tee Higgins (134747-89981), WR Ja'Marr Chase (134747-85701), TE T.J. Hockenson (134747-71706), TE Brock Bowers (134747-151794), D Arizona Cardinals (134747-12546)"
1846,3738734285,dartoswums (2/2),173.52,"QB Brock Purdy (134747-85607), RB Aaron Jones Sr. (134747-40442), RB Kenneth Walker III (134747-103342), WR CeeDee Lamb (134747-86631), WR Tee Higgins (134747-89981), WR Jordan Addison (134747-129210), TE T.J. Hockenson (134747-71706), WR Matthew Golden (134747-166916), D Chicago Bears (134747-12527)"
1846,3737263263,metsbearsdalejr69 (7/72),173.52,"QB Joe Burrow (134747-63336), RB Cam Skattebo (134747-183240), RB Aaron Jones Sr. (134747-40442), WR Tee Higgins (134747-89981), WR Nico Collins (134747-91419), WR CeeDee Lamb (134747-86631), TE Mike Gesicki (134747-56265), WR Jordan Addison (134747-129210), D New York Giants (134747-12543)"
1846,3739511898,stin1456 (131/150),173.52,"QB Joe Burrow (134747-63336), RB Kenneth Walker III (134747-103342), RB Kyren Williams (134747-104433), WR Christian Watson (134747-169776), WR Romeo Doubs (134747-94370), WR Tee Higgins (134747-89981), TE Mike Gesicki (134747-56265), WR Xavier Worthy (134747-158974), D Minnesota Vikings (134747-12540)"
1846,3739132759,hockeylfe11 (9/10),173.52,"QB Joe Burrow (134747-63336), RB Bhayshul Tuten (134747-160620), RB Jeremiyah Love (134747-188171), WR CeeDee Lamb (134747-86631), WR Carnell Tate (134747-183756), WR Malik Nabers (134747-151761), TE Tucker Kraft (134747-160303), WR Tee Higgins (134747-89981), D Seattle Seahawks (134747-12550)"
1846,3739634943,ames525 (14/42),173.52,"QB Joe Burrow (134747-63336), RB Kenneth Walker III (134747-103342), RB Kyren Williams (134747-104433), WR CeeDee Lamb (134747-86631), WR Tee Higgins (134747-89981), WR Jakobi Meyers (134747-63634), TE Hunter Henry (134747-40845), TE Dalton Kincaid (134747-145558), D Tampa Bay Buccaneers (134747-12551)"
1852,3737354314,txheadhunter (26/113),173.5,"QB Kirk Cousins (134747-22038), RB Kenneth Walker III (134747-103342), RB Ollie Gordon II (134747-166112), WR CeeDee Lamb (134747-86631), WR Tre Tucker (134747-103619), WR Zay Flowers (134747-112295), TE Brock Bowers (134747-151794), TE Dalton Schultz (134747-55042), D Jacksonville Jaguars (134747-12554)"
1852,3738115932,whoodle2022 (92/150),173.5,"QB Dak Prescott (134747-31716), RB James Cook III (134747-91626), RB Aaron Jones Sr. (134747-40442), WR CeeDee Lamb (134747-86631), WR Zay Flowers (134747-112295), WR Mack Hollins (134747-25267), TE T.J. Hockenson (134747-71706), RB Emanuel Wilson (134747-185861), D Minnesota Vikings (134747-12540)"
1854,3738394484,resteasy (112/150),173.48,"QB C.J. Stroud (134747-129471), RB Chase Brown (134747-89493), RB Emanuel Wilson (134747-185861), WR Parker Washington (134747-137516), WR Zay Flowers (134747-112295), WR CeeDee Lamb (134747-86631), TE Dalton Schultz (134747-55042), WR Nico Collins (134747-91419), D New York Giants (134747-12543)"
1854,3737446913,iammikebrown (40/117),173.48,"QB C.J. Stroud (134747-129471), RB Braelon Allen (134747-158412), RB Derrick Henry (134747-39280), WR Nico Collins (134747-91419), WR Puka Nacua (134747-103020), WR CeeDee Lamb (134747-86631), TE Isaiah Likely (134747-87260), TE T.J. Hockenson (134747-71706), D Las Vegas Raiders (134747-12537)"
1854,3738103309,tmusales (22/150),173.48,"QB C.J. Stroud (134747-129471), RB Javonte Williams (134747-93541), RB Jeremiyah Love (134747-188171), WR CeeDee Lamb (134747-86631), WR Zay Flowers (134747-112295), WR Nico Collins (134747-91419), TE Dalton Schultz (134747-55042), RB Aaron Jones Sr. (134747-40442), D New England Patriots (134747-12541)"
1854,3739158465,enator15 (47/150),173.48,"QB C.J. Stroud (134747-129471), RB Aaron Jones Sr. (134747-40442), RB Kenneth Walker III (134747-103342), WR CeeDee Lamb (134747-86631), WR Nico Collins (134747-91419), WR Jordan Addison (134747-129210), TE Kenyon Sadiq (134747-184873), WR Jaylen Waddle (134747-90573), D New York Giants (134747-12543)"
1854,3738917074,timz2015 (36/67),173.48,"QB C.J. Stroud (134747-129471), RB Derrick Henry (134747-39280), RB Kyren Williams (134747-104433), WR Nico Collins (134747-91419), WR Tee Higgins (134747-89981), WR Michael Wilson (134747-89612), TE Mike Gesicki (134747-56265), RB Aaron Jones Sr. (134747-40442), D Chicago Bears (134747-12527)"
1854,3737456808,orangutanrocks (149/150),173.48,"QB C.J. Stroud (134747-129471), RB Cam Skattebo (134747-183240), RB D'Andre Swift (134747-91598), WR Zay Flowers (134747-112295), WR CeeDee Lamb (134747-86631), WR Nico Collins (134747-91419), TE T.J. Hockenson (134747-71706), TE Brock Bowers (134747-151794), D Cincinnati Bengals (134747-12528)"
1854,3739326678,drake1226 (72/150),173.48,"QB Lamar Jackson (134747-63115), RB Kenneth Walker III (134747-103342), RB Jeremiyah Love (134747-188171), WR Nico Collins (134747-91419), WR Zay Flowers (134747-112295), WR Christian Watson (134747-169776), TE T.J. Hockenson (134747-71706), RB Emanuel Wilson (134747-185861), D Chicago Bears (134747-12527)"
1854,3739213288,usmcmickey (42/150),173.48,"QB C.J. Stroud (134747-129471), RB Ashton Jeanty (134747-167031), RB Kenneth Walker III (134747-103342), WR Nico Collins (134747-91419), WR Jaylin Noel (134747-152007), WR CeeDee Lamb (134747-86631), TE Jeremy Ruckert (134747-87815), RB Rhamondre Stevenson (134747-111540), D Los Angeles Rams (134747-12538)"
1854,3738899485,devannah (89/150),173.48,"QB C.J. Stroud (134747-129471), RB Jeremiyah Love (134747-188171), RB Kenneth Walker III (134747-103342), WR Nico Collins (134747-91419), WR Zay Flowers (134747-112295), WR Michael Wilson (134747-89612), TE T.J. Hockenson (134747-71706), RB Christian McCaffrey (134747-55050), D Cincinnati Bengals (134747-12528)"
1854,3739384668,jlet2016 (101/150),173.48,"QB C.J. Stroud (134747-129471), RB Chase Brown (134747-89493), RB Aaron Jones Sr. (134747-40442), WR Michael Wilson (134747-89612), WR CeeDee Lamb (134747-86631), WR Nico Collins (134747-91419), TE T.J. Hockenson (134747-71706), RB Christian McCaffrey (134747-55050), D Los Angeles Chargers (134747-12548)"
1854,3738814224,bostonredsoxs1505 (104/150),173.48,"QB C.J. Stroud (134747-129471), RB James Cook III (134747-91626), RB D'Andre Swift (134747-91598), WR Wan'Dale Robinson (134747-103539), WR CeeDee Lamb (134747-86631), WR Nico Collins (134747-91419), TE Brock Bowers (134747-151794), RB Emanuel Wilson (134747-185861), D Chicago Bears (134747-12527)"
1854,3739019186,sconoles (35/150),173.48,"QB C.J. Stroud (134747-129471), RB Jeremiyah Love (134747-188171), RB Kenneth Walker III (134747-103342), WR Michael Wilson (134747-89612), WR Zay Flowers (134747-112295), WR Nico Collins (134747-91419), TE T.J. Hockenson (134747-71706), RB Christian McCaffrey (134747-55050), D Cincinnati Bengals (134747-12528)"
1854,3739244438,buckibrownies (3/5),173.48,"QB C.J. Stroud (134747-129471), RB Derrick Henry (134747-39280), RB Jeremiyah Love (134747-188171), WR CeeDee Lamb (134747-86631), WR Nico Collins (134747-91419), WR Tee Higgins (134747-89981), TE Tyler Higbee (134747-47870), WR Michael Wilson (134747-89612), D New York Giants (134747-12543)"
1854,3738854240,bryantronnie (43/150),173.48,"QB C.J. Stroud (134747-129471), RB Aaron Jones Sr. (134747-40442), RB Chase Brown (134747-89493), WR CeeDee Lamb (134747-86631), WR Nico Collins (134747-91419), WR Michael Wilson (134747-89612), TE T.J. Hockenson (134747-71706), RB Christian McCaffrey (134747-55050), D Los Angeles Chargers (134747-12548)"
1868,3737030760,westinw12 (21/150),173.42,"QB Joe Burrow (134747-63336), RB Aaron Jones Sr. (134747-40442), RB Kenneth Walker III (134747-103342), WR Tee Higgins (134747-89981), WR Zay Flowers (134747-112295), WR Parker Washington (134747-137516), TE T.J. Hockenson (134747-71706), TE Brock Bowers (134747-151794), D Chicago Bears (134747-12527)"
1868,3739568098,vinegarstrokes2309 (1/1),173.42,"QB Joe Burrow (134747-63336), RB Braelon Allen (134747-158412), RB Aaron Jones Sr. (134747-40442), WR Nico Collins (134747-91419), WR Tee Higgins (134747-89981), WR Zay Flowers (134747-112295), TE Travis Kelce (134747-33076), RB Kenneth Walker III (134747-103342), D Chicago Bears (134747-12527)"
1868,3739176113,yaeontop (13/71),173.42,"QB Joe Burrow (134747-63336), RB Chase Brown (134747-89493), RB Kenneth Walker III (134747-103342), WR Matthew Golden (134747-166916), WR Tee Higgins (134747-89981), WR Nico Collins (134747-91419), TE Mark Andrews (134747-52436), RB Aaron Jones Sr. (134747-40442), D Chicago Bears (134747-12527)"
1868,3739107492,pantherfan1824 (134/150),173.42,"QB Joe Burrow (134747-63336), RB Derrick Henry (134747-39280), RB Kenneth Walker III (134747-103342), WR Zay Flowers (134747-112295), WR Tee Higgins (134747-89981), WR Jakobi Meyers (134747-63634), TE Isaiah Likely (134747-87260), RB Emanuel Wilson (134747-185861), D Chicago Bears (134747-12527)"
1868,3738084925,cusplove (52/150),173.42,"QB Joe Burrow (134747-63336), RB Kenneth Walker III (134747-103342), RB J.K. Dobbins (134747-87787), WR Ja'Marr Chase (134747-85701), WR Zay Flowers (134747-112295), WR Tee Higgins (134747-89981), TE T.J. Hockenson (134747-71706), RB Emanuel Wilson (134747-185861), D New York Jets (134747-12544)"
1868,3737574582,vili99 (118/150),173.42,"QB Joe Burrow (134747-63336), RB Aaron Jones Sr. (134747-40442), RB Kenneth Walker III (134747-103342), WR Matthew Golden (134747-166916), WR Romeo Doubs (134747-94370), WR Puka Nacua (134747-103020), TE Isaiah Likely (134747-87260), WR Tee Higgins (134747-89981), D Los Angeles Rams (134747-12538)"
1874,3739356177,traceyxdaxgreat (36/150),173.4,"QB Patrick Mahomes (134747-57439), RB Kenneth Walker III (134747-103342), RB Aaron Jones Sr. (134747-40442), WR Zay Flowers (134747-112295), WR Jordan Addison (134747-129210), WR Nico Collins (134747-91419), TE T.J. Hockenson (134747-71706), TE Brock Bowers (134747-151794), D Chicago Bears (134747-12527)"
1874,3737134583,tankd8989 (1/1),173.4,"QB Jameis Winston (134747-24849), RB Kenneth Walker III (134747-103342), RB Bucky Irving (134747-152664), WR Malik Nabers (134747-151761), WR CeeDee Lamb (134747-86631), WR Rome Odunze (134747-120033), TE Colston Loveland (134747-166588), RB Javonte Williams (134747-93541), D Miami Dolphins (134747-12539)"
1876,3738968404,tazmazz13 (61/150),173.38,"QB Kyler Murray (134747-63484), RB Kenneth Walker III (134747-103342), RB Aaron Jones Sr. (134747-40442), WR CeeDee Lamb (134747-86631), WR Zay Flowers (134747-112295), WR Jordan Addison (134747-129210), TE T.J. Hockenson (134747-71706), TE Brock Bowers (134747-151794), D Chicago Bears (134747-12527)"
1876,3738518825,jrseddel (1/1),173.38,"QB Matthew Stafford (134747-6654), RB Kenneth Walker III (134747-103342), RB Aaron Jones Sr. (134747-40442), WR CeeDee Lamb (134747-86631), WR Nico Collins (134747-91419), WR Tee Higgins (134747-89981), TE Tyler Higbee (134747-47870), RB Jeremiyah Love (134747-188171), D New York Jets (134747-12544)"
1876,3739245917,gizjag (77/150),173.38,"QB C.J. Stroud (134747-129471), RB Aaron Jones Sr. (134747-40442), RB Derrick Henry (134747-39280), WR George Pickens (134747-110246), WR Carnell Tate (134747-183756), WR Nico Collins (134747-91419), TE T.J. Hockenson (134747-71706), RB Kenneth Walker III (134747-103342), D Los Angeles Chargers (134747-12548)"
1876,3739163442,cndukwe21 (26/150),173.38,"QB Kyler Murray (134747-63484), RB Kenneth Walker III (134747-103342), RB Aaron Jones Sr. (134747-40442), WR CeeDee Lamb (134747-86631), WR Zay Flowers (134747-112295), WR Jordan Addison (134747-129210), TE T.J. Hockenson (134747-71706), TE Brock Bowers (134747-151794), D Chicago Bears (134747-12527)"
1876,3739106000,madoc78 (81/150),173.38,"QB C.J. Stroud (134747-129471), RB Aaron Jones Sr. (134747-40442), RB Cam Skattebo (134747-183240), WR George Pickens (134747-110246), WR Nico Collins (134747-91419), WR Zay Flowers (134747-112295), TE T.J. Hockenson (134747-71706), RB Kenneth Walker III (134747-103342), D Chicago Bears (134747-12527)"
1876,3739785327,ilovefcporto (77/150),173.38,"QB C.J. Stroud (134747-129471), RB Kenneth Walker III (134747-103342), RB Christian McCaffrey (134747-55050), WR Tee Higgins (134747-89981), WR Nico Collins (134747-91419), WR Michael Wilson (134747-89612), TE Isaiah Likely (134747-87260), RB Aaron Jones Sr. (134747-40442), D Chicago Bears (134747-12527)"
1876,3736386009,endlesslight (127/150),173.38,"QB C.J. Stroud (134747-129471), RB Jeremiyah Love (134747-188171), RB Javonte Williams (134747-93541), WR Nico Collins (134747-91419), WR Christian Watson (134747-169776), WR Carnell Tate (134747-183756), TE Brock Bowers (134747-151794), RB Kenneth Walker III (134747-103342), D Miami Dolphins (134747-12539)"
1876,3739422009,wbixby (6/150),173.38,"QB C.J. Stroud (134747-129471), RB Christian McCaffrey (134747-55050), RB Kenneth Walker III (134747-103342), WR Nico Collins (134747-91419), WR Tee Higgins (134747-89981), WR Michael Wilson (134747-89612), TE Isaiah Likely (134747-87260), RB Aaron Jones Sr. (134747-40442), D Chicago Bears (134747-12527)"
1876,3739351527,destructiondealers101 (51/150),173.38,"QB Lamar Jackson (134747-63115), RB Kenneth Walker III (134747-103342), RB Ashton Jeanty (134747-167031), WR Carnell Tate (134747-183756), WR Tee Higgins (134747-89981), WR Nico Collins (134747-91419), TE Mark Andrews (134747-52436), RB Aaron Jones Sr. (134747-40442), D New York Jets (134747-12544)"
1876,3738194166,winstonsquad1968 (37/150),173.38,"QB C.J. Stroud (134747-129471), RB Cam Skattebo (134747-183240), RB Emanuel Wilson (134747-185861), WR Nico Collins (134747-91419), WR Tee Higgins (134747-89981), WR DJ Moore (134747-63043), TE Brock Bowers (134747-151794), RB Kenneth Walker III (134747-103342), D Chicago Bears (134747-12527)"
1876,3736713981,cleandrehood05 (94/150),173.38,"QB Kyler Murray (134747-63484), RB Kenneth Walker III (134747-103342), RB Aaron Jones Sr. (134747-40442), WR CeeDee Lamb (134747-86631), WR Zay Flowers (134747-112295), WR Jordan Addison (134747-129210), TE T.J. Hockenson (134747-71706), TE Brock Bowers (134747-151794), D Chicago Bears (134747-12527)"
1876,3737390431,parkerrr26 (61/150),173.38,"QB Kyler Murray (134747-63484), RB Kenneth Walker III (134747-103342), RB Aaron Jones Sr. (134747-40442), WR CeeDee Lamb (134747-86631), WR Zay Flowers (134747-112295), WR Jordan Addison (134747-129210), TE T.J. Hockenson (134747-71706), TE Brock Bowers (134747-151794), D Chicago Bears (134747-12527)"
1876,3738728957,taytaybuga1 (30/150),173.38,"QB C.J. Stroud (134747-129471), RB Cam Skattebo (134747-183240), RB Bhayshul Tuten (134747-160620), WR Puka Nacua (134747-103020), WR CeeDee Lamb (134747-86631), WR Nico Collins (134747-91419), TE T.J. Hockenson (134747-71706), WR Luther Burden III (134747-166092), D Chicago Bears (134747-12527)"
1876,3739717830,profporkrind (64/150),173.38,"QB C.J. Stroud (134747-129471), RB D'Andre Swift (134747-91598), RB Jeremiyah Love (134747-188171), WR Zay Flowers (134747-112295), WR Michael Wilson (134747-89612), WR Nico Collins (134747-91419), TE T.J. Hockenson (134747-71706), RB Kenneth Walker III (134747-103342), D Seattle Seahawks (134747-12550)"
1876,3737567493,bbake23 (43/150),173.38,"QB C.J. Stroud (134747-129471), RB Aaron Jones Sr. (134747-40442), RB Cam Skattebo (134747-183240), WR George Pickens (134747-110246), WR Nico Collins (134747-91419), WR Zay Flowers (134747-112295), TE T.J. Hockenson (134747-71706), RB Kenneth Walker III (134747-103342), D Chicago Bears (134747-12527)"
1891,3738908353,dudgeonsdominion (18/150),173.36,"QB Drake Maye (134747-152316), RB Emanuel Wilson (134747-185861), RB Kenneth Walker III (134747-103342), WR Romeo Doubs (134747-94370), WR Michael Wilson (134747-89612), WR Jaylen Waddle (134747-90573), TE George Kittle (134747-39793), RB Christian McCaffrey (134747-55050), D Seattle Seahawks (134747-12550)"
1892,3737558336,dirtybird01 (29/35),173.32,"QB Josh Allen (134747-62239), RB Kyren Williams (134747-104433), RB Kyle Monangai (134747-144102), WR Jordan Addison (134747-129210), WR CeeDee Lamb (134747-86631), WR Tyquan Thornton (134747-89220), TE Trey McBride (134747-91750), WR Wan'Dale Robinson (134747-103539), D Buffalo Bills (134747-12526)"
1892,3737746772,spacedan777 (35/62),173.32,"QB Brock Purdy (134747-85607), RB Kenneth Walker III (134747-103342), RB Woody Marks (134747-138774), WR Deebo Samuel Sr. (134747-56018), WR CeeDee Lamb (134747-86631), WR Cody White (134747-92890), TE Brock Bowers (134747-151794), WR Tyquan Thornton (134747-89220), D Minnesota Vikings (134747-12540)"
1892,3737203445,tmoney7613 (91/150),173.32,"QB Joe Burrow (134747-63336), RB Aaron Jones Sr. (134747-40442), RB Cam Skattebo (134747-183240), WR Zay Flowers (134747-112295), WR Tee Higgins (134747-89981), WR Malik Nabers (134747-151761), TE Isaiah Likely (134747-87260), RB Kenneth Walker III (134747-103342), D Chicago Bears (134747-12527)"
1892,3738825959,sactownking916 (34/149),173.32,"QB Brock Purdy (134747-85607), RB Aaron Jones Sr. (134747-40442), RB Emanuel Wilson (134747-185861), WR Dontayvion Wicks (134747-110457), WR Nico Collins (134747-91419), WR Zay Flowers (134747-112295), TE Brock Bowers (134747-151794), RB Kenneth Walker III (134747-103342), D Cincinnati Bengals (134747-12528)"
1892,3737974227,vacilando (92/150),173.32,"QB Joe Burrow (134747-63336), RB Kyren Williams (134747-104433), RB Rhamondre Stevenson (134747-111540), WR Jaxon Smith-Njigba (134747-129458), WR Nico Collins (134747-91419), WR Tee Higgins (134747-89981), TE Isaiah Likely (134747-87260), RB RJ Harvey (134747-110484), D Chicago Bears (134747-12527)"
1892,3738490167,calypso_kid (1/2),173.32,"QB Tyson Bagent (134747-185776), RB Aaron Jones Sr. (134747-40442), RB Emanuel Wilson (134747-185861), WR Nico Collins (134747-91419), WR Puka Nacua (134747-103020), WR CeeDee Lamb (134747-86631), TE Tucker Kraft (134747-160303), WR Luther Burden III (134747-166092), D Green Bay Packers (134747-12533)"
1892,3738869200,nickster9084 (18/150),173.32,"QB Joe Burrow (134747-63336), RB Chase Brown (134747-89493), RB Rhamondre Stevenson (134747-111540), WR CeeDee Lamb (134747-86631), WR Nico Collins (134747-91419), WR Tee Higgins (134747-89981), TE Isaiah Likely (134747-87260), RB Braelon Allen (134747-158412), D Baltimore Ravens (134747-12555)"
1892,3737701672,theswirls (28/150),173.32,"QB Joe Burrow (134747-63336), RB Jeremiyah Love (134747-188171), RB Aaron Jones Sr. (134747-40442), WR Zay Flowers (134747-112295), WR Malik Nabers (134747-151761), WR Michael Wilson (134747-89612), TE T.J. Hockenson (134747-71706), RB Kenneth Walker III (134747-103342), D Minnesota Vikings (134747-12540)"
1900,3739125029,good_times (77/150),173.28,"QB C.J. Stroud (134747-129471), RB Aaron Jones Sr. (134747-40442), RB Chase Brown (134747-89493), WR Nico Collins (134747-91419), WR Zay Flowers (134747-112295), WR Ryan Flournoy (134747-201233), TE Brock Bowers (134747-151794), RB Kenneth Walker III (134747-103342), D Chicago Bears (134747-12527)"
1900,3739512440,joeps17 (35/150),173.28,"QB C.J. Stroud (134747-129471), RB D'Andre Swift (134747-91598), RB Kenneth Walker III (134747-103342), WR Luther Burden III (134747-166092), WR Nico Collins (134747-91419), WR CeeDee Lamb (134747-86631), TE T.J. Hockenson (134747-71706), TE Travis Kelce (134747-33076), D Minnesota Vikings (134747-12540)"
1900,3739163623,cndukwe21 (127/150),173.28,"QB C.J. Stroud (134747-129471), RB Aaron Jones Sr. (134747-40442), RB Chase Brown (134747-89493), WR Nico Collins (134747-91419), WR Zay Flowers (134747-112295), WR Ryan Flournoy (134747-201233), TE Brock Bowers (134747-151794), RB Kenneth Walker III (134747-103342), D Chicago Bears (134747-12527)"
1900,3739250422,navarro2590 (2/150),173.28,"QB C.J. Stroud (134747-129471), RB Jeremiyah Love (134747-188171), RB Kenneth Walker III (134747-103342), WR CeeDee Lamb (134747-86631), WR Khalil Shakir (134747-86518), WR Nico Collins (134747-91419), TE George Kittle (134747-39793), WR Jaylen Waddle (134747-90573), D Miami Dolphins (134747-12539)"
1900,3737017716,trayj1 (138/150),173.28,"QB C.J. Stroud (134747-129471), RB Braelon Allen (134747-158412), RB Aaron Jones Sr. (134747-40442), WR Nico Collins (134747-91419), WR Christian Watson (134747-169776), WR Malik Nabers (134747-151761), TE Brock Bowers (134747-151794), RB Kenneth Walker III (134747-103342), D New York Giants (134747-12543)"
1900,3738702774,deep_post_pdx (125/150),173.28,"QB C.J. Stroud (134747-129471), RB Aaron Jones Sr. (134747-40442), RB David Montgomery (134747-73273), WR Nico Collins (134747-91419), WR Puka Nacua (134747-103020), WR Carnell Tate (134747-183756), TE Mark Andrews (134747-52436), RB Kenneth Walker III (134747-103342), D Chicago Bears (134747-12527)"
1900,3738471092,jeffclaire (1/1),173.28,"QB C.J. Stroud (134747-129471), RB Javonte Williams (134747-93541), RB Ashton Jeanty (134747-167031), WR Nico Collins (134747-91419), WR Malik Nabers (134747-151761), WR Michael Wilson (134747-89612), TE Tucker Kraft (134747-160303), RB Aaron Jones Sr. (134747-40442), D Minnesota Vikings (134747-12540)"
1900,3738615282,planetwebber (5/150),173.28,"QB C.J. Stroud (134747-129471), RB Derrick Henry (134747-39280), RB Emanuel Wilson (134747-185861), WR Nico Collins (134747-91419), WR Tee Higgins (134747-89981), WR Jaylen Waddle (134747-90573), TE Dalton Schultz (134747-55042), RB Kenneth Walker III (134747-103342), D Miami Dolphins (134747-12539)"
1900,3738397371,chunkyhippo69 (1/1),173.28,"QB C.J. Stroud (134747-129471), RB Kenneth Walker III (134747-103342), RB Jeremiyah Love (134747-188171), WR Nico Collins (134747-91419), WR Malik Nabers (134747-151761), WR Jaylen Waddle (134747-90573), TE Travis Kelce (134747-33076), WR CeeDee Lamb (134747-86631), D Los Angeles Chargers (134747-12548)"
1900,3737982088,jgame91 (82/150),173.28,"QB Kyler Murray (134747-63484), RB James Cook III (134747-91626), RB Emanuel Wilson (134747-185861), WR Zay Flowers (134747-112295), WR Jordan Addison (134747-129210), WR Nico Collins (134747-91419), TE T.J. Hockenson (134747-71706), RB Kenneth Walker III (134747-103342), D Buffalo Bills (134747-12526)"
1910,3738220223,chaloupabatmann (1/1),173.22,"QB Brock Purdy (134747-85607), RB James Cook III (134747-91626), RB Aaron Jones Sr. (134747-40442), WR CeeDee Lamb (134747-86631), WR Jordan Addison (134747-129210), WR Romeo Doubs (134747-94370), TE T.J. Hockenson (134747-71706), RB Kenneth Walker III (134747-103342), D New York Jets (134747-12544)"
1910,3736424777,dtbud4 (99/150),173.22,"QB Joe Burrow (134747-63336), RB Emanuel Wilson (134747-185861), RB Ashton Jeanty (134747-167031), WR CeeDee Lamb (134747-86631), WR Zay Flowers (134747-112295), WR Parker Washington (134747-137516), TE Isaiah Likely (134747-87260), WR Tee Higgins (134747-89981), D Chicago Bears (134747-12527)"
1912,3737094537,khuthsilver (1/1),173.2,"QB Dak Prescott (134747-31716), RB Kyle Monangai (134747-144102), RB RJ Harvey (134747-110484), WR CeeDee Lamb (134747-86631), WR Zay Flowers (134747-112295), WR Tee Higgins (134747-89981), TE Isaiah Likely (134747-87260), RB D'Andre Swift (134747-91598), D Baltimore Ravens (134747-12555)"
1913,3738103300,tmusales (13/150),173.18,"QB C.J. Stroud (134747-129471), RB Javonte Williams (134747-93541), RB Jeremiyah Love (134747-188171), WR CeeDee Lamb (134747-86631), WR Parker Washington (134747-137516), WR Nico Collins (134747-91419), TE Mark Andrews (134747-52436), RB Emanuel Wilson (134747-185861), D Minnesota Vikings (134747-12540)"
1913,3739629600,bondzai (88/150),173.18,"QB C.J. Stroud (134747-129471), RB Derrick Henry (134747-39280), RB Aaron Jones Sr. (134747-40442), WR Zay Flowers (134747-112295), WR Nico Collins (134747-91419), WR Carnell Tate (134747-183756), TE Travis Kelce (134747-33076), WR CeeDee Lamb (134747-86631), D Los Angeles Chargers (134747-12548)"
1913,3738917078,timz2015 (38/67),173.18,"QB C.J. Stroud (134747-129471), RB Derrick Henry (134747-39280), RB Kyren Williams (134747-104433), WR Nico Collins (134747-91419), WR Tee Higgins (134747-89981), WR Michael Wilson (134747-89612), TE Mark Andrews (134747-52436), RB Aaron Jones Sr. (134747-40442), D Chicago Bears (134747-12527)"
1913,3739532477,pittbulldawg (65/150),173.18,"QB C.J. Stroud (134747-129471), RB James Cook III (134747-91626), RB Javonte Williams (134747-93541), WR Nico Collins (134747-91419), WR Zay Flowers (134747-112295), WR Tee Higgins (134747-89981), TE Dalton Schultz (134747-55042), RB Aaron Jones Sr. (134747-40442), D Chicago Bears (134747-12527)"
1913,3738837778,ewingoakley (119/150),173.18,"QB C.J. Stroud (134747-129471), RB Kenneth Walker III (134747-103342), RB Christian McCaffrey (134747-55050), WR Nico Collins (134747-91419), WR Zay Flowers (134747-112295), WR Tee Higgins (134747-89981), TE Brenton Strange (134747-103587), TE Dalton Schultz (134747-55042), D Tampa Bay Buccaneers (134747-12551)"
1913,3736436965,cbms36 (108/150),173.18,"QB C.J. Stroud (134747-129471), RB Cam Skattebo (134747-183240), RB Christian McCaffrey (134747-55050), WR Nico Collins (134747-91419), WR Romeo Doubs (134747-94370), WR Zay Flowers (134747-112295), TE Mark Andrews (134747-52436), RB Kenneth Walker III (134747-103342), D Tampa Bay Buccaneers (134747-12551)"
1913,3737168566,mikezimmer (1/1),173.18,"QB C.J. Stroud (134747-129471), RB Kenneth Walker III (134747-103342), RB TreVeyon Henderson (134747-152647), WR CeeDee Lamb (134747-86631), WR Nico Collins (134747-91419), WR Deebo Samuel Sr. (134747-56018), TE T.J. Hockenson (134747-71706), WR Parker Washington (134747-137516), D Tampa Bay Buccaneers (134747-12551)"
1913,3739450314,imheretogetmybag (14/150),173.18,"QB C.J. Stroud (134747-129471), RB Christian McCaffrey (134747-55050), RB Kenneth Walker III (134747-103342), WR Nico Collins (134747-91419), WR Malik Nabers (134747-151761), WR Matthew Golden (134747-166916), TE T.J. Hockenson (134747-71706), WR Jordan Addison (134747-129210), D Chicago Bears (134747-12527)"
1913,3739000886,glenr1031 (59/150),173.18,"QB C.J. Stroud (134747-129471), RB Derrick Henry (134747-39280), RB Aaron Jones Sr. (134747-40442), WR Nico Collins (134747-91419), WR Tee Higgins (134747-89981), WR Kayshon Boutte (134747-119653), TE T.J. Hockenson (134747-71706), RB Kenneth Walker III (134747-103342), D San Francisco 49ers (134747-12549)"
1913,3739206577,ombdurant (96/150),173.18,"QB C.J. Stroud (134747-129471), RB Chase Brown (134747-89493), RB David Montgomery (134747-73273), WR Zay Flowers (134747-112295), WR Tee Higgins (134747-89981), WR Nico Collins (134747-91419), TE T.J. Hockenson (134747-71706), RB Christian McCaffrey (134747-55050), D New York Giants (134747-12543)"
1913,3738238321,bosworthscoot (103/150),173.18,"QB C.J. Stroud (134747-129471), RB Braelon Allen (134747-158412), RB Javonte Williams (134747-93541), WR Puka Nacua (134747-103020), WR Nico Collins (134747-91419), WR Jakobi Meyers (134747-63634), TE Dalton Schultz (134747-55042), RB Kenneth Walker III (134747-103342), D New York Giants (134747-12543)"
1924,3738993244,bypirates (12/150),173.16,"QB Drake Maye (134747-152316), RB Aaron Jones Sr. (134747-40442), RB Kenneth Walker III (134747-103342), WR CeeDee Lamb (134747-86631), WR Romeo Doubs (134747-94370), WR Jaylen Waddle (134747-90573), TE Tucker Kraft (134747-160303), RB Braelon Allen (134747-158412), D Minnesota Vikings (134747-12540)"
1924,3739720427,regalbeagle679 (106/150),173.16,"QB Drake Maye (134747-152316), RB James Cook III (134747-91626), RB Braelon Allen (134747-158412), WR CeeDee Lamb (134747-86631), WR Michael Wilson (134747-89612), WR Romeo Doubs (134747-94370), TE George Kittle (134747-39793), RB Kenneth Walker III (134747-103342), D Miami Dolphins (134747-12539)"
1926,3739734898,jeffkeola (95/150),173.12,"QB Joe Burrow (134747-63336), RB Bhayshul Tuten (134747-160620), RB Kenneth Walker III (134747-103342), WR Kalif Raymond (134747-70422), WR Tee Higgins (134747-89981), WR Zay Flowers (134747-112295), TE George Kittle (134747-39793), WR Nico Collins (134747-91419), D Miami Dolphins (134747-12539)"
1926,3736659123,paintgirl (116/150),173.12,"QB Joe Burrow (134747-63336), RB Derrick Henry (134747-39280), RB Chase Brown (134747-89493), WR Tee Higgins (134747-89981), WR Nico Collins (134747-91419), WR Zay Flowers (134747-112295), TE Mark Andrews (134747-52436), TE T.J. Hockenson (134747-71706), D Cincinnati Bengals (134747-12528)"
1926,3736876700,lexluthor26 (122/150),173.12,"QB Joe Burrow (134747-63336), RB Derrick Henry (134747-39280), RB Braelon Allen (134747-158412), WR Zay Flowers (134747-112295), WR Tee Higgins (134747-89981), WR Michael Wilson (134747-89612), TE T.J. Hockenson (134747-71706), RB Kenneth Walker III (134747-103342), D Tampa Bay Buccaneers (134747-12551)"
1929,3739657659,iangarf (24/150),173.1,"QB Jameis Winston (134747-24849), RB Kyren Williams (134747-104433), RB Aaron Jones Sr. (134747-40442), WR Malik Nabers (134747-151761), WR Jordan Addison (134747-129210), WR Zay Flowers (134747-112295), TE Isaiah Likely (134747-87260), RB Kenneth Walker III (134747-103342), D Minnesota Vikings (134747-12540)"
1929,3738048461,quietthunder06 (47/150),173.1,"QB Kirk Cousins (134747-22038), RB Kenneth Walker III (134747-103342), RB Aaron Jones Sr. (134747-40442), WR Ja'Marr Chase (134747-85701), WR CeeDee Lamb (134747-86631), WR Isaiah Williams (134747-112041), TE T.J. Hockenson (134747-71706), TE Brock Bowers (134747-151794), D Tampa Bay Buccaneers (134747-12551)"
1931,3739751559,peteg9699 (82/150),173.08,"QB C.J. Stroud (134747-129471), RB Derrick Henry (134747-39280), RB Cam Skattebo (134747-183240), WR CeeDee Lamb (134747-86631), WR Nico Collins (134747-91419), WR Zay Flowers (134747-112295), TE T.J. Hockenson (134747-71706), RB Braelon Allen (134747-158412), D Miami Dolphins (134747-12539)"
1931,3737854429,texas_trouble (69/150),173.08,"QB C.J. Stroud (134747-129471), RB D'Andre Swift (134747-91598), RB Emanuel Wilson (134747-185861), WR DJ Moore (134747-63043), WR Nico Collins (134747-91419), WR CeeDee Lamb (134747-86631), TE Brock Bowers (134747-151794), WR Tee Higgins (134747-89981), D Tampa Bay Buccaneers (134747-12551)"
1931,3738210098,kjfor3 (30/150),173.08,"QB C.J. Stroud (134747-129471), RB Christian McCaffrey (134747-55050), RB Kenneth Walker III (134747-103342), WR Nico Collins (134747-91419), WR Zay Flowers (134747-112295), WR Michael Wilson (134747-89612), TE Mark Andrews (134747-52436), RB Aaron Jones Sr. (134747-40442), D Tampa Bay Buccaneers (134747-12551)"
1931,3739696663,arminfan (64/150),173.08,"QB C.J. Stroud (134747-129471), RB Jeremiyah Love (134747-188171), RB Kenneth Walker III (134747-103342), WR George Pickens (134747-110246), WR Nico Collins (134747-91419), WR Zay Flowers (134747-112295), TE T.J. Hockenson (134747-71706), TE Brock Bowers (134747-151794), D Tampa Bay Buccaneers (134747-12551)"
1931,3738608429,monkeyboy1140 (83/150),173.08,"QB C.J. Stroud (134747-129471), RB James Cook III (134747-91626), RB Braelon Allen (134747-158412), WR CeeDee Lamb (134747-86631), WR Luther Burden III (134747-166092), WR Nico Collins (134747-91419), TE Isaiah Likely (134747-87260), RB Kenneth Walker III (134747-103342), D Miami Dolphins (134747-12539)"
1931,3739304265,aformb21 (74/150),173.08,"QB C.J. Stroud (134747-129471), RB RJ Harvey (134747-110484), RB Kenneth Walker III (134747-103342), WR Garrett Wilson (134747-103564), WR Carnell Tate (134747-183756), WR Zay Flowers (134747-112295), TE George Kittle (134747-39793), WR Nico Collins (134747-91419), D Los Angeles Rams (134747-12538)"
1931,3739400371,wml1331 (1/1),173.08,"QB C.J. Stroud (134747-129471), RB Emanuel Wilson (134747-185861), RB Aaron Jones Sr. (134747-40442), WR Malik Washington (134747-110974), WR Parker Washington (134747-137516), WR Nico Collins (134747-91419), TE Brock Bowers (134747-151794), WR CeeDee Lamb (134747-86631), D Seattle Seahawks (134747-12550)"
1931,3738875019,iertzforhurts (1/1),173.08,"QB C.J. Stroud (134747-129471), RB TreVeyon Henderson (134747-152647), RB Aaron Jones Sr. (134747-40442), WR CeeDee Lamb (134747-86631), WR Michael Wilson (134747-89612), WR Malik Nabers (134747-151761), TE Brock Bowers (134747-151794), RB Kenneth Walker III (134747-103342), D New York Jets (134747-12544)"
1931,3737119924,egc2021 (16/71),173.08,"QB C.J. Stroud (134747-129471), RB Bhayshul Tuten (134747-160620), RB Kyle Monangai (134747-144102), WR Deebo Samuel Sr. (134747-56018), WR Parker Washington (134747-137516), WR Tee Higgins (134747-89981), TE T.J. Hockenson (134747-71706), WR CeeDee Lamb (134747-86631), D Green Bay Packers (134747-12533)"
1931,3739720113,regalbeagle679 (60/150),173.08,"QB C.J. Stroud (134747-129471), RB Braelon Allen (134747-158412), RB Chase Brown (134747-89493), WR Zay Flowers (134747-112295), WR CeeDee Lamb (134747-86631), WR Nico Collins (134747-91419), TE George Kittle (134747-39793), RB Aaron Jones Sr. (134747-40442), D New York Jets (134747-12544)"
1941,3736381337,xbigtimberx (50/150),173.06,"QB Drake Maye (134747-152316), RB Braelon Allen (134747-158412), RB Aaron Jones Sr. (134747-40442), WR Romeo Doubs (134747-94370), WR Nico Collins (134747-91419), WR CeeDee Lamb (134747-86631), TE George Kittle (134747-39793), RB Christian McCaffrey (134747-55050), D Chicago Bears (134747-12527)"
1942,3738908549,dudgeonsdominion (73/150),173.04,"QB Jacoby Brissett (134747-30231), RB Emanuel Wilson (134747-185861), RB Bhayshul Tuten (134747-160620), WR Malik Nabers (134747-151761), WR Michael Wilson (134747-89612), WR Zay Flowers (134747-112295), TE Brock Bowers (134747-151794), RB Kenneth Walker III (134747-103342), D Seattle Seahawks (134747-12550)"
1942,3739158458,enator15 (44/150),173.04,"QB Jacoby Brissett (134747-30231), RB Jeremiyah Love (134747-188171), RB Javonte Williams (134747-93541), WR Zay Flowers (134747-112295), WR Michael Wilson (134747-89612), WR Tee Higgins (134747-89981), TE T.J. Hockenson (134747-71706), RB Kenneth Walker III (134747-103342), D Minnesota Vikings (134747-12540)"
1944,3738728043,mello610 (23/150),173.02,"QB Joe Burrow (134747-63336), RB Jeremiyah Love (134747-188171), RB Aaron Jones Sr. (134747-40442), WR Tee Higgins (134747-89981), WR CeeDee Lamb (134747-86631), WR Michael Wilson (134747-89612), TE Isaiah Likely (134747-87260), RB Kenneth Walker III (134747-103342), D Chicago Bears (134747-12527)"
1944,3736849970,the_one_km (120/150),173.02,"QB Joe Burrow (134747-63336), RB Jeremiyah Love (134747-188171), RB Emanuel Wilson (134747-185861), WR Tee Higgins (134747-89981), WR CeeDee Lamb (134747-86631), WR Keon Coleman (134747-157467), TE Brenton Strange (134747-103587), WR Ja'Marr Chase (134747-85701), D Seattle Seahawks (134747-12550)"
1944,3739076813,uwrethtyestrdy (1/1),173.02,"QB Josh Allen (134747-62239), RB James Cook III (134747-91626), RB Kyle Monangai (134747-144102), WR Matthew Golden (134747-166916), WR Deebo Samuel Sr. (134747-56018), WR Zay Flowers (134747-112295), TE T.J. Hockenson (134747-71706), RB Javonte Williams (134747-93541), D Chicago Bears (134747-12527)"
1947,3738317381,unworthycard (73/150),173.0,"QB Kirk Cousins (134747-22038), RB Javonte Williams (134747-93541), RB Christian McCaffrey (134747-55050), WR Nico Collins (134747-91419), WR Matthew Golden (134747-166916), WR Michael Wilson (134747-89612), TE Michael Mayer (134747-138998), RB Kenneth Walker III (134747-103342), D Los Angeles Chargers (134747-12548)"
1948,3739044255,dwilliams90 (48/150),172.98,"QB Lamar Jackson (134747-63115), RB Derrick Henry (134747-39280), RB Jeremiyah Love (134747-188171), WR Nico Collins (134747-91419), WR Zay Flowers (134747-112295), WR Tee Higgins (134747-89981), TE T.J. Hockenson (134747-71706), RB Emanuel Wilson (134747-185861), D Chicago Bears (134747-12527)"
1948,3739087375,pantherzfan25 (50/150),172.98,"QB C.J. Stroud (134747-129471), RB Aaron Jones Sr. (134747-40442), RB Derrick Henry (134747-39280), WR Dontayvion Wicks (134747-110457), WR Zay Flowers (134747-112295), WR Nico Collins (134747-91419), TE T.J. Hockenson (134747-71706), RB Kenneth Walker III (134747-103342), D Cincinnati Bengals (134747-12528)"
1948,3738202459,thesportsgurus (84/150),172.98,"QB C.J. Stroud (134747-129471), RB Cam Skattebo (134747-183240), RB Javonte Williams (134747-93541), WR Nico Collins (134747-91419), WR Zay Flowers (134747-112295), WR Michael Wilson (134747-89612), TE Travis Kelce (134747-33076), RB Kenneth Walker III (134747-103342), D Chicago Bears (134747-12527)"
1948,3739026003,rgalexander216 (90/150),172.98,"QB C.J. Stroud (134747-129471), RB James Cook III (134747-91626), RB Javonte Williams (134747-93541), WR Nico Collins (134747-91419), WR Tee Higgins (134747-89981), WR Malik Washington (134747-110974), TE George Kittle (134747-39793), RB Aaron Jones Sr. (134747-40442), D Arizona Cardinals (134747-12546)"
1948,3737419845,traindarealest (88/150),172.98,"QB C.J. Stroud (134747-129471), RB Chase Brown (134747-89493), RB Kyren Williams (134747-104433), WR Dontayvion Wicks (134747-110457), WR Christian Watson (134747-169776), WR Nico Collins (134747-91419), TE T.J. Hockenson (134747-71706), RB Kenneth Walker III (134747-103342), D Chicago Bears (134747-12527)"
1948,3739832573,beardownbears72 (130/150),172.98,"QB C.J. Stroud (134747-129471), RB Aaron Jones Sr. (134747-40442), RB Christian McCaffrey (134747-55050), WR Chris Godwin Jr. (134747-55635), WR Romeo Doubs (134747-94370), WR Nico Collins (134747-91419), TE Brock Bowers (134747-151794), WR CeeDee Lamb (134747-86631), D Jacksonville Jaguars (134747-12554)"
1948,3739858427,duelingfan802 (119/150),172.98,"QB C.J. Stroud (134747-129471), RB Aaron Jones Sr. (134747-40442), RB Jeremiyah Love (134747-188171), WR CeeDee Lamb (134747-86631), WR Tee Higgins (134747-89981), WR Dontayvion Wicks (134747-110457), TE T.J. Hockenson (134747-71706), RB Kenneth Walker III (134747-103342), D Minnesota Vikings (134747-12540)"
1948,3739858819,duelingfan802 (144/150),172.98,"QB C.J. Stroud (134747-129471), RB D'Andre Swift (134747-91598), RB Jeremiyah Love (134747-188171), WR CeeDee Lamb (134747-86631), WR Nico Collins (134747-91419), WR Tee Higgins (134747-89981), TE T.J. Hockenson (134747-71706), RB Aaron Jones Sr. (134747-40442), D Minnesota Vikings (134747-12540)"
1948,3736361273,fearthebeard12 (50/150),172.98,"QB C.J. Stroud (134747-129471), RB Kyle Monangai (134747-144102), RB Jeremiyah Love (134747-188171), WR Nico Collins (134747-91419), WR Zay Flowers (134747-112295), WR Malik Nabers (134747-151761), TE Tyler Higbee (134747-47870), RB Derrick Henry (134747-39280), D Minnesota Vikings (134747-12540)"
1948,3739286453,keithd1978 (54/150),172.98,"QB C.J. Stroud (134747-129471), RB Aaron Jones Sr. (134747-40442), RB Chase Brown (134747-89493), WR CeeDee Lamb (134747-86631), WR Nico Collins (134747-91419), WR Malik Washington (134747-110974), TE Travis Kelce (134747-33076), RB Kenneth Walker III (134747-103342), D Chicago Bears (134747-12527)"
1948,3737425661,cclarkh (125/150),172.98,"QB C.J. Stroud (134747-129471), RB TreVeyon Henderson (134747-152647), RB Javonte Williams (134747-93541), WR Matthew Golden (134747-166916), WR Nico Collins (134747-91419), WR Michael Wilson (134747-89612), TE Brock Bowers (134747-151794), WR CeeDee Lamb (134747-86631), D Chicago Bears (134747-12527)"
1948,3736864515,mitchj19 (49/150),172.98,"QB C.J. Stroud (134747-129471), RB Emanuel Wilson (134747-185861), RB Jeremiyah Love (134747-188171), WR Zay Flowers (134747-112295), WR Nico Collins (134747-91419), WR CeeDee Lamb (134747-86631), TE Dalton Schultz (134747-55042), RB Ashton Jeanty (134747-167031), D Chicago Bears (134747-12527)"
1948,3737204290,fandueljunkie (8/132),172.98,"QB C.J. Stroud (134747-129471), RB Aaron Jones Sr. (134747-40442), RB Emanuel Wilson (134747-185861), WR Jaxon Smith-Njigba (134747-129458), WR Nico Collins (134747-91419), WR Tee Higgins (134747-89981), TE Tyler Higbee (134747-47870), WR Zay Flowers (134747-112295), D Minnesota Vikings (134747-12540)"
1948,3739663010,knzgage131 (115/150),172.98,"QB Kyler Murray (134747-63484), RB Aaron Jones Sr. (134747-40442), RB Emanuel Wilson (134747-185861), WR CeeDee Lamb (134747-86631), WR Nico Collins (134747-91419), WR Zay Flowers (134747-112295), TE Mark Andrews (134747-52436), WR Jordan Addison (134747-129210), D Seattle Seahawks (134747-12550)"
1948,3739456410,gthomp20 (1/1),172.98,"QB C.J. Stroud (134747-129471), RB Aaron Jones Sr. (134747-40442), RB Kyle Monangai (134747-144102), WR Nico Collins (134747-91419), WR George Pickens (134747-110246), WR Tee Higgins (134747-89981), TE Brock Bowers (134747-151794), WR Michael Wilson (134747-89612), D Green Bay Packers (134747-12533)"
1948,3739726782,trenticles89 (1/1),172.98,"QB C.J. Stroud (134747-129471), RB Jeremiyah Love (134747-188171), RB Aaron Jones Sr. (134747-40442), WR Nico Collins (134747-91419), WR Luther Burden III (134747-166092), WR CeeDee Lamb (134747-86631), TE Tyler Higbee (134747-47870), RB Kenneth Walker III (134747-103342), D Minnesota Vikings (134747-12540)"
1964,3739158137,seducer (16/150),172.92,"QB Brock Purdy (134747-85607), RB Javonte Williams (134747-93541), RB Aaron Jones Sr. (134747-40442), WR Zay Flowers (134747-112295), WR Matthew Golden (134747-166916), WR Nico Collins (134747-91419), TE T.J. Hockenson (134747-71706), TE George Kittle (134747-39793), D Minnesota Vikings (134747-12540)"
1964,3739656084,kingbeard (81/150),172.92,"QB Joe Burrow (134747-63336), RB Kenneth Walker III (134747-103342), RB Derrick Henry (134747-39280), WR Michael Wilson (134747-89612), WR Luther Burden III (134747-166092), WR Nico Collins (134747-91419), TE T.J. Hockenson (134747-71706), RB Aaron Jones Sr. (134747-40442), D Chicago Bears (134747-12527)"
1964,3738715584,kashman100 (121/150),172.92,"QB Joe Burrow (134747-63336), RB Javonte Williams (134747-93541), RB Braelon Allen (134747-158412), WR CeeDee Lamb (134747-86631), WR Tee Higgins (134747-89981), WR Ja'Marr Chase (134747-85701), TE Brenton Strange (134747-103587), RB Emanuel Wilson (134747-185861), D Miami Dolphins (134747-12539)"
1964,3739818155,rbra10 (18/21),172.92,"QB Joe Burrow (134747-63336), RB Derrick Henry (134747-39280), RB Kenneth Walker III (134747-103342), WR Nico Collins (134747-91419), WR Michael Wilson (134747-89612), WR Luther Burden III (134747-166092), TE T.J. Hockenson (134747-71706), RB Aaron Jones Sr. (134747-40442), D Chicago Bears (134747-12527)"
1964,3739061622,illtemperedkitties (7/150),172.92,"QB Joe Burrow (134747-63336), RB Derrick Henry (134747-39280), RB Kenneth Walker III (134747-103342), WR Nico Collins (134747-91419), WR Michael Wilson (134747-89612), WR Luther Burden III (134747-166092), TE T.J. Hockenson (134747-71706), RB Aaron Jones Sr. (134747-40442), D Chicago Bears (134747-12527)"
1964,3739784842,ilovefcporto (24/150),172.92,"QB Joe Burrow (134747-63336), RB Kenneth Walker III (134747-103342), RB Derrick Henry (134747-39280), WR Luther Burden III (134747-166092), WR Nico Collins (134747-91419), WR Michael Wilson (134747-89612), TE T.J. Hockenson (134747-71706), RB Aaron Jones Sr. (134747-40442), D Chicago Bears (134747-12527)"
1964,3739287387,perkjp (4/5),172.92,"QB Joe Burrow (134747-63336), RB Derrick Henry (134747-39280), RB Kenneth Walker III (134747-103342), WR Nico Collins (134747-91419), WR Michael Wilson (134747-89612), WR Luther Burden III (134747-166092), TE T.J. Hockenson (134747-71706), RB Aaron Jones Sr. (134747-40442), D Chicago Bears (134747-12527)"
1964,3739500109,dts677 (39/88),172.92,"QB Joe Burrow (134747-63336), RB Derrick Henry (134747-39280), RB Kenneth Walker III (134747-103342), WR Nico Collins (134747-91419), WR Michael Wilson (134747-89612), WR Luther Burden III (134747-166092), TE T.J. Hockenson (134747-71706), RB Aaron Jones Sr. (134747-40442), D Chicago Bears (134747-12527)"
1964,3739713050,dts677 (79/88),172.92,"QB Joe Burrow (134747-63336), RB Derrick Henry (134747-39280), RB Kenneth Walker III (134747-103342), WR Nico Collins (134747-91419), WR Michael Wilson (134747-89612), WR Luther Burden III (134747-166092), TE T.J. Hockenson (134747-71706), RB Aaron Jones Sr. (134747-40442), D Chicago Bears (134747-12527)"
1964,3739393140,croddick (15/52),172.92,"QB Joe Burrow (134747-63336), RB Kenneth Walker III (134747-103342), RB Derrick Henry (134747-39280), WR Luther Burden III (134747-166092), WR Nico Collins (134747-91419), WR Michael Wilson (134747-89612), TE T.J. Hockenson (134747-71706), RB Aaron Jones Sr. (134747-40442), D Chicago Bears (134747-12527)"
1964,3739637839,scharlie22 (6/150),172.92,"QB Josh Allen (134747-62239), RB Braelon Allen (134747-158412), RB Aaron Jones Sr. (134747-40442), WR Tee Higgins (134747-89981), WR Nico Collins (134747-91419), WR Zay Flowers (134747-112295), TE Mark Andrews (134747-52436), RB Kenneth Walker III (134747-103342), D Chicago Bears (134747-12527)"
1964,3739637936,scharlie22 (21/150),172.92,"QB Josh Allen (134747-62239), RB Braelon Allen (134747-158412), RB Aaron Jones Sr. (134747-40442), WR Tee Higgins (134747-89981), WR Nico Collins (134747-91419), WR Zay Flowers (134747-112295), TE Mark Andrews (134747-52436), RB Kenneth Walker III (134747-103342), D Chicago Bears (134747-12527)"
1964,3739638013,scharlie22 (36/150),172.92,"QB Josh Allen (134747-62239), RB Braelon Allen (134747-158412), RB Aaron Jones Sr. (134747-40442), WR Tee Higgins (134747-89981), WR Nico Collins (134747-91419), WR Zay Flowers (134747-112295), TE Mark Andrews (134747-52436), RB Kenneth Walker III (134747-103342), D Chicago Bears (134747-12527)"
1964,3739638097,scharlie22 (51/150),172.92,"QB Josh Allen (134747-62239), RB Braelon Allen (134747-158412), RB Aaron Jones Sr. (134747-40442), WR Tee Higgins (134747-89981), WR Nico Collins (134747-91419), WR Zay Flowers (134747-112295), TE Mark Andrews (134747-52436), RB Kenneth Walker III (134747-103342), D Chicago Bears (134747-12527)"
1964,3739638206,scharlie22 (66/150),172.92,"QB Josh Allen (134747-62239), RB Braelon Allen (134747-158412), RB Aaron Jones Sr. (134747-40442), WR Tee Higgins (134747-89981), WR Nico Collins (134747-91419), WR Zay Flowers (134747-112295), TE Mark Andrews (134747-52436), RB Kenneth Walker III (134747-103342), D Chicago Bears (134747-12527)"
1964,3739638313,scharlie22 (81/150),172.92,"QB Josh Allen (134747-62239), RB Braelon Allen (134747-158412), RB Aaron Jones Sr. (134747-40442), WR Tee Higgins (134747-89981), WR Nico Collins (134747-91419), WR Zay Flowers (134747-112295), TE Mark Andrews (134747-52436), RB Kenneth Walker III (134747-103342), D Chicago Bears (134747-12527)"
1964,3739638417,scharlie22 (96/150),172.92,"QB Josh Allen (134747-62239), RB Braelon Allen (134747-158412), RB Aaron Jones Sr. (134747-40442), WR Tee Higgins (134747-89981), WR Nico Collins (134747-91419), WR Zay Flowers (134747-112295), TE Mark Andrews (134747-52436), RB Kenneth Walker III (134747-103342), D Chicago Bears (134747-12527)"
1964,3739638522,scharlie22 (111/150),172.92,"QB Josh Allen (134747-62239), RB Braelon Allen (134747-158412), RB Aaron Jones Sr. (134747-40442), WR Tee Higgins (134747-89981), WR Nico Collins (134747-91419), WR Zay Flowers (134747-112295), TE Mark Andrews (134747-52436), RB Kenneth Walker III (134747-103342), D Chicago Bears (134747-12527)"
1964,3739638628,scharlie22 (126/150),172.92,"QB Josh Allen (134747-62239), RB Braelon Allen (134747-158412), RB Aaron Jones Sr. (134747-40442), WR Tee Higgins (134747-89981), WR Nico Collins (134747-91419), WR Zay Flowers (134747-112295), TE Mark Andrews (134747-52436), RB Kenneth Walker III (134747-103342), D Chicago Bears (134747-12527)"
1964,3739638797,scharlie22 (141/150),172.92,"QB Josh Allen (134747-62239), RB Braelon Allen (134747-158412), RB Aaron Jones Sr. (134747-40442), WR Tee Higgins (134747-89981), WR Nico Collins (134747-91419), WR Zay Flowers (134747-112295), TE Mark Andrews (134747-52436), RB Kenneth Walker III (134747-103342), D Chicago Bears (134747-12527)"
1964,3737086153,sixthroundpick (2/15),172.92,"QB Joe Burrow (134747-63336), RB Derrick Henry (134747-39280), RB Kenneth Walker III (134747-103342), WR Nico Collins (134747-91419), WR Michael Wilson (134747-89612), WR Luther Burden III (134747-166092), TE T.J. Hockenson (134747-71706), RB Aaron Jones Sr. (134747-40442), D Chicago Bears (134747-12527)"
1964,3739205062,batmanwithpreptime (1/8),172.92,"QB Joe Burrow (134747-63336), RB Kenneth Walker III (134747-103342), RB Derrick Henry (134747-39280), WR Luther Burden III (134747-166092), WR Nico Collins (134747-91419), WR Michael Wilson (134747-89612), TE T.J. Hockenson (134747-71706), RB Aaron Jones Sr. (134747-40442), D Chicago Bears (134747-12527)"
1964,3739205184,batmanwithpreptime (3/8),172.92,"QB Joe Burrow (134747-63336), RB Kenneth Walker III (134747-103342), RB Derrick Henry (134747-39280), WR Luther Burden III (134747-166092), WR Nico Collins (134747-91419), WR Michael Wilson (134747-89612), TE T.J. Hockenson (134747-71706), RB Aaron Jones Sr. (134747-40442), D Chicago Bears (134747-12527)"
1964,3739205198,batmanwithpreptime (4/8),172.92,"QB Joe Burrow (134747-63336), RB Kenneth Walker III (134747-103342), RB Derrick Henry (134747-39280), WR Luther Burden III (134747-166092), WR Nico Collins (134747-91419), WR Michael Wilson (134747-89612), TE T.J. Hockenson (134747-71706), RB Aaron Jones Sr. (134747-40442), D Chicago Bears (134747-12527)"
1964,3739205206,batmanwithpreptime (5/8),172.92,"QB Joe Burrow (134747-63336), RB Kenneth Walker III (134747-103342), RB Derrick Henry (134747-39280), WR Luther Burden III (134747-166092), WR Nico Collins (134747-91419), WR Michael Wilson (134747-89612), TE T.J. Hockenson (134747-71706), RB Aaron Jones Sr. (134747-40442), D Chicago Bears (134747-12527)"
1964,3739205217,batmanwithpreptime (6/8),172.92,"QB Joe Burrow (134747-63336), RB Kenneth Walker III (134747-103342), RB Derrick Henry (134747-39280), WR Luther Burden III (134747-166092), WR Nico Collins (134747-91419), WR Michael Wilson (134747-89612), TE T.J. Hockenson (134747-71706), RB Aaron Jones Sr. (134747-40442), D Chicago Bears (134747-12527)"
1964,3739205224,batmanwithpreptime (7/8),172.92,"QB Joe Burrow (134747-63336), RB Kenneth Walker III (134747-103342), RB Derrick Henry (134747-39280), WR Luther Burden III (134747-166092), WR Nico Collins (134747-91419), WR Michael Wilson (134747-89612), TE T.J. Hockenson (134747-71706), RB Aaron Jones Sr. (134747-40442), D Chicago Bears (134747-12527)"
1964,3739205247,batmanwithpreptime (8/8),172.92,"QB Joe Burrow (134747-63336), RB Kenneth Walker III (134747-103342), RB Derrick Henry (134747-39280), WR Luther Burden III (134747-166092), WR Nico Collins (134747-91419), WR Michael Wilson (134747-89612), TE T.J. Hockenson (134747-71706), RB Aaron Jones Sr. (134747-40442), D Chicago Bears (134747-12527)"
1964,3737059339,clintrf1993 (1/1),172.92,"QB Brock Purdy (134747-85607), RB Kenneth Walker III (134747-103342), RB Kyle Monangai (134747-144102), WR Zay Flowers (134747-112295), WR Deebo Samuel Sr. (134747-56018), WR Tee Higgins (134747-89981), TE Mike Gesicki (134747-56265), RB D'Andre Swift (134747-91598), D Chicago Bears (134747-12527)"
1964,3739852039,jfrancis33340 (1/1),172.92,"QB Joe Burrow (134747-63336), RB Derrick Henry (134747-39280), RB Kenneth Walker III (134747-103342), WR Nico Collins (134747-91419), WR Michael Wilson (134747-89612), WR Luther Burden III (134747-166092), TE T.J. Hockenson (134747-71706), RB Aaron Jones Sr. (134747-40442), D Chicago Bears (134747-12527)"
1964,3739421840,ronnie531 (17/33),172.92,"QB Joe Burrow (134747-63336), RB Derrick Henry (134747-39280), RB Kenneth Walker III (134747-103342), WR Nico Collins (134747-91419), WR Michael Wilson (134747-89612), WR Luther Burden III (134747-166092), TE T.J. Hockenson (134747-71706), RB Aaron Jones Sr. (134747-40442), D Chicago Bears (134747-12527)"
1995,3738859643,closewallet39455 (138/150),172.9,"QB Dak Prescott (134747-31716), RB Aaron Jones Sr. (134747-40442), RB Kenneth Walker III (134747-103342), WR CeeDee Lamb (134747-86631), WR Ryan Flournoy (134747-201233), WR Nico Collins (134747-91419), TE Mark Andrews (134747-52436), RB Ashton Jeanty (134747-167031), D Miami Dolphins (134747-12539)"
1995,3738088490,jel1041 (56/150),172.9,"QB Dak Prescott (134747-31716), RB Kenneth Walker III (134747-103342), RB Braelon Allen (134747-158412), WR Zay Flowers (134747-112295), WR Jordan Addison (134747-129210), WR CeeDee Lamb (134747-86631), TE T.J. Hockenson (134747-71706), TE Brock Bowers (134747-151794), D Los Angeles Chargers (134747-12548)"
1995,3739513553,lordbreesus9 (1/1),172.9,"QB Dak Prescott (134747-31716), RB Emanuel Wilson (134747-185861), RB Kenneth Walker III (134747-103342), WR CeeDee Lamb (134747-86631), WR Nico Collins (134747-91419), WR Matthew Golden (134747-166916), TE Travis Kelce (134747-33076), WR Jordan Addison (134747-129210), D Chicago Bears (134747-12527)"
1995,3739332186,capesius15 (87/150),172.9,"QB Dak Prescott (134747-31716), RB Emanuel Wilson (134747-185861), RB Braelon Allen (134747-158412), WR Nico Collins (134747-91419), WR Tee Higgins (134747-89981), WR CeeDee Lamb (134747-86631), TE Colston Loveland (134747-166588), RB Ashton Jeanty (134747-167031), D Buffalo Bills (134747-12526)"
1995,3739509006,mike419v (53/150),172.9,"QB Dak Prescott (134747-31716), RB Kenneth Walker III (134747-103342), RB Braelon Allen (134747-158412), WR CeeDee Lamb (134747-86631), WR George Pickens (134747-110246), WR Deebo Samuel Sr. (134747-56018), TE T.J. Hockenson (134747-71706), RB Emanuel Wilson (134747-185861), D Cincinnati Bengals (134747-12528)"
2000,3739024595,duces22wild (2/4),172.88,"QB C.J. Stroud (134747-129471), RB Jeremiyah Love (134747-188171), RB Emanuel Wilson (134747-185861), WR Nico Collins (134747-91419), WR CeeDee Lamb (134747-86631), WR Parker Washington (134747-137516), TE George Kittle (134747-39793), RB Kyren Williams (134747-104433), D Las Vegas Raiders (134747-12537)"
